symptoms,disease
weakness fatigue dizziness vomiting weight gain chills itching of skin feeling ill coryza low back weakness emotional symptoms,Anemia of chronic disease
weakness fatigue weight gain chills itching of skin feeling ill coryza low back weakness emotional symptoms,Anemia of chronic disease
weakness fatigue dizziness vomiting weight gain chills itching of skin feeling ill coryza,Anemia of chronic disease
weakness fatigue dizziness vomiting weight gain itching of skin feeling ill coryza low back weakness emotional symptoms,Anemia of chronic disease
weakness fatigue weight gain chills itching of skin coryza low back weakness emotional symptoms,Anemia of chronic disease
weakness fatigue dizziness vomiting weight gain itching of skin feeling ill coryza,Anemia of chronic disease
depression depressive or psychotic symptoms insomnia excessive anger low self esteem disturbance of memory temper problems fears and phobias slurring words loss of sex drive antisocial behavior,Dysthymic disorder
depression depressive or psychotic symptoms low self esteem disturbance of memory temper problems fears and phobias slurring words loss of sex drive antisocial behavior,Dysthymic disorder
depression depressive or psychotic symptoms insomnia excessive anger low self esteem disturbance of memory temper problems fears and phobias slurring words,Dysthymic disorder
depression depressive or psychotic symptoms insomnia excessive anger low self esteem temper problems fears and phobias slurring words loss of sex drive antisocial behavior,Dysthymic disorder
depression depressive or psychotic symptoms low self esteem disturbance of memory temper problems slurring words loss of sex drive antisocial behavior,Dysthymic disorder
depression depressive or psychotic symptoms insomnia excessive anger low self esteem temper problems fears and phobias slurring words,Dysthymic disorder
skin rash sore throat cough coryza skin swelling groin pain penis pain throat swelling difficulty in swallowing sinus congestion mouth pain,Scarlet fever
skin rash sore throat skin swelling groin pain penis pain throat swelling difficulty in swallowing sinus congestion mouth pain,Scarlet fever
skin rash sore throat cough coryza skin swelling groin pain penis pain throat swelling difficulty in swallowing,Scarlet fever
skin rash sore throat cough coryza skin swelling penis pain throat swelling difficulty in swallowing sinus congestion mouth pain,Scarlet fever
skin rash sore throat skin swelling groin pain penis pain difficulty in swallowing sinus congestion mouth pain,Scarlet fever
skin rash sore throat cough coryza skin swelling penis pain throat swelling difficulty in swallowing,Scarlet fever
palpitations sharp chest pain difficulty breathing weakness fatigue chest tightness insomnia heartburn leg swelling fluid retention recent pregnancy,Hypertensive heart disease
palpitations sharp chest pain fatigue chest tightness insomnia heartburn leg swelling fluid retention recent pregnancy,Hypertensive heart disease
palpitations sharp chest pain difficulty breathing weakness fatigue chest tightness insomnia heartburn leg swelling,Hypertensive heart disease
palpitations sharp chest pain difficulty breathing weakness fatigue insomnia heartburn leg swelling fluid retention recent pregnancy,Hypertensive heart disease
palpitations sharp chest pain fatigue chest tightness insomnia leg swelling fluid retention recent pregnancy,Hypertensive heart disease
palpitations sharp chest pain difficulty breathing weakness fatigue insomnia heartburn leg swelling,Hypertensive heart disease
drug abuse anxiety and nervousness depression depressive or psychotic symptoms abnormal involuntary movements delusions or hallucinations slurring words excessive anger hostile behavior,Drug abuse (barbiturates)
drug abuse anxiety and nervousness abnormal involuntary movements delusions or hallucinations slurring words excessive anger hostile behavior,Drug abuse (barbiturates)
drug abuse anxiety and nervousness depression depressive or psychotic symptoms abnormal involuntary movements slurring words excessive anger hostile behavior,Drug abuse (barbiturates)
drug abuse anxiety and nervousness abnormal involuntary movements delusions or hallucinations slurring words hostile behavior,Drug abuse (barbiturates)
infertility weight gain pelvic pain absence of menstruation heavy menstrual flow intermenstrual bleeding long menstrual periods painful menstruation cramps and spasms hot flashes acne or pimples,Polycystic ovarian syndrome (PCOS)
infertility weight gain heavy menstrual flow intermenstrual bleeding long menstrual periods painful menstruation cramps and spasms hot flashes acne or pimples,Polycystic ovarian syndrome (PCOS)
infertility weight gain pelvic pain absence of menstruation heavy menstrual flow intermenstrual bleeding long menstrual periods painful menstruation cramps and spasms,Polycystic ovarian syndrome (PCOS)
infertility weight gain pelvic pain absence of menstruation heavy menstrual flow long menstrual periods painful menstruation cramps and spasms hot flashes acne or pimples,Polycystic ovarian syndrome (PCOS)
infertility weight gain heavy menstrual flow intermenstrual bleeding long menstrual periods cramps and spasms hot flashes acne or pimples,Polycystic ovarian syndrome (PCOS)
infertility weight gain pelvic pain absence of menstruation heavy menstrual flow long menstrual periods painful menstruation cramps and spasms,Polycystic ovarian syndrome (PCOS)
headache seizures dizziness leg pain fatigue disturbance of memory problems with movement paresthesia insomnia joint pain leg weakness,Encephalitis
headache seizures fatigue disturbance of memory problems with movement paresthesia insomnia joint pain leg weakness,Encephalitis
headache seizures dizziness leg pain fatigue disturbance of memory problems with movement paresthesia insomnia,Encephalitis
headache seizures dizziness leg pain fatigue problems with movement paresthesia insomnia joint pain leg weakness,Encephalitis
headache seizures fatigue disturbance of memory problems with movement insomnia joint pain leg weakness,Encephalitis
headache seizures dizziness leg pain fatigue problems with movement paresthesia insomnia,Encephalitis
mass on eyelid eyelid lesion or rash pain in eye symptoms of eye diminished vision wrinkles on skin itchiness of eye abnormal movement of eyelid skin rash muscle swelling elbow cramps or spasms,Cyst of the eyelid
mass on eyelid eyelid lesion or rash diminished vision wrinkles on skin itchiness of eye abnormal movement of eyelid skin rash muscle swelling elbow cramps or spasms,Cyst of the eyelid
mass on eyelid eyelid lesion or rash pain in eye symptoms of eye diminished vision wrinkles on skin itchiness of eye abnormal movement of eyelid skin rash,Cyst of the eyelid
mass on eyelid eyelid lesion or rash pain in eye symptoms of eye diminished vision itchiness of eye abnormal movement of eyelid skin rash muscle swelling elbow cramps or spasms,Cyst of the eyelid
mass on eyelid eyelid lesion or rash diminished vision wrinkles on skin itchiness of eye skin rash muscle swelling elbow cramps or spasms,Cyst of the eyelid
mass on eyelid eyelid lesion or rash pain in eye symptoms of eye diminished vision itchiness of eye abnormal movement of eyelid skin rash,Cyst of the eyelid
penis redness diaper rash skin rash abnormal appearing skin fever painful urination cough suprapubic pain penile discharge skin lesion itching of skin,Balanitis
penis redness diaper rash fever painful urination cough suprapubic pain penile discharge skin lesion itching of skin,Balanitis
penis redness diaper rash skin rash abnormal appearing skin fever painful urination cough suprapubic pain penile discharge,Balanitis
penis redness diaper rash skin rash abnormal appearing skin fever cough suprapubic pain penile discharge skin lesion itching of skin,Balanitis
penis redness diaper rash fever painful urination cough penile discharge skin lesion itching of skin,Balanitis
penis redness diaper rash skin rash abnormal appearing skin fever cough suprapubic pain penile discharge,Balanitis
difficulty in swallowing sore throat cough shortness of breath difficulty breathing infant spitting up paresthesia coughing up sputum throat swelling infant feeding problem lymphedema,Foreign body in the throat
difficulty in swallowing sore throat difficulty breathing infant spitting up paresthesia coughing up sputum throat swelling infant feeding problem lymphedema,Foreign body in the throat
difficulty in swallowing sore throat cough shortness of breath difficulty breathing infant spitting up paresthesia coughing up sputum throat swelling,Foreign body in the throat
difficulty in swallowing sore throat cough shortness of breath difficulty breathing paresthesia coughing up sputum throat swelling infant feeding problem lymphedema,Foreign body in the throat
difficulty in swallowing sore throat difficulty breathing infant spitting up paresthesia throat swelling infant feeding problem lymphedema,Foreign body in the throat
difficulty in swallowing sore throat cough shortness of breath difficulty breathing paresthesia coughing up sputum throat swelling,Foreign body in the throat
drug abuse depressive or psychotic symptoms depression sharp chest pain delusions or hallucinations hostile behavior excessive anger fears and phobias nightmares hysterical behavior,Drug abuse (cocaine)
drug abuse depressive or psychotic symptoms delusions or hallucinations hostile behavior excessive anger fears and phobias nightmares hysterical behavior,Drug abuse (cocaine)
drug abuse depressive or psychotic symptoms depression sharp chest pain delusions or hallucinations hostile behavior excessive anger fears and phobias nightmares,Drug abuse (cocaine)
drug abuse depressive or psychotic symptoms depression sharp chest pain delusions or hallucinations excessive anger fears and phobias nightmares hysterical behavior,Drug abuse (cocaine)
drug abuse depressive or psychotic symptoms delusions or hallucinations hostile behavior excessive anger nightmares hysterical behavior,Drug abuse (cocaine)
drug abuse depressive or psychotic symptoms depression sharp chest pain delusions or hallucinations excessive anger fears and phobias nightmares,Drug abuse (cocaine)
diminished vision headache spots or clouds in vision pain in eye fatigue symptoms of eye retention of urine eyelid swelling,Optic neuritis
diminished vision headache fatigue symptoms of eye retention of urine eyelid swelling,Optic neuritis
diminished vision headache spots or clouds in vision pain in eye fatigue retention of urine eyelid swelling,Optic neuritis
diminished vision headache fatigue symptoms of eye retention of urine,Optic neuritis
abusing alcohol abnormal involuntary movements nausea depressive or psychotic symptoms vomiting dizziness weakness sharp chest pain antisocial behavior delusions or hallucinations fainting,Alcohol withdrawal
abusing alcohol abnormal involuntary movements vomiting dizziness weakness sharp chest pain antisocial behavior delusions or hallucinations fainting,Alcohol withdrawal
abusing alcohol abnormal involuntary movements nausea depressive or psychotic symptoms vomiting dizziness weakness sharp chest pain antisocial behavior,Alcohol withdrawal
abusing alcohol abnormal involuntary movements nausea depressive or psychotic symptoms vomiting weakness sharp chest pain antisocial behavior delusions or hallucinations fainting,Alcohol withdrawal
abusing alcohol abnormal involuntary movements vomiting dizziness weakness antisocial behavior delusions or hallucinations fainting,Alcohol withdrawal
abusing alcohol abnormal involuntary movements nausea depressive or psychotic symptoms vomiting weakness sharp chest pain antisocial behavior,Alcohol withdrawal
palpitations sharp chest pain shortness of breath chest tightness dizziness fatigue frequent urination fainting increased heart rate muscle swelling pus in urine,Premature atrial contractions (PACs)
palpitations sharp chest pain dizziness fatigue frequent urination fainting increased heart rate muscle swelling pus in urine,Premature atrial contractions (PACs)
palpitations sharp chest pain shortness of breath chest tightness dizziness fatigue frequent urination fainting increased heart rate,Premature atrial contractions (PACs)
palpitations sharp chest pain shortness of breath chest tightness dizziness frequent urination fainting increased heart rate muscle swelling pus in urine,Premature atrial contractions (PACs)
palpitations sharp chest pain dizziness fatigue frequent urination increased heart rate muscle swelling pus in urine,Premature atrial contractions (PACs)
palpitations sharp chest pain shortness of breath chest tightness dizziness frequent urination fainting increased heart rate,Premature atrial contractions (PACs)
seizures weakness focal weakness loss of sensation problems with movement abnormal involuntary movements slurring words cramps and spasms difficulty speaking arm weakness arm stiffness or tightness,Hemiplegia
seizures weakness problems with movement abnormal involuntary movements slurring words cramps and spasms difficulty speaking arm weakness arm stiffness or tightness,Hemiplegia
seizures weakness focal weakness loss of sensation problems with movement abnormal involuntary movements slurring words cramps and spasms difficulty speaking,Hemiplegia
seizures weakness focal weakness loss of sensation problems with movement slurring words cramps and spasms difficulty speaking arm weakness arm stiffness or tightness,Hemiplegia
seizures weakness problems with movement abnormal involuntary movements slurring words difficulty speaking arm weakness arm stiffness or tightness,Hemiplegia
seizures weakness focal weakness loss of sensation problems with movement slurring words cramps and spasms difficulty speaking,Hemiplegia
foot or toe pain skin lesion foot or toe swelling irregular appearing nails problems with movement skin growth,Hammer toe
foot or toe pain skin lesion problems with movement skin growth,Hammer toe
foot or toe pain skin lesion foot or toe swelling irregular appearing nails problems with movement,Hammer toe
facial pain fluid retention jaw swelling,Open wound of the cheek
facial pain fluid retention,Open wound of the cheek
knee pain ankle pain ankle swelling elbow pain wrist pain elbow swelling leg swelling foot or toe swelling knee stiffness or tightness wrist swelling problems with movement,Joint effusion
knee pain ankle pain wrist pain elbow swelling leg swelling foot or toe swelling knee stiffness or tightness wrist swelling problems with movement,Joint effusion
knee pain ankle pain ankle swelling elbow pain wrist pain elbow swelling leg swelling foot or toe swelling knee stiffness or tightness,Joint effusion
knee pain ankle pain ankle swelling elbow pain wrist pain leg swelling foot or toe swelling knee stiffness or tightness wrist swelling problems with movement,Joint effusion
knee pain ankle pain wrist pain elbow swelling leg swelling knee stiffness or tightness wrist swelling problems with movement,Joint effusion
knee pain ankle pain ankle swelling elbow pain wrist pain leg swelling foot or toe swelling knee stiffness or tightness,Joint effusion
leg pain skin on leg or foot looks infected,Open wound of the knee
headache weakness seizures difficulty speaking depressive or psychotic symptoms facial pain diminished hearing diminished vision focal weakness dizziness nausea,Meningioma
headache weakness depressive or psychotic symptoms facial pain diminished hearing diminished vision focal weakness dizziness nausea,Meningioma
headache weakness seizures difficulty speaking depressive or psychotic symptoms facial pain diminished hearing diminished vision focal weakness,Meningioma
headache weakness seizures difficulty speaking depressive or psychotic symptoms diminished hearing diminished vision focal weakness dizziness nausea,Meningioma
headache weakness depressive or psychotic symptoms facial pain diminished hearing focal weakness dizziness nausea,Meningioma
headache weakness seizures difficulty speaking depressive or psychotic symptoms diminished hearing diminished vision focal weakness,Meningioma
headache weakness focal weakness decreased appetite disturbance of memory slurring words difficulty speaking arm weakness blindness stomach bloating leg weakness,Brain cancer
headache weakness disturbance of memory slurring words difficulty speaking arm weakness blindness stomach bloating leg weakness,Brain cancer
headache weakness focal weakness decreased appetite disturbance of memory slurring words difficulty speaking arm weakness blindness,Brain cancer
headache weakness focal weakness decreased appetite disturbance of memory difficulty speaking arm weakness blindness stomach bloating leg weakness,Brain cancer
headache weakness disturbance of memory slurring words difficulty speaking blindness stomach bloating leg weakness,Brain cancer
headache weakness focal weakness decreased appetite disturbance of memory difficulty speaking arm weakness blindness,Brain cancer
spotting or bleeding during pregnancy nausea lower abdominal pain cramps and spasms problems during pregnancy cross eyed itchy eyelid excessive growth emotional symptoms elbow cramps or spasms wrist weakness,Placental abruption
spotting or bleeding during pregnancy nausea problems during pregnancy cross eyed itchy eyelid excessive growth emotional symptoms elbow cramps or spasms wrist weakness,Placental abruption
spotting or bleeding during pregnancy nausea lower abdominal pain cramps and spasms problems during pregnancy cross eyed itchy eyelid excessive growth emotional symptoms,Placental abruption
spotting or bleeding during pregnancy nausea lower abdominal pain cramps and spasms problems during pregnancy itchy eyelid excessive growth emotional symptoms elbow cramps or spasms wrist weakness,Placental abruption
spotting or bleeding during pregnancy nausea problems during pregnancy cross eyed itchy eyelid emotional symptoms elbow cramps or spasms wrist weakness,Placental abruption
spotting or bleeding during pregnancy nausea lower abdominal pain cramps and spasms problems during pregnancy itchy eyelid excessive growth emotional symptoms,Placental abruption
nasal congestion allergic reaction sore throat headache ear pain sneezing coryza itchiness of eye frontal headache lacrimation painful sinuses,Seasonal allergies (hay fever)
nasal congestion allergic reaction ear pain sneezing coryza itchiness of eye frontal headache lacrimation painful sinuses,Seasonal allergies (hay fever)
nasal congestion allergic reaction sore throat headache ear pain sneezing coryza itchiness of eye frontal headache,Seasonal allergies (hay fever)
nasal congestion allergic reaction sore throat headache ear pain coryza itchiness of eye frontal headache lacrimation painful sinuses,Seasonal allergies (hay fever)
nasal congestion allergic reaction ear pain sneezing coryza frontal headache lacrimation painful sinuses,Seasonal allergies (hay fever)
nasal congestion allergic reaction sore throat headache ear pain coryza itchiness of eye frontal headache,Seasonal allergies (hay fever)
shortness of breath fatigue decreased appetite hemoptysis drainage in throat leg weakness smoking problems,Lung cancer
shortness of breath fatigue drainage in throat leg weakness smoking problems,Lung cancer
shortness of breath fatigue decreased appetite hemoptysis drainage in throat smoking problems,Lung cancer
eye deviation double vision cross eyed symptoms of eye pain in eye eye moves abnormally abnormal movement of eyelid foreign body sensation in eye lack of growth irregular appearing scalp swollen lymph nodes,Eye alignment disorder
eye deviation double vision pain in eye eye moves abnormally abnormal movement of eyelid foreign body sensation in eye lack of growth irregular appearing scalp swollen lymph nodes,Eye alignment disorder
eye deviation double vision cross eyed symptoms of eye pain in eye eye moves abnormally abnormal movement of eyelid foreign body sensation in eye lack of growth,Eye alignment disorder
eye deviation double vision cross eyed symptoms of eye pain in eye abnormal movement of eyelid foreign body sensation in eye lack of growth irregular appearing scalp swollen lymph nodes,Eye alignment disorder
eye deviation double vision pain in eye eye moves abnormally abnormal movement of eyelid lack of growth irregular appearing scalp swollen lymph nodes,Eye alignment disorder
eye deviation double vision cross eyed symptoms of eye pain in eye abnormal movement of eyelid foreign body sensation in eye lack of growth,Eye alignment disorder
headache back pain vomiting dizziness neck pain low back pain pain of the anus pain during pregnancy painful urination pelvic pain impotence,Headache after lumbar puncture
headache back pain neck pain low back pain pain of the anus pain during pregnancy painful urination pelvic pain impotence,Headache after lumbar puncture
headache back pain vomiting dizziness neck pain low back pain pain of the anus pain during pregnancy painful urination,Headache after lumbar puncture
headache back pain vomiting dizziness neck pain pain of the anus pain during pregnancy painful urination pelvic pain impotence,Headache after lumbar puncture
headache back pain neck pain low back pain pain of the anus painful urination pelvic pain impotence,Headache after lumbar puncture
headache back pain vomiting dizziness neck pain pain of the anus pain during pregnancy painful urination,Headache after lumbar puncture
vomiting infant spitting up vomiting blood cough arm stiffness or tightness regurgitation burning abdominal pain restlessness pain during pregnancy symptoms of infants wheezing,Pyloric stenosis
vomiting infant spitting up arm stiffness or tightness regurgitation burning abdominal pain restlessness pain during pregnancy symptoms of infants wheezing,Pyloric stenosis
vomiting infant spitting up vomiting blood cough arm stiffness or tightness regurgitation burning abdominal pain restlessness pain during pregnancy,Pyloric stenosis
vomiting infant spitting up vomiting blood cough arm stiffness or tightness burning abdominal pain restlessness pain during pregnancy symptoms of infants wheezing,Pyloric stenosis
vomiting infant spitting up arm stiffness or tightness regurgitation burning abdominal pain pain during pregnancy symptoms of infants wheezing,Pyloric stenosis
vomiting infant spitting up vomiting blood cough arm stiffness or tightness burning abdominal pain restlessness pain during pregnancy,Pyloric stenosis
sore throat neck mass ear pain swollen lymph nodes throat feels tight facial pain skin swelling jaw swelling cough mouth dryness neck swelling,Salivary gland disorder
sore throat neck mass throat feels tight facial pain skin swelling jaw swelling cough mouth dryness neck swelling,Salivary gland disorder
sore throat neck mass ear pain swollen lymph nodes throat feels tight facial pain skin swelling jaw swelling cough,Salivary gland disorder
sore throat neck mass ear pain swollen lymph nodes throat feels tight skin swelling jaw swelling cough mouth dryness neck swelling,Salivary gland disorder
sore throat neck mass throat feels tight facial pain skin swelling cough mouth dryness neck swelling,Salivary gland disorder
sore throat neck mass ear pain swollen lymph nodes throat feels tight skin swelling jaw swelling cough,Salivary gland disorder
knee pain bowlegged or knock kneed ankle pain bones are painful knee weakness hand or finger pain elbow pain knee swelling skin moles knee lump or mass weight gain,Osteochondrosis
knee pain bowlegged or knock kneed knee weakness hand or finger pain elbow pain knee swelling skin moles knee lump or mass weight gain,Osteochondrosis
knee pain bowlegged or knock kneed ankle pain bones are painful knee weakness hand or finger pain elbow pain knee swelling skin moles,Osteochondrosis
knee pain bowlegged or knock kneed ankle pain bones are painful knee weakness elbow pain knee swelling skin moles knee lump or mass weight gain,Osteochondrosis
knee pain bowlegged or knock kneed knee weakness hand or finger pain elbow pain skin moles knee lump or mass weight gain,Osteochondrosis
knee pain bowlegged or knock kneed ankle pain bones are painful knee weakness elbow pain knee swelling skin moles,Osteochondrosis
knee pain leg pain problems with movement knee stiffness or tightness leg swelling knee weakness foot or toe swelling heartburn smoking problems,Injury to the knee
knee pain leg pain leg swelling knee weakness foot or toe swelling heartburn smoking problems,Injury to the knee
knee pain leg pain problems with movement knee stiffness or tightness leg swelling foot or toe swelling heartburn smoking problems,Injury to the knee
knee pain leg pain leg swelling knee weakness foot or toe swelling smoking problems,Injury to the knee
weight gain mouth dryness muscle pain smoking problems infant feeding problem recent weight loss problems with shape or size of breast arm stiffness or tightness underweight difficulty eating scanty menstrual flow,Metabolic disorder
weight gain mouth dryness infant feeding problem recent weight loss problems with shape or size of breast arm stiffness or tightness underweight difficulty eating scanty menstrual flow,Metabolic disorder
weight gain mouth dryness muscle pain smoking problems infant feeding problem recent weight loss problems with shape or size of breast arm stiffness or tightness underweight,Metabolic disorder
weight gain mouth dryness muscle pain smoking problems infant feeding problem problems with shape or size of breast arm stiffness or tightness underweight difficulty eating scanty menstrual flow,Metabolic disorder
weight gain mouth dryness infant feeding problem recent weight loss problems with shape or size of breast underweight difficulty eating scanty menstrual flow,Metabolic disorder
weight gain mouth dryness muscle pain smoking problems infant feeding problem problems with shape or size of breast arm stiffness or tightness underweight,Metabolic disorder
vaginal discharge sharp abdominal pain painful urination vaginal pain lower abdominal pain pelvic pain vaginal redness suprapubic pain pain during pregnancy vulvar irritation pain during intercourse,Vaginitis
vaginal discharge sharp abdominal pain lower abdominal pain pelvic pain vaginal redness suprapubic pain pain during pregnancy vulvar irritation pain during intercourse,Vaginitis
vaginal discharge sharp abdominal pain painful urination vaginal pain lower abdominal pain pelvic pain vaginal redness suprapubic pain pain during pregnancy,Vaginitis
vaginal discharge sharp abdominal pain painful urination vaginal pain lower abdominal pain vaginal redness suprapubic pain pain during pregnancy vulvar irritation pain during intercourse,Vaginitis
vaginal discharge sharp abdominal pain lower abdominal pain pelvic pain vaginal redness pain during pregnancy vulvar irritation pain during intercourse,Vaginitis
vaginal discharge sharp abdominal pain painful urination vaginal pain lower abdominal pain vaginal redness suprapubic pain pain during pregnancy,Vaginitis
dizziness shortness of breath palpitations fainting weakness irregular heartbeat decreased heart rate increased heart rate bleeding or discharge from nipple,Sick sinus syndrome
dizziness shortness of breath weakness irregular heartbeat decreased heart rate increased heart rate bleeding or discharge from nipple,Sick sinus syndrome
dizziness shortness of breath palpitations fainting weakness decreased heart rate increased heart rate bleeding or discharge from nipple,Sick sinus syndrome
dizziness shortness of breath weakness irregular heartbeat decreased heart rate bleeding or discharge from nipple,Sick sinus syndrome
ringing in ear dizziness ear pain headache plugged feeling in ear itchy ear s frontal headache symptoms of eye hoarse voice fluid in ear neck stiffness or tightness,Tinnitus of unknown cause
ringing in ear dizziness plugged feeling in ear itchy ear s frontal headache symptoms of eye hoarse voice fluid in ear neck stiffness or tightness,Tinnitus of unknown cause
ringing in ear dizziness ear pain headache plugged feeling in ear itchy ear s frontal headache symptoms of eye hoarse voice,Tinnitus of unknown cause
ringing in ear dizziness ear pain headache plugged feeling in ear frontal headache symptoms of eye hoarse voice fluid in ear neck stiffness or tightness,Tinnitus of unknown cause
ringing in ear dizziness plugged feeling in ear itchy ear s frontal headache hoarse voice fluid in ear neck stiffness or tightness,Tinnitus of unknown cause
ringing in ear dizziness ear pain headache plugged feeling in ear frontal headache symptoms of eye hoarse voice,Tinnitus of unknown cause
diminished vision symptoms of eye spots or clouds in vision eye redness lacrimation itchiness of eye blindness eye burns or stings foreign body sensation in eye itchy eyelid feeling cold,Glaucoma
diminished vision symptoms of eye lacrimation itchiness of eye blindness eye burns or stings foreign body sensation in eye itchy eyelid feeling cold,Glaucoma
diminished vision symptoms of eye spots or clouds in vision eye redness lacrimation itchiness of eye blindness eye burns or stings foreign body sensation in eye,Glaucoma
diminished vision symptoms of eye spots or clouds in vision eye redness lacrimation blindness eye burns or stings foreign body sensation in eye itchy eyelid feeling cold,Glaucoma
diminished vision symptoms of eye lacrimation itchiness of eye blindness foreign body sensation in eye itchy eyelid feeling cold,Glaucoma
diminished vision symptoms of eye spots or clouds in vision eye redness lacrimation blindness eye burns or stings foreign body sensation in eye,Glaucoma
depression depressive or psychotic symptoms decreased appetite abusing alcohol excessive appetite difficulty eating weight gain excessive anger insomnia vomiting blood acne or pimples,Eating disorder
depression depressive or psychotic symptoms excessive appetite difficulty eating weight gain excessive anger insomnia vomiting blood acne or pimples,Eating disorder
depression depressive or psychotic symptoms decreased appetite abusing alcohol excessive appetite difficulty eating weight gain excessive anger insomnia,Eating disorder
depression depressive or psychotic symptoms decreased appetite abusing alcohol excessive appetite weight gain excessive anger insomnia vomiting blood acne or pimples,Eating disorder
depression depressive or psychotic symptoms excessive appetite difficulty eating weight gain insomnia vomiting blood acne or pimples,Eating disorder
depression depressive or psychotic symptoms decreased appetite abusing alcohol excessive appetite weight gain excessive anger insomnia,Eating disorder
loss of sensation headache weakness focal weakness slurring words difficulty speaking symptoms of the face depressive or psychotic symptoms diminished vision disturbance of memory paresthesia,Transient ischemic attack
loss of sensation headache slurring words difficulty speaking symptoms of the face depressive or psychotic symptoms diminished vision disturbance of memory paresthesia,Transient ischemic attack
loss of sensation headache weakness focal weakness slurring words difficulty speaking symptoms of the face depressive or psychotic symptoms diminished vision,Transient ischemic attack
loss of sensation headache weakness focal weakness slurring words symptoms of the face depressive or psychotic symptoms diminished vision disturbance of memory paresthesia,Transient ischemic attack
loss of sensation headache slurring words difficulty speaking symptoms of the face diminished vision disturbance of memory paresthesia,Transient ischemic attack
loss of sensation headache weakness focal weakness slurring words symptoms of the face depressive or psychotic symptoms diminished vision,Transient ischemic attack
side pain sharp abdominal pain back pain vomiting nausea painful urination low back pain lower abdominal pain blood in urine suprapubic pain frequent urination,Pyelonephritis
side pain sharp abdominal pain nausea painful urination low back pain lower abdominal pain blood in urine suprapubic pain frequent urination,Pyelonephritis
side pain sharp abdominal pain back pain vomiting nausea painful urination low back pain lower abdominal pain blood in urine,Pyelonephritis
side pain sharp abdominal pain back pain vomiting nausea low back pain lower abdominal pain blood in urine suprapubic pain frequent urination,Pyelonephritis
side pain sharp abdominal pain nausea painful urination low back pain blood in urine suprapubic pain frequent urination,Pyelonephritis
side pain sharp abdominal pain back pain vomiting nausea low back pain lower abdominal pain blood in urine,Pyelonephritis
shoulder pain shoulder stiffness or tightness shoulder weakness arm cramps or spasms arm stiffness or tightness neck stiffness or tightness hand or finger stiffness or tightness shoulder swelling tongue lesions leg cramps or spasms abnormal appearing tongue,Rotator cuff injury
shoulder pain shoulder stiffness or tightness arm stiffness or tightness neck stiffness or tightness hand or finger stiffness or tightness shoulder swelling tongue lesions leg cramps or spasms abnormal appearing tongue,Rotator cuff injury
shoulder pain shoulder stiffness or tightness shoulder weakness arm cramps or spasms arm stiffness or tightness neck stiffness or tightness hand or finger stiffness or tightness shoulder swelling tongue lesions,Rotator cuff injury
shoulder pain shoulder stiffness or tightness shoulder weakness arm cramps or spasms arm stiffness or tightness hand or finger stiffness or tightness shoulder swelling tongue lesions leg cramps or spasms abnormal appearing tongue,Rotator cuff injury
shoulder pain shoulder stiffness or tightness arm stiffness or tightness neck stiffness or tightness hand or finger stiffness or tightness tongue lesions leg cramps or spasms abnormal appearing tongue,Rotator cuff injury
shoulder pain shoulder stiffness or tightness shoulder weakness arm cramps or spasms arm stiffness or tightness hand or finger stiffness or tightness shoulder swelling tongue lesions,Rotator cuff injury
back pain ache all over leg pain neck pain headache sharp abdominal pain shoulder pain knee pain hip pain pelvic pain lower body pain,Chronic pain disorder
back pain ache all over headache sharp abdominal pain shoulder pain knee pain hip pain pelvic pain lower body pain,Chronic pain disorder
back pain ache all over leg pain neck pain headache sharp abdominal pain shoulder pain knee pain hip pain,Chronic pain disorder
back pain ache all over leg pain neck pain headache shoulder pain knee pain hip pain pelvic pain lower body pain,Chronic pain disorder
back pain ache all over headache sharp abdominal pain shoulder pain hip pain pelvic pain lower body pain,Chronic pain disorder
back pain ache all over leg pain neck pain headache shoulder pain knee pain hip pain,Chronic pain disorder
sharp abdominal pain problems during pregnancy lower abdominal pain spotting or bleeding during pregnancy nausea headache back pain vomiting burning abdominal pain pelvic pain cramps and spasms,Problem during pregnancy
sharp abdominal pain problems during pregnancy nausea headache back pain vomiting burning abdominal pain pelvic pain cramps and spasms,Problem during pregnancy
sharp abdominal pain problems during pregnancy lower abdominal pain spotting or bleeding during pregnancy nausea headache back pain vomiting burning abdominal pain,Problem during pregnancy
sharp abdominal pain problems during pregnancy lower abdominal pain spotting or bleeding during pregnancy nausea back pain vomiting burning abdominal pain pelvic pain cramps and spasms,Problem during pregnancy
sharp abdominal pain problems during pregnancy nausea headache back pain burning abdominal pain pelvic pain cramps and spasms,Problem during pregnancy
sharp abdominal pain problems during pregnancy lower abdominal pain spotting or bleeding during pregnancy nausea back pain vomiting burning abdominal pain,Problem during pregnancy
sharp abdominal pain stomach bloating changes in stool appearance decreased appetite unusual color or odor to urine increased heart rate kidney mass swollen abdomen symptoms of prostate leg stiffness or tightness groin mass,Liver cancer
sharp abdominal pain stomach bloating unusual color or odor to urine increased heart rate kidney mass swollen abdomen symptoms of prostate leg stiffness or tightness groin mass,Liver cancer
sharp abdominal pain stomach bloating changes in stool appearance decreased appetite unusual color or odor to urine increased heart rate kidney mass swollen abdomen symptoms of prostate,Liver cancer
sharp abdominal pain stomach bloating changes in stool appearance decreased appetite unusual color or odor to urine kidney mass swollen abdomen symptoms of prostate leg stiffness or tightness groin mass,Liver cancer
sharp abdominal pain stomach bloating unusual color or odor to urine increased heart rate kidney mass symptoms of prostate leg stiffness or tightness groin mass,Liver cancer
sharp abdominal pain stomach bloating changes in stool appearance decreased appetite unusual color or odor to urine kidney mass swollen abdomen symptoms of prostate,Liver cancer
cough sharp chest pain fever nasal congestion dizziness sore throat sharp abdominal pain difficulty breathing rib pain ache all over headache,Atelectasis
cough sharp chest pain dizziness sore throat sharp abdominal pain difficulty breathing rib pain ache all over headache,Atelectasis
cough sharp chest pain fever nasal congestion dizziness sore throat sharp abdominal pain difficulty breathing rib pain,Atelectasis
cough sharp chest pain fever nasal congestion dizziness sharp abdominal pain difficulty breathing rib pain ache all over headache,Atelectasis
cough sharp chest pain dizziness sore throat sharp abdominal pain rib pain ache all over headache,Atelectasis
cough sharp chest pain fever nasal congestion dizziness sharp abdominal pain difficulty breathing rib pain,Atelectasis
hand or finger pain wrist pain hand or finger stiffness or tightness joint pain skin growth muscle stiffness or tightness pallor focal weakness symptoms of the face wrist swelling hand or finger lump or mass,Injury to the hand
hand or finger pain wrist pain skin growth muscle stiffness or tightness pallor focal weakness symptoms of the face wrist swelling hand or finger lump or mass,Injury to the hand
hand or finger pain wrist pain hand or finger stiffness or tightness joint pain skin growth muscle stiffness or tightness pallor focal weakness symptoms of the face,Injury to the hand
hand or finger pain wrist pain hand or finger stiffness or tightness joint pain skin growth pallor focal weakness symptoms of the face wrist swelling hand or finger lump or mass,Injury to the hand
hand or finger pain wrist pain skin growth muscle stiffness or tightness pallor symptoms of the face wrist swelling hand or finger lump or mass,Injury to the hand
hand or finger pain wrist pain hand or finger stiffness or tightness joint pain skin growth pallor focal weakness symptoms of the face,Injury to the hand
sharp abdominal pain vomiting nausea sharp chest pain back pain diarrhea jaundice side pain chills unusual color or odor to urine decreased appetite,Choledocholithiasis
sharp abdominal pain vomiting back pain diarrhea jaundice side pain chills unusual color or odor to urine decreased appetite,Choledocholithiasis
sharp abdominal pain vomiting nausea sharp chest pain back pain diarrhea jaundice side pain chills,Choledocholithiasis
sharp abdominal pain vomiting nausea sharp chest pain back pain jaundice side pain chills unusual color or odor to urine decreased appetite,Choledocholithiasis
sharp abdominal pain vomiting back pain diarrhea jaundice chills unusual color or odor to urine decreased appetite,Choledocholithiasis
sharp abdominal pain vomiting nausea sharp chest pain back pain jaundice side pain chills,Choledocholithiasis
hip pain neck pain groin pain lower body pain hand or finger swelling peripheral edema leg swelling problems with movement,Injury to the hip
hip pain neck pain hand or finger swelling peripheral edema leg swelling problems with movement,Injury to the hip
hip pain neck pain groin pain lower body pain hand or finger swelling leg swelling problems with movement,Injury to the hip
hip pain neck pain hand or finger swelling peripheral edema leg swelling,Injury to the hip
sharp abdominal pain peripheral edema fatigue upper abdominal pain abdominal distention stomach bloating blood in stool regurgitation symptoms of the kidneys vomiting blood melena,Cirrhosis
sharp abdominal pain peripheral edema abdominal distention stomach bloating blood in stool regurgitation symptoms of the kidneys vomiting blood melena,Cirrhosis
sharp abdominal pain peripheral edema fatigue upper abdominal pain abdominal distention stomach bloating blood in stool regurgitation symptoms of the kidneys,Cirrhosis
sharp abdominal pain peripheral edema fatigue upper abdominal pain abdominal distention blood in stool regurgitation symptoms of the kidneys vomiting blood melena,Cirrhosis
sharp abdominal pain peripheral edema abdominal distention stomach bloating blood in stool symptoms of the kidneys vomiting blood melena,Cirrhosis
sharp abdominal pain peripheral edema fatigue upper abdominal pain abdominal distention blood in stool regurgitation symptoms of the kidneys,Cirrhosis
sharp chest pain back pain shortness of breath sharp abdominal pain fatigue chest tightness unusual color or odor to urine flushing leg cramps or spasms coughing up sputum jaundice,Thoracic aortic aneurysm
sharp chest pain back pain fatigue chest tightness unusual color or odor to urine flushing leg cramps or spasms coughing up sputum jaundice,Thoracic aortic aneurysm
sharp chest pain back pain shortness of breath sharp abdominal pain fatigue chest tightness unusual color or odor to urine flushing leg cramps or spasms,Thoracic aortic aneurysm
sharp chest pain back pain shortness of breath sharp abdominal pain fatigue unusual color or odor to urine flushing leg cramps or spasms coughing up sputum jaundice,Thoracic aortic aneurysm
sharp chest pain back pain fatigue chest tightness unusual color or odor to urine leg cramps or spasms coughing up sputum jaundice,Thoracic aortic aneurysm
sharp chest pain back pain shortness of breath sharp abdominal pain fatigue unusual color or odor to urine flushing leg cramps or spasms,Thoracic aortic aneurysm
headache problems with movement depressive or psychotic symptoms seizures vomiting facial pain disturbance of memory irritable infant abnormal movement of eyelid hostile behavior delusions or hallucinations,Subdural hemorrhage
headache problems with movement vomiting facial pain disturbance of memory irritable infant abnormal movement of eyelid hostile behavior delusions or hallucinations,Subdural hemorrhage
headache problems with movement depressive or psychotic symptoms seizures vomiting facial pain disturbance of memory irritable infant abnormal movement of eyelid,Subdural hemorrhage
headache problems with movement depressive or psychotic symptoms seizures vomiting disturbance of memory irritable infant abnormal movement of eyelid hostile behavior delusions or hallucinations,Subdural hemorrhage
headache problems with movement vomiting facial pain disturbance of memory abnormal movement of eyelid hostile behavior delusions or hallucinations,Subdural hemorrhage
headache problems with movement depressive or psychotic symptoms seizures vomiting disturbance of memory irritable infant abnormal movement of eyelid,Subdural hemorrhage
pain in eye facial pain ankle pain wrist pain pain during pregnancy excessive anger joint stiffness or tightness pain or soreness of breast knee lump or mass fatigue excessive urination at night,Congenital rubella
pain in eye facial pain pain during pregnancy excessive anger joint stiffness or tightness pain or soreness of breast knee lump or mass fatigue excessive urination at night,Congenital rubella
pain in eye facial pain ankle pain wrist pain pain during pregnancy excessive anger joint stiffness or tightness pain or soreness of breast knee lump or mass,Congenital rubella
pain in eye facial pain ankle pain wrist pain pain during pregnancy joint stiffness or tightness pain or soreness of breast knee lump or mass fatigue excessive urination at night,Congenital rubella
pain in eye facial pain pain during pregnancy excessive anger joint stiffness or tightness knee lump or mass fatigue excessive urination at night,Congenital rubella
pain in eye facial pain ankle pain wrist pain pain during pregnancy joint stiffness or tightness pain or soreness of breast knee lump or mass,Congenital rubella
diminished vision pain in eye lacrimation symptoms of eye eye redness foreign body sensation in eye itchiness of eye blindness bleeding from eye abnormal movement of eyelid double vision,Diabetic retinopathy
diminished vision pain in eye eye redness foreign body sensation in eye itchiness of eye blindness bleeding from eye abnormal movement of eyelid double vision,Diabetic retinopathy
diminished vision pain in eye lacrimation symptoms of eye eye redness foreign body sensation in eye itchiness of eye blindness bleeding from eye,Diabetic retinopathy
diminished vision pain in eye lacrimation symptoms of eye eye redness itchiness of eye blindness bleeding from eye abnormal movement of eyelid double vision,Diabetic retinopathy
diminished vision pain in eye eye redness foreign body sensation in eye itchiness of eye bleeding from eye abnormal movement of eyelid double vision,Diabetic retinopathy
diminished vision pain in eye lacrimation symptoms of eye eye redness itchiness of eye blindness bleeding from eye,Diabetic retinopathy
back pain neck pain muscle pain leg pain headache shoulder pain low back pain sharp chest pain arm pain hip pain fatigue,Fibromyalgia
back pain neck pain headache shoulder pain low back pain sharp chest pain arm pain hip pain fatigue,Fibromyalgia
back pain neck pain muscle pain leg pain headache shoulder pain low back pain sharp chest pain arm pain,Fibromyalgia
back pain neck pain muscle pain leg pain headache low back pain sharp chest pain arm pain hip pain fatigue,Fibromyalgia
back pain neck pain headache shoulder pain low back pain arm pain hip pain fatigue,Fibromyalgia
back pain neck pain muscle pain leg pain headache low back pain sharp chest pain arm pain,Fibromyalgia
sharp abdominal pain diarrhea nausea rectal bleeding blood in stool lower abdominal pain constipation melena burning abdominal pain chills retention of urine,Ischemia of the bowel
sharp abdominal pain diarrhea blood in stool lower abdominal pain constipation melena burning abdominal pain chills retention of urine,Ischemia of the bowel
sharp abdominal pain diarrhea nausea rectal bleeding blood in stool lower abdominal pain constipation melena burning abdominal pain,Ischemia of the bowel
sharp abdominal pain diarrhea nausea rectal bleeding blood in stool constipation melena burning abdominal pain chills retention of urine,Ischemia of the bowel
sharp abdominal pain diarrhea blood in stool lower abdominal pain constipation burning abdominal pain chills retention of urine,Ischemia of the bowel
sharp abdominal pain diarrhea nausea rectal bleeding blood in stool constipation melena burning abdominal pain,Ischemia of the bowel
excessive anger lack of growth eye redness depressive or psychotic symptoms hostile behavior smoking problems seizures coryza wrist weakness eye strain emotional symptoms,Fetal alcohol syndrome
excessive anger lack of growth hostile behavior smoking problems seizures coryza wrist weakness eye strain emotional symptoms,Fetal alcohol syndrome
excessive anger lack of growth eye redness depressive or psychotic symptoms hostile behavior smoking problems seizures coryza wrist weakness,Fetal alcohol syndrome
excessive anger lack of growth eye redness depressive or psychotic symptoms hostile behavior seizures coryza wrist weakness eye strain emotional symptoms,Fetal alcohol syndrome
excessive anger lack of growth hostile behavior smoking problems seizures wrist weakness eye strain emotional symptoms,Fetal alcohol syndrome
excessive anger lack of growth eye redness depressive or psychotic symptoms hostile behavior seizures coryza wrist weakness,Fetal alcohol syndrome
sharp abdominal pain vomiting back pain fever shortness of breath lower abdominal pain upper abdominal pain side pain groin mass intermenstrual bleeding groin pain,Peritonitis
sharp abdominal pain vomiting shortness of breath lower abdominal pain upper abdominal pain side pain groin mass intermenstrual bleeding groin pain,Peritonitis
sharp abdominal pain vomiting back pain fever shortness of breath lower abdominal pain upper abdominal pain side pain groin mass,Peritonitis
sharp abdominal pain vomiting back pain fever shortness of breath upper abdominal pain side pain groin mass intermenstrual bleeding groin pain,Peritonitis
sharp abdominal pain vomiting shortness of breath lower abdominal pain upper abdominal pain groin mass intermenstrual bleeding groin pain,Peritonitis
sharp abdominal pain vomiting back pain fever shortness of breath upper abdominal pain side pain groin mass,Peritonitis
sharp abdominal pain back pain burning abdominal pain upper abdominal pain lower abdominal pain leg pain neck pain pain during pregnancy side pain problems during pregnancy blood in urine,Injury to the abdomen
sharp abdominal pain back pain lower abdominal pain leg pain neck pain pain during pregnancy side pain problems during pregnancy blood in urine,Injury to the abdomen
sharp abdominal pain back pain burning abdominal pain upper abdominal pain lower abdominal pain leg pain neck pain pain during pregnancy side pain,Injury to the abdomen
sharp abdominal pain back pain burning abdominal pain upper abdominal pain lower abdominal pain neck pain pain during pregnancy side pain problems during pregnancy blood in urine,Injury to the abdomen
sharp abdominal pain back pain lower abdominal pain leg pain neck pain side pain problems during pregnancy blood in urine,Injury to the abdomen
sharp abdominal pain back pain burning abdominal pain upper abdominal pain lower abdominal pain neck pain pain during pregnancy side pain,Injury to the abdomen
sharp abdominal pain nausea upper abdominal pain diarrhea sharp chest pain burning abdominal pain back pain side pain abusing alcohol lower body pain hemoptysis,Acute pancreatitis
sharp abdominal pain nausea sharp chest pain burning abdominal pain back pain side pain abusing alcohol lower body pain hemoptysis,Acute pancreatitis
sharp abdominal pain nausea upper abdominal pain diarrhea sharp chest pain burning abdominal pain back pain side pain abusing alcohol,Acute pancreatitis
sharp abdominal pain nausea upper abdominal pain diarrhea sharp chest pain back pain side pain abusing alcohol lower body pain hemoptysis,Acute pancreatitis
sharp abdominal pain nausea sharp chest pain burning abdominal pain back pain abusing alcohol lower body pain hemoptysis,Acute pancreatitis
sharp abdominal pain nausea upper abdominal pain diarrhea sharp chest pain back pain side pain abusing alcohol,Acute pancreatitis
leg pain arm pain abnormal appearing skin arm swelling foot or toe pain ache all over lymphedema skin on leg or foot looks infected skin swelling leg cramps or spasms hand or finger swelling,Thrombophlebitis
leg pain arm pain foot or toe pain ache all over lymphedema skin on leg or foot looks infected skin swelling leg cramps or spasms hand or finger swelling,Thrombophlebitis
leg pain arm pain abnormal appearing skin arm swelling foot or toe pain ache all over lymphedema skin on leg or foot looks infected skin swelling,Thrombophlebitis
leg pain arm pain abnormal appearing skin arm swelling foot or toe pain lymphedema skin on leg or foot looks infected skin swelling leg cramps or spasms hand or finger swelling,Thrombophlebitis
leg pain arm pain foot or toe pain ache all over lymphedema skin swelling leg cramps or spasms hand or finger swelling,Thrombophlebitis
leg pain arm pain abnormal appearing skin arm swelling foot or toe pain lymphedema skin on leg or foot looks infected skin swelling,Thrombophlebitis
cough wheezing difficulty breathing nasal congestion fever sharp chest pain coryza chest tightness allergic reaction coughing up sputum congestion in chest,Asthma
cough wheezing fever sharp chest pain coryza chest tightness allergic reaction coughing up sputum congestion in chest,Asthma
cough wheezing difficulty breathing nasal congestion fever sharp chest pain coryza chest tightness allergic reaction,Asthma
cough wheezing difficulty breathing nasal congestion fever coryza chest tightness allergic reaction coughing up sputum congestion in chest,Asthma
cough wheezing fever sharp chest pain coryza allergic reaction coughing up sputum congestion in chest,Asthma
cough wheezing difficulty breathing nasal congestion fever coryza chest tightness allergic reaction,Asthma
vaginal discharge painful urination lower abdominal pain skin lesion back weakness pus in sputum emotional symptoms muscle swelling pus in urine abnormal size or shape of ear low back weakness,Foreign body in the vagina
vaginal discharge painful urination back weakness pus in sputum emotional symptoms muscle swelling pus in urine abnormal size or shape of ear low back weakness,Foreign body in the vagina
vaginal discharge painful urination lower abdominal pain skin lesion back weakness pus in sputum emotional symptoms muscle swelling pus in urine,Foreign body in the vagina
vaginal discharge painful urination lower abdominal pain skin lesion back weakness emotional symptoms muscle swelling pus in urine abnormal size or shape of ear low back weakness,Foreign body in the vagina
vaginal discharge painful urination back weakness pus in sputum emotional symptoms pus in urine abnormal size or shape of ear low back weakness,Foreign body in the vagina
vaginal discharge painful urination lower abdominal pain skin lesion back weakness emotional symptoms muscle swelling pus in urine,Foreign body in the vagina
abnormal involuntary movements headache sleepiness apnea fatigue abnormal breathing sounds depression back pain difficulty breathing loss of sensation insomnia,Restless leg syndrome
abnormal involuntary movements headache fatigue abnormal breathing sounds depression back pain difficulty breathing loss of sensation insomnia,Restless leg syndrome
abnormal involuntary movements headache sleepiness apnea fatigue abnormal breathing sounds depression back pain difficulty breathing,Restless leg syndrome
abnormal involuntary movements headache sleepiness apnea fatigue depression back pain difficulty breathing loss of sensation insomnia,Restless leg syndrome
abnormal involuntary movements headache fatigue abnormal breathing sounds depression difficulty breathing loss of sensation insomnia,Restless leg syndrome
abnormal involuntary movements headache sleepiness apnea fatigue depression back pain difficulty breathing,Restless leg syndrome
sharp chest pain chest tightness cough nausea ache all over back pain cross eyed itchy eyelid excessive growth emotional symptoms elbow cramps or spasms,Emphysema
sharp chest pain chest tightness ache all over back pain cross eyed itchy eyelid excessive growth emotional symptoms elbow cramps or spasms,Emphysema
sharp chest pain chest tightness cough nausea ache all over back pain cross eyed itchy eyelid excessive growth,Emphysema
sharp chest pain chest tightness cough nausea ache all over cross eyed itchy eyelid excessive growth emotional symptoms elbow cramps or spasms,Emphysema
sharp chest pain chest tightness ache all over back pain cross eyed excessive growth emotional symptoms elbow cramps or spasms,Emphysema
sharp chest pain chest tightness cough nausea ache all over cross eyed itchy eyelid excessive growth,Emphysema
seizures vomiting shortness of breath abnormal involuntary movements elbow cramps or spasms elbow weakness excessive growth underweight low back weakness wrist weakness feeling hot and cold,Cysticercosis
seizures vomiting elbow cramps or spasms elbow weakness excessive growth underweight low back weakness wrist weakness feeling hot and cold,Cysticercosis
seizures vomiting shortness of breath abnormal involuntary movements elbow cramps or spasms elbow weakness excessive growth underweight low back weakness,Cysticercosis
seizures vomiting shortness of breath abnormal involuntary movements elbow cramps or spasms excessive growth underweight low back weakness wrist weakness feeling hot and cold,Cysticercosis
seizures vomiting elbow cramps or spasms elbow weakness excessive growth low back weakness wrist weakness feeling hot and cold,Cysticercosis
seizures vomiting shortness of breath abnormal involuntary movements elbow cramps or spasms excessive growth underweight low back weakness,Cysticercosis
spotting or bleeding during pregnancy pain during pregnancy cramps and spasms lower abdominal pain pelvic pain problems during pregnancy intermenstrual bleeding vaginal discharge blood clots during menstrual periods groin pain absence of menstruation,Induced abortion
spotting or bleeding during pregnancy pain during pregnancy pelvic pain problems during pregnancy intermenstrual bleeding vaginal discharge blood clots during menstrual periods groin pain absence of menstruation,Induced abortion
spotting or bleeding during pregnancy pain during pregnancy cramps and spasms lower abdominal pain pelvic pain problems during pregnancy intermenstrual bleeding vaginal discharge blood clots during menstrual periods,Induced abortion
spotting or bleeding during pregnancy pain during pregnancy cramps and spasms lower abdominal pain pelvic pain intermenstrual bleeding vaginal discharge blood clots during menstrual periods groin pain absence of menstruation,Induced abortion
spotting or bleeding during pregnancy pain during pregnancy pelvic pain problems during pregnancy intermenstrual bleeding blood clots during menstrual periods groin pain absence of menstruation,Induced abortion
spotting or bleeding during pregnancy pain during pregnancy cramps and spasms lower abdominal pain pelvic pain intermenstrual bleeding vaginal discharge blood clots during menstrual periods,Induced abortion
fever cough irritable infant nasal congestion diarrhea ear pain gum pain symptoms of infants temper problems redness in ear decreased appetite,Teething syndrome
fever cough diarrhea ear pain gum pain symptoms of infants temper problems redness in ear decreased appetite,Teething syndrome
fever cough irritable infant nasal congestion diarrhea ear pain gum pain symptoms of infants temper problems,Teething syndrome
fever cough irritable infant nasal congestion diarrhea gum pain symptoms of infants temper problems redness in ear decreased appetite,Teething syndrome
fever cough diarrhea ear pain gum pain temper problems redness in ear decreased appetite,Teething syndrome
fever cough irritable infant nasal congestion diarrhea gum pain symptoms of infants temper problems,Teething syndrome
vomiting nausea sharp abdominal pain fever burning abdominal pain headache blood in stool decreased appetite chills fluid retention flu like syndrome,Infectious gastroenteritis
vomiting nausea burning abdominal pain headache blood in stool decreased appetite chills fluid retention flu like syndrome,Infectious gastroenteritis
vomiting nausea sharp abdominal pain fever burning abdominal pain headache blood in stool decreased appetite chills,Infectious gastroenteritis
vomiting nausea sharp abdominal pain fever burning abdominal pain blood in stool decreased appetite chills fluid retention flu like syndrome,Infectious gastroenteritis
vomiting nausea burning abdominal pain headache blood in stool chills fluid retention flu like syndrome,Infectious gastroenteritis
vomiting nausea sharp abdominal pain fever burning abdominal pain blood in stool decreased appetite chills,Infectious gastroenteritis
cough sore throat headache frontal headache coryza fever ear pain sinus congestion painful sinuses facial pain coughing up sputum,Acute sinusitis
cough sore throat coryza fever ear pain sinus congestion painful sinuses facial pain coughing up sputum,Acute sinusitis
cough sore throat headache frontal headache coryza fever ear pain sinus congestion painful sinuses,Acute sinusitis
cough sore throat headache frontal headache coryza ear pain sinus congestion painful sinuses facial pain coughing up sputum,Acute sinusitis
cough sore throat coryza fever ear pain painful sinuses facial pain coughing up sputum,Acute sinusitis
cough sore throat headache frontal headache coryza ear pain sinus congestion painful sinuses,Acute sinusitis
seizures excessive growth abnormal appearing skin headache blood in urine paresthesia diminished vision knee pain fatigue nausea kidney mass,Von Hippel-Lindau disease
seizures excessive growth blood in urine paresthesia diminished vision knee pain fatigue nausea kidney mass,Von Hippel-Lindau disease
seizures excessive growth abnormal appearing skin headache blood in urine paresthesia diminished vision knee pain fatigue,Von Hippel-Lindau disease
seizures excessive growth abnormal appearing skin headache blood in urine diminished vision knee pain fatigue nausea kidney mass,Von Hippel-Lindau disease
seizures excessive growth blood in urine paresthesia diminished vision fatigue nausea kidney mass,Von Hippel-Lindau disease
seizures excessive growth abnormal appearing skin headache blood in urine diminished vision knee pain fatigue,Von Hippel-Lindau disease
depressive or psychotic symptoms depression anxiety and nervousness drug abuse abusing alcohol insomnia feeling ill excessive anger problems with movement hostile behavior fears and phobias,Substance-related mental disorder
depressive or psychotic symptoms depression abusing alcohol insomnia feeling ill excessive anger problems with movement hostile behavior fears and phobias,Substance-related mental disorder
depressive or psychotic symptoms depression anxiety and nervousness drug abuse abusing alcohol insomnia feeling ill excessive anger problems with movement,Substance-related mental disorder
depressive or psychotic symptoms depression anxiety and nervousness drug abuse abusing alcohol feeling ill excessive anger problems with movement hostile behavior fears and phobias,Substance-related mental disorder
depressive or psychotic symptoms depression abusing alcohol insomnia feeling ill problems with movement hostile behavior fears and phobias,Substance-related mental disorder
depressive or psychotic symptoms depression anxiety and nervousness drug abuse abusing alcohol feeling ill excessive anger problems with movement,Substance-related mental disorder
depression problems during pregnancy anxiety and nervousness pain during pregnancy depressive or psychotic symptoms drug abuse spotting or bleeding during pregnancy uterine contractions delusions or hallucinations intermenstrual bleeding excessive anger,Postpartum depression
depression problems during pregnancy depressive or psychotic symptoms drug abuse spotting or bleeding during pregnancy uterine contractions delusions or hallucinations intermenstrual bleeding excessive anger,Postpartum depression
depression problems during pregnancy anxiety and nervousness pain during pregnancy depressive or psychotic symptoms drug abuse spotting or bleeding during pregnancy uterine contractions delusions or hallucinations,Postpartum depression
depression problems during pregnancy anxiety and nervousness pain during pregnancy depressive or psychotic symptoms spotting or bleeding during pregnancy uterine contractions delusions or hallucinations intermenstrual bleeding excessive anger,Postpartum depression
depression problems during pregnancy depressive or psychotic symptoms drug abuse spotting or bleeding during pregnancy delusions or hallucinations intermenstrual bleeding excessive anger,Postpartum depression
depression problems during pregnancy anxiety and nervousness pain during pregnancy depressive or psychotic symptoms spotting or bleeding during pregnancy uterine contractions delusions or hallucinations,Postpartum depression
sharp chest pain fatigue chest tightness palpitations irregular heartbeat lymphedema leg cramps or spasms burning chest pain,Coronary atherosclerosis
sharp chest pain fatigue irregular heartbeat lymphedema leg cramps or spasms burning chest pain,Coronary atherosclerosis
sharp chest pain fatigue chest tightness palpitations irregular heartbeat leg cramps or spasms burning chest pain,Coronary atherosclerosis
sharp chest pain fatigue irregular heartbeat lymphedema leg cramps or spasms,Coronary atherosclerosis
back pain leg pain neck pain hip pain side pain back cramps or spasms lower body pain stiffness all over muscle cramps low back cramps or spasms,Spondylitis
back pain leg pain side pain back cramps or spasms lower body pain stiffness all over muscle cramps low back cramps or spasms,Spondylitis
back pain leg pain neck pain hip pain side pain back cramps or spasms lower body pain stiffness all over muscle cramps,Spondylitis
back pain leg pain neck pain hip pain side pain lower body pain stiffness all over muscle cramps low back cramps or spasms,Spondylitis
back pain leg pain side pain back cramps or spasms lower body pain muscle cramps low back cramps or spasms,Spondylitis
back pain leg pain neck pain hip pain side pain lower body pain stiffness all over muscle cramps,Spondylitis
headache diminished vision knee pain nausea disturbance of memory coryza weight gain pain in eye nosebleed long menstrual periods muscle swelling,Pituitary adenoma
headache diminished vision disturbance of memory coryza weight gain pain in eye nosebleed long menstrual periods muscle swelling,Pituitary adenoma
headache diminished vision knee pain nausea disturbance of memory coryza weight gain pain in eye nosebleed,Pituitary adenoma
headache diminished vision knee pain nausea disturbance of memory weight gain pain in eye nosebleed long menstrual periods muscle swelling,Pituitary adenoma
headache diminished vision disturbance of memory coryza weight gain nosebleed long menstrual periods muscle swelling,Pituitary adenoma
headache diminished vision knee pain nausea disturbance of memory weight gain pain in eye nosebleed,Pituitary adenoma
sharp abdominal pain heavy menstrual flow lower abdominal pain unpredictable menstruation painful menstruation intermenstrual bleeding long menstrual periods infertility vaginal discharge involuntary urination cramps and spasms,Uterine fibroids
sharp abdominal pain heavy menstrual flow painful menstruation intermenstrual bleeding long menstrual periods infertility vaginal discharge involuntary urination cramps and spasms,Uterine fibroids
sharp abdominal pain heavy menstrual flow lower abdominal pain unpredictable menstruation painful menstruation intermenstrual bleeding long menstrual periods infertility vaginal discharge,Uterine fibroids
sharp abdominal pain heavy menstrual flow lower abdominal pain unpredictable menstruation painful menstruation long menstrual periods infertility vaginal discharge involuntary urination cramps and spasms,Uterine fibroids
sharp abdominal pain heavy menstrual flow painful menstruation intermenstrual bleeding long menstrual periods vaginal discharge involuntary urination cramps and spasms,Uterine fibroids
sharp abdominal pain heavy menstrual flow lower abdominal pain unpredictable menstruation painful menstruation long menstrual periods infertility vaginal discharge,Uterine fibroids
intermenstrual bleeding long menstrual periods pelvic pain sharp abdominal pain heavy menstrual flow painful menstruation vaginal discharge painful urination frequent menstruation blood clots during menstrual periods sweating,Idiopathic nonmenstrual bleeding
intermenstrual bleeding long menstrual periods heavy menstrual flow painful menstruation vaginal discharge painful urination frequent menstruation blood clots during menstrual periods sweating,Idiopathic nonmenstrual bleeding
intermenstrual bleeding long menstrual periods pelvic pain sharp abdominal pain heavy menstrual flow painful menstruation vaginal discharge painful urination frequent menstruation,Idiopathic nonmenstrual bleeding
intermenstrual bleeding long menstrual periods pelvic pain sharp abdominal pain heavy menstrual flow vaginal discharge painful urination frequent menstruation blood clots during menstrual periods sweating,Idiopathic nonmenstrual bleeding
intermenstrual bleeding long menstrual periods heavy menstrual flow painful menstruation vaginal discharge frequent menstruation blood clots during menstrual periods sweating,Idiopathic nonmenstrual bleeding
intermenstrual bleeding long menstrual periods pelvic pain sharp abdominal pain heavy menstrual flow vaginal discharge painful urination frequent menstruation,Idiopathic nonmenstrual bleeding
mass on eyelid swollen eye eye redness symptoms of eye eyelid swelling eyelid lesion or rash diminished vision itchiness of eye skin growth foreign body sensation in eye lacrimation,Chalazion
mass on eyelid swollen eye eyelid swelling eyelid lesion or rash diminished vision itchiness of eye skin growth foreign body sensation in eye lacrimation,Chalazion
mass on eyelid swollen eye eye redness symptoms of eye eyelid swelling eyelid lesion or rash diminished vision itchiness of eye skin growth,Chalazion
mass on eyelid swollen eye eye redness symptoms of eye eyelid swelling diminished vision itchiness of eye skin growth foreign body sensation in eye lacrimation,Chalazion
mass on eyelid swollen eye eyelid swelling eyelid lesion or rash diminished vision skin growth foreign body sensation in eye lacrimation,Chalazion
mass on eyelid swollen eye eye redness symptoms of eye eyelid swelling diminished vision itchiness of eye skin growth,Chalazion
sharp abdominal pain pelvic pain ache all over groin mass unwanted hair symptoms of bladder knee swelling pain or soreness of breast skin swelling infertility acne or pimples,Ovarian torsion
sharp abdominal pain pelvic pain unwanted hair symptoms of bladder knee swelling pain or soreness of breast skin swelling infertility acne or pimples,Ovarian torsion
sharp abdominal pain pelvic pain ache all over groin mass unwanted hair symptoms of bladder knee swelling pain or soreness of breast skin swelling,Ovarian torsion
sharp abdominal pain pelvic pain ache all over groin mass unwanted hair knee swelling pain or soreness of breast skin swelling infertility acne or pimples,Ovarian torsion
sharp abdominal pain pelvic pain unwanted hair symptoms of bladder knee swelling skin swelling infertility acne or pimples,Ovarian torsion
sharp abdominal pain pelvic pain ache all over groin mass unwanted hair knee swelling pain or soreness of breast skin swelling,Ovarian torsion
diminished vision symptoms of eye pain in eye itchiness of eye foreign body sensation in eye mass on eyelid eye redness blindness pus draining from ear lacrimation irregular appearing nails,Retinopathy due to high blood pressure
diminished vision symptoms of eye foreign body sensation in eye mass on eyelid eye redness blindness pus draining from ear lacrimation irregular appearing nails,Retinopathy due to high blood pressure
diminished vision symptoms of eye pain in eye itchiness of eye foreign body sensation in eye mass on eyelid eye redness blindness pus draining from ear,Retinopathy due to high blood pressure
diminished vision symptoms of eye pain in eye itchiness of eye foreign body sensation in eye eye redness blindness pus draining from ear lacrimation irregular appearing nails,Retinopathy due to high blood pressure
diminished vision symptoms of eye foreign body sensation in eye mass on eyelid eye redness pus draining from ear lacrimation irregular appearing nails,Retinopathy due to high blood pressure
diminished vision symptoms of eye pain in eye itchiness of eye foreign body sensation in eye eye redness blindness pus draining from ear,Retinopathy due to high blood pressure
vaginal itching painful urination sharp abdominal pain vaginal pain vaginal redness itching of skin problems during pregnancy suprapubic pain pelvic pain lower abdominal pain vulvar irritation,Vaginal yeast infection
vaginal itching painful urination vaginal redness itching of skin problems during pregnancy suprapubic pain pelvic pain lower abdominal pain vulvar irritation,Vaginal yeast infection
vaginal itching painful urination sharp abdominal pain vaginal pain vaginal redness itching of skin problems during pregnancy suprapubic pain pelvic pain,Vaginal yeast infection
vaginal itching painful urination sharp abdominal pain vaginal pain vaginal redness problems during pregnancy suprapubic pain pelvic pain lower abdominal pain vulvar irritation,Vaginal yeast infection
vaginal itching painful urination vaginal redness itching of skin problems during pregnancy pelvic pain lower abdominal pain vulvar irritation,Vaginal yeast infection
vaginal itching painful urination sharp abdominal pain vaginal pain vaginal redness problems during pregnancy suprapubic pain pelvic pain,Vaginal yeast infection
ear pain redness in ear fluid in ear cough headache diminished hearing fever plugged feeling in ear ringing in ear nasal congestion facial pain,Mastoiditis
ear pain redness in ear headache diminished hearing fever plugged feeling in ear ringing in ear nasal congestion facial pain,Mastoiditis
ear pain redness in ear fluid in ear cough headache diminished hearing fever plugged feeling in ear ringing in ear,Mastoiditis
ear pain redness in ear fluid in ear cough headache fever plugged feeling in ear ringing in ear nasal congestion facial pain,Mastoiditis
ear pain redness in ear headache diminished hearing fever ringing in ear nasal congestion facial pain,Mastoiditis
ear pain redness in ear fluid in ear cough headache fever plugged feeling in ear ringing in ear,Mastoiditis
back pain ache all over rib pain elbow pain hip pain hurts to breath fluid retention dizziness headache shoulder pain shortness of breath,Lung contusion
back pain ache all over hip pain hurts to breath fluid retention dizziness headache shoulder pain shortness of breath,Lung contusion
back pain ache all over rib pain elbow pain hip pain hurts to breath fluid retention dizziness headache,Lung contusion
back pain ache all over rib pain elbow pain hip pain fluid retention dizziness headache shoulder pain shortness of breath,Lung contusion
back pain ache all over hip pain hurts to breath fluid retention headache shoulder pain shortness of breath,Lung contusion
back pain ache all over rib pain elbow pain hip pain fluid retention dizziness headache,Lung contusion
sharp chest pain anxiety and nervousness chest tightness leg swelling joint pain cough emotional symptoms elbow cramps or spasms nailbiting muscle swelling elbow weakness,Hypertrophic obstructive cardiomyopathy (HOCM)
sharp chest pain anxiety and nervousness joint pain cough emotional symptoms elbow cramps or spasms nailbiting muscle swelling elbow weakness,Hypertrophic obstructive cardiomyopathy (HOCM)
sharp chest pain anxiety and nervousness chest tightness leg swelling joint pain cough emotional symptoms elbow cramps or spasms nailbiting,Hypertrophic obstructive cardiomyopathy (HOCM)
sharp chest pain anxiety and nervousness chest tightness leg swelling joint pain emotional symptoms elbow cramps or spasms nailbiting muscle swelling elbow weakness,Hypertrophic obstructive cardiomyopathy (HOCM)
sharp chest pain anxiety and nervousness joint pain cough emotional symptoms nailbiting muscle swelling elbow weakness,Hypertrophic obstructive cardiomyopathy (HOCM)
sharp chest pain anxiety and nervousness chest tightness leg swelling joint pain emotional symptoms elbow cramps or spasms nailbiting,Hypertrophic obstructive cardiomyopathy (HOCM)
cough fever nasal congestion sharp chest pain difficulty breathing dizziness ache all over nosebleed redness in ear fluid retention paresthesia,Pulmonary eosinophilia
cough fever difficulty breathing dizziness ache all over nosebleed redness in ear fluid retention paresthesia,Pulmonary eosinophilia
cough fever nasal congestion sharp chest pain difficulty breathing dizziness ache all over nosebleed redness in ear,Pulmonary eosinophilia
cough fever nasal congestion sharp chest pain difficulty breathing ache all over nosebleed redness in ear fluid retention paresthesia,Pulmonary eosinophilia
cough fever difficulty breathing dizziness ache all over redness in ear fluid retention paresthesia,Pulmonary eosinophilia
cough fever nasal congestion sharp chest pain difficulty breathing ache all over nosebleed redness in ear,Pulmonary eosinophilia
hip pain hip swelling,Open wound of the hip
diminished vision eye redness spots or clouds in vision symptoms of eye foreign body sensation in eye lacrimation itchiness of eye white discharge from eye swollen eye double vision eyelid lesion or rash,Corneal disorder
diminished vision eye redness foreign body sensation in eye lacrimation itchiness of eye white discharge from eye swollen eye double vision eyelid lesion or rash,Corneal disorder
diminished vision eye redness spots or clouds in vision symptoms of eye foreign body sensation in eye lacrimation itchiness of eye white discharge from eye swollen eye,Corneal disorder
diminished vision eye redness spots or clouds in vision symptoms of eye foreign body sensation in eye itchiness of eye white discharge from eye swollen eye double vision eyelid lesion or rash,Corneal disorder
diminished vision eye redness foreign body sensation in eye lacrimation itchiness of eye swollen eye double vision eyelid lesion or rash,Corneal disorder
diminished vision eye redness spots or clouds in vision symptoms of eye foreign body sensation in eye itchiness of eye white discharge from eye swollen eye,Corneal disorder
difficulty in swallowing sharp abdominal pain regurgitation vomiting blood throat feels tight lump in throat recent weight loss cramps and spasms incontinence of stool foot or toe cramps or spasms temper problems,Foreign body in the gastrointestinal tract
difficulty in swallowing sharp abdominal pain throat feels tight lump in throat recent weight loss cramps and spasms incontinence of stool foot or toe cramps or spasms temper problems,Foreign body in the gastrointestinal tract
difficulty in swallowing sharp abdominal pain regurgitation vomiting blood throat feels tight lump in throat recent weight loss cramps and spasms incontinence of stool,Foreign body in the gastrointestinal tract
difficulty in swallowing sharp abdominal pain regurgitation vomiting blood throat feels tight recent weight loss cramps and spasms incontinence of stool foot or toe cramps or spasms temper problems,Foreign body in the gastrointestinal tract
difficulty in swallowing sharp abdominal pain throat feels tight lump in throat recent weight loss incontinence of stool foot or toe cramps or spasms temper problems,Foreign body in the gastrointestinal tract
difficulty in swallowing sharp abdominal pain regurgitation vomiting blood throat feels tight recent weight loss cramps and spasms incontinence of stool,Foreign body in the gastrointestinal tract
pain in eye swollen eye diminished vision itchiness of eye mass on eyelid paresthesia painful sinuses skin lesion foot or toe pain lacrimation painful urination,Endophthalmitis
pain in eye swollen eye mass on eyelid paresthesia painful sinuses skin lesion foot or toe pain lacrimation painful urination,Endophthalmitis
pain in eye swollen eye diminished vision itchiness of eye mass on eyelid paresthesia painful sinuses skin lesion foot or toe pain,Endophthalmitis
pain in eye swollen eye diminished vision itchiness of eye mass on eyelid painful sinuses skin lesion foot or toe pain lacrimation painful urination,Endophthalmitis
pain in eye swollen eye mass on eyelid paresthesia painful sinuses foot or toe pain lacrimation painful urination,Endophthalmitis
pain in eye swollen eye diminished vision itchiness of eye mass on eyelid painful sinuses skin lesion foot or toe pain,Endophthalmitis
diarrhea sharp abdominal pain allergic reaction irritable infant infant feeding problem cough constipation nasal congestion infant spitting up feeling ill flatulence,Intestinal malabsorption
diarrhea sharp abdominal pain infant feeding problem cough constipation nasal congestion infant spitting up feeling ill flatulence,Intestinal malabsorption
diarrhea sharp abdominal pain allergic reaction irritable infant infant feeding problem cough constipation nasal congestion infant spitting up,Intestinal malabsorption
diarrhea sharp abdominal pain allergic reaction irritable infant infant feeding problem constipation nasal congestion infant spitting up feeling ill flatulence,Intestinal malabsorption
diarrhea sharp abdominal pain infant feeding problem cough constipation infant spitting up feeling ill flatulence,Intestinal malabsorption
diarrhea sharp abdominal pain allergic reaction irritable infant infant feeding problem constipation nasal congestion infant spitting up,Intestinal malabsorption
pain in eye facial pain ankle pain wrist pain pain during pregnancy excessive anger joint stiffness or tightness pain or soreness of breast knee lump or mass fatigue excessive urination at night,Lead poisoning
pain in eye facial pain pain during pregnancy excessive anger joint stiffness or tightness pain or soreness of breast knee lump or mass fatigue excessive urination at night,Lead poisoning
pain in eye facial pain ankle pain wrist pain pain during pregnancy excessive anger joint stiffness or tightness pain or soreness of breast knee lump or mass,Lead poisoning
pain in eye facial pain ankle pain wrist pain pain during pregnancy joint stiffness or tightness pain or soreness of breast knee lump or mass fatigue excessive urination at night,Lead poisoning
pain in eye facial pain pain during pregnancy excessive anger joint stiffness or tightness knee lump or mass fatigue excessive urination at night,Lead poisoning
pain in eye facial pain ankle pain wrist pain pain during pregnancy joint stiffness or tightness pain or soreness of breast knee lump or mass,Lead poisoning
sweating acne or pimples fever skin rash redness in ear headache diminished vision sharp abdominal pain cough vomiting cramps and spasms,Hyperhidrosis
sweating acne or pimples redness in ear headache diminished vision sharp abdominal pain cough vomiting cramps and spasms,Hyperhidrosis
sweating acne or pimples fever skin rash redness in ear headache diminished vision sharp abdominal pain cough,Hyperhidrosis
sweating acne or pimples fever skin rash redness in ear diminished vision sharp abdominal pain cough vomiting cramps and spasms,Hyperhidrosis
sweating acne or pimples redness in ear headache diminished vision cough vomiting cramps and spasms,Hyperhidrosis
sweating acne or pimples fever skin rash redness in ear diminished vision sharp abdominal pain cough,Hyperhidrosis
focal weakness headache loss of sensation weakness problems with movement slurring words difficulty speaking depressive or psychotic symptoms seizures abnormal involuntary movements disturbance of memory,Stroke
focal weakness headache problems with movement slurring words difficulty speaking depressive or psychotic symptoms seizures abnormal involuntary movements disturbance of memory,Stroke
focal weakness headache loss of sensation weakness problems with movement slurring words difficulty speaking depressive or psychotic symptoms seizures,Stroke
focal weakness headache loss of sensation weakness problems with movement difficulty speaking depressive or psychotic symptoms seizures abnormal involuntary movements disturbance of memory,Stroke
focal weakness headache problems with movement slurring words difficulty speaking seizures abnormal involuntary movements disturbance of memory,Stroke
focal weakness headache loss of sensation weakness problems with movement difficulty speaking depressive or psychotic symptoms seizures,Stroke
skin growth ache all over skin swelling pain of the anus bones are painful back mass or lump mass or swelling around the anus pelvic pain fluid retention low back swelling irregular appearing scalp,Pilonidal cyst
skin growth ache all over bones are painful back mass or lump mass or swelling around the anus pelvic pain fluid retention low back swelling irregular appearing scalp,Pilonidal cyst
skin growth ache all over skin swelling pain of the anus bones are painful back mass or lump mass or swelling around the anus pelvic pain fluid retention,Pilonidal cyst
skin growth ache all over skin swelling pain of the anus bones are painful mass or swelling around the anus pelvic pain fluid retention low back swelling irregular appearing scalp,Pilonidal cyst
skin growth ache all over bones are painful back mass or lump mass or swelling around the anus fluid retention low back swelling irregular appearing scalp,Pilonidal cyst
skin growth ache all over skin swelling pain of the anus bones are painful mass or swelling around the anus pelvic pain fluid retention,Pilonidal cyst
hand or finger pain loss of sensation hand or finger swelling hand or finger stiffness or tightness ankle swelling knee swelling neck swelling lymphedema,Crushing injury
hand or finger pain loss of sensation ankle swelling knee swelling neck swelling lymphedema,Crushing injury
hand or finger pain loss of sensation hand or finger swelling hand or finger stiffness or tightness ankle swelling neck swelling lymphedema,Crushing injury
hand or finger pain loss of sensation ankle swelling knee swelling neck swelling,Crushing injury
problems with movement disturbance of memory depressive or psychotic symptoms dizziness palpitations difficulty speaking involuntary urination fatigue hip lump or mass blood in urine drainage in throat,Normal pressure hydrocephalus
problems with movement disturbance of memory palpitations difficulty speaking involuntary urination fatigue hip lump or mass blood in urine drainage in throat,Normal pressure hydrocephalus
problems with movement disturbance of memory depressive or psychotic symptoms dizziness palpitations difficulty speaking involuntary urination fatigue hip lump or mass,Normal pressure hydrocephalus
problems with movement disturbance of memory depressive or psychotic symptoms dizziness palpitations involuntary urination fatigue hip lump or mass blood in urine drainage in throat,Normal pressure hydrocephalus
problems with movement disturbance of memory palpitations difficulty speaking involuntary urination hip lump or mass blood in urine drainage in throat,Normal pressure hydrocephalus
problems with movement disturbance of memory depressive or psychotic symptoms dizziness palpitations involuntary urination fatigue hip lump or mass,Normal pressure hydrocephalus
weight gain heavy menstrual flow premenstrual tension or irritability warts difficulty in swallowing too little hair palpitations heartburn suprapubic pain abnormal involuntary movements feeling hot,Hashimoto thyroiditis
weight gain heavy menstrual flow difficulty in swallowing too little hair palpitations heartburn suprapubic pain abnormal involuntary movements feeling hot,Hashimoto thyroiditis
weight gain heavy menstrual flow premenstrual tension or irritability warts difficulty in swallowing too little hair palpitations heartburn suprapubic pain,Hashimoto thyroiditis
weight gain heavy menstrual flow premenstrual tension or irritability warts difficulty in swallowing palpitations heartburn suprapubic pain abnormal involuntary movements feeling hot,Hashimoto thyroiditis
weight gain heavy menstrual flow difficulty in swallowing too little hair palpitations suprapubic pain abnormal involuntary movements feeling hot,Hashimoto thyroiditis
weight gain heavy menstrual flow premenstrual tension or irritability warts difficulty in swallowing palpitations heartburn suprapubic pain,Hashimoto thyroiditis
foot or toe pain ankle pain problems with movement cramps and spasms feet turned in symptoms of eye foot or toe stiffness or tightness skin swelling weight gain skin growth retention of urine,Flat feet
foot or toe pain ankle pain feet turned in symptoms of eye foot or toe stiffness or tightness skin swelling weight gain skin growth retention of urine,Flat feet
foot or toe pain ankle pain problems with movement cramps and spasms feet turned in symptoms of eye foot or toe stiffness or tightness skin swelling weight gain,Flat feet
foot or toe pain ankle pain problems with movement cramps and spasms feet turned in foot or toe stiffness or tightness skin swelling weight gain skin growth retention of urine,Flat feet
foot or toe pain ankle pain feet turned in symptoms of eye foot or toe stiffness or tightness weight gain skin growth retention of urine,Flat feet
foot or toe pain ankle pain problems with movement cramps and spasms feet turned in foot or toe stiffness or tightness skin swelling weight gain,Flat feet
sharp abdominal pain nausea dizziness diarrhea weight gain mouth ulcer chills paresthesia joint pain nosebleed regurgitation,Nonalcoholic liver disease (NASH)
sharp abdominal pain nausea weight gain mouth ulcer chills paresthesia joint pain nosebleed regurgitation,Nonalcoholic liver disease (NASH)
sharp abdominal pain nausea dizziness diarrhea weight gain mouth ulcer chills paresthesia joint pain,Nonalcoholic liver disease (NASH)
sharp abdominal pain nausea dizziness diarrhea weight gain chills paresthesia joint pain nosebleed regurgitation,Nonalcoholic liver disease (NASH)
sharp abdominal pain nausea weight gain mouth ulcer chills joint pain nosebleed regurgitation,Nonalcoholic liver disease (NASH)
sharp abdominal pain nausea dizziness diarrhea weight gain chills paresthesia joint pain,Nonalcoholic liver disease (NASH)
knee pain frequent urination shoulder pain ankle swelling knee lump or mass abnormal appearing skin ache all over knee stiffness or tightness problems with movement elbow cramps or spasms elbow weakness,Hemarthrosis
knee pain frequent urination knee lump or mass abnormal appearing skin ache all over knee stiffness or tightness problems with movement elbow cramps or spasms elbow weakness,Hemarthrosis
knee pain frequent urination shoulder pain ankle swelling knee lump or mass abnormal appearing skin ache all over knee stiffness or tightness problems with movement,Hemarthrosis
knee pain frequent urination shoulder pain ankle swelling knee lump or mass ache all over knee stiffness or tightness problems with movement elbow cramps or spasms elbow weakness,Hemarthrosis
knee pain frequent urination knee lump or mass abnormal appearing skin ache all over problems with movement elbow cramps or spasms elbow weakness,Hemarthrosis
knee pain frequent urination shoulder pain ankle swelling knee lump or mass ache all over knee stiffness or tightness problems with movement,Hemarthrosis
involuntary urination symptoms of bladder retention of urine suprapubic pain vaginal pain pelvic pain blood in urine pelvic pressure vaginal discharge excessive urination at night intermenstrual bleeding,Pelvic organ prolapse
involuntary urination symptoms of bladder vaginal pain pelvic pain blood in urine pelvic pressure vaginal discharge excessive urination at night intermenstrual bleeding,Pelvic organ prolapse
involuntary urination symptoms of bladder retention of urine suprapubic pain vaginal pain pelvic pain blood in urine pelvic pressure vaginal discharge,Pelvic organ prolapse
involuntary urination symptoms of bladder retention of urine suprapubic pain vaginal pain blood in urine pelvic pressure vaginal discharge excessive urination at night intermenstrual bleeding,Pelvic organ prolapse
involuntary urination symptoms of bladder vaginal pain pelvic pain blood in urine vaginal discharge excessive urination at night intermenstrual bleeding,Pelvic organ prolapse
involuntary urination symptoms of bladder retention of urine suprapubic pain vaginal pain blood in urine pelvic pressure vaginal discharge,Pelvic organ prolapse
arm pain elbow pain shoulder pain wrist swelling arm swelling elbow swelling arm stiffness or tightness wrist stiffness or tightness shoulder stiffness or tightness elbow stiffness or tightness,Fracture of the arm
arm pain elbow pain arm swelling elbow swelling arm stiffness or tightness wrist stiffness or tightness shoulder stiffness or tightness elbow stiffness or tightness,Fracture of the arm
arm pain elbow pain shoulder pain wrist swelling arm swelling elbow swelling arm stiffness or tightness wrist stiffness or tightness shoulder stiffness or tightness,Fracture of the arm
arm pain elbow pain shoulder pain wrist swelling arm swelling arm stiffness or tightness wrist stiffness or tightness shoulder stiffness or tightness elbow stiffness or tightness,Fracture of the arm
arm pain elbow pain arm swelling elbow swelling arm stiffness or tightness shoulder stiffness or tightness elbow stiffness or tightness,Fracture of the arm
arm pain elbow pain shoulder pain wrist swelling arm swelling arm stiffness or tightness wrist stiffness or tightness shoulder stiffness or tightness,Fracture of the arm
leg pain nosebleed blood in urine eye redness melena lymphedema hemoptysis leg cramps or spasms early or late onset of menopause knee swelling vaginal pain,Coagulation (bleeding) disorder
leg pain nosebleed melena lymphedema hemoptysis leg cramps or spasms early or late onset of menopause knee swelling vaginal pain,Coagulation (bleeding) disorder
leg pain nosebleed blood in urine eye redness melena lymphedema hemoptysis leg cramps or spasms early or late onset of menopause,Coagulation (bleeding) disorder
leg pain nosebleed blood in urine eye redness melena hemoptysis leg cramps or spasms early or late onset of menopause knee swelling vaginal pain,Coagulation (bleeding) disorder
leg pain nosebleed melena lymphedema hemoptysis early or late onset of menopause knee swelling vaginal pain,Coagulation (bleeding) disorder
leg pain nosebleed blood in urine eye redness melena hemoptysis leg cramps or spasms early or late onset of menopause,Coagulation (bleeding) disorder
anxiety and nervousness shortness of breath depressive or psychotic symptoms sharp chest pain dizziness insomnia abnormal involuntary movements chest tightness palpitations irregular heartbeat breathing fast,Panic disorder
anxiety and nervousness shortness of breath dizziness insomnia abnormal involuntary movements chest tightness palpitations irregular heartbeat breathing fast,Panic disorder
anxiety and nervousness shortness of breath depressive or psychotic symptoms sharp chest pain dizziness insomnia abnormal involuntary movements chest tightness palpitations,Panic disorder
anxiety and nervousness shortness of breath depressive or psychotic symptoms sharp chest pain dizziness abnormal involuntary movements chest tightness palpitations irregular heartbeat breathing fast,Panic disorder
anxiety and nervousness shortness of breath dizziness insomnia abnormal involuntary movements palpitations irregular heartbeat breathing fast,Panic disorder
anxiety and nervousness shortness of breath depressive or psychotic symptoms sharp chest pain dizziness abnormal involuntary movements chest tightness palpitations,Panic disorder
hoarse voice difficulty speaking cough nasal congestion throat swelling diminished hearing lump in throat throat feels tight difficulty in swallowing skin swelling retention of urine,Vocal cord polyp
hoarse voice difficulty speaking throat swelling diminished hearing lump in throat throat feels tight difficulty in swallowing skin swelling retention of urine,Vocal cord polyp
hoarse voice difficulty speaking cough nasal congestion throat swelling diminished hearing lump in throat throat feels tight difficulty in swallowing,Vocal cord polyp
hoarse voice difficulty speaking cough nasal congestion throat swelling lump in throat throat feels tight difficulty in swallowing skin swelling retention of urine,Vocal cord polyp
hoarse voice difficulty speaking throat swelling diminished hearing lump in throat difficulty in swallowing skin swelling retention of urine,Vocal cord polyp
hoarse voice difficulty speaking cough nasal congestion throat swelling lump in throat throat feels tight difficulty in swallowing,Vocal cord polyp
groin mass hip pain suprapubic pain blood in stool lack of growth diminished hearing depression emotional symptoms elbow weakness back weakness pus in sputum,Turner syndrome
groin mass hip pain lack of growth diminished hearing depression emotional symptoms elbow weakness back weakness pus in sputum,Turner syndrome
groin mass hip pain suprapubic pain blood in stool lack of growth diminished hearing depression emotional symptoms elbow weakness,Turner syndrome
groin mass hip pain suprapubic pain blood in stool lack of growth depression emotional symptoms elbow weakness back weakness pus in sputum,Turner syndrome
groin mass hip pain lack of growth diminished hearing depression elbow weakness back weakness pus in sputum,Turner syndrome
groin mass hip pain suprapubic pain blood in stool lack of growth depression emotional symptoms elbow weakness,Turner syndrome
symptoms of the scrotum and testes pain in testicles flatulence pus draining from ear jaundice mass in scrotum lack of growth white discharge from eye irritable infant,Cryptorchidism
symptoms of the scrotum and testes pain in testicles jaundice mass in scrotum lack of growth white discharge from eye irritable infant,Cryptorchidism
symptoms of the scrotum and testes pain in testicles flatulence pus draining from ear jaundice lack of growth white discharge from eye irritable infant,Cryptorchidism
symptoms of the scrotum and testes pain in testicles jaundice mass in scrotum lack of growth irritable infant,Cryptorchidism
abusing alcohol hostile behavior drug abuse depressive or psychotic symptoms sharp abdominal pain feeling ill vomiting headache depression nausea diarrhea,Poisoning due to ethylene glycol
abusing alcohol hostile behavior sharp abdominal pain feeling ill vomiting headache depression nausea diarrhea,Poisoning due to ethylene glycol
abusing alcohol hostile behavior drug abuse depressive or psychotic symptoms sharp abdominal pain feeling ill vomiting headache depression,Poisoning due to ethylene glycol
abusing alcohol hostile behavior drug abuse depressive or psychotic symptoms sharp abdominal pain vomiting headache depression nausea diarrhea,Poisoning due to ethylene glycol
abusing alcohol hostile behavior sharp abdominal pain feeling ill vomiting depression nausea diarrhea,Poisoning due to ethylene glycol
abusing alcohol hostile behavior drug abuse depressive or psychotic symptoms sharp abdominal pain vomiting headache depression,Poisoning due to ethylene glycol
vaginal itching painful urination involuntary urination pain during intercourse frequent urination lower abdominal pain suprapubic pain vaginal discharge blood in urine hot flashes intermenstrual bleeding,Atrophic vaginitis
vaginal itching painful urination frequent urination lower abdominal pain suprapubic pain vaginal discharge blood in urine hot flashes intermenstrual bleeding,Atrophic vaginitis
vaginal itching painful urination involuntary urination pain during intercourse frequent urination lower abdominal pain suprapubic pain vaginal discharge blood in urine,Atrophic vaginitis
vaginal itching painful urination involuntary urination pain during intercourse frequent urination suprapubic pain vaginal discharge blood in urine hot flashes intermenstrual bleeding,Atrophic vaginitis
vaginal itching painful urination frequent urination lower abdominal pain suprapubic pain blood in urine hot flashes intermenstrual bleeding,Atrophic vaginitis
vaginal itching painful urination involuntary urination pain during intercourse frequent urination suprapubic pain vaginal discharge blood in urine,Atrophic vaginitis
hand or finger pain hand or finger swelling arm pain wrist swelling arm stiffness or tightness arm swelling hand or finger stiffness or tightness wrist stiffness or tightness,Fracture of the hand
hand or finger pain hand or finger swelling arm stiffness or tightness arm swelling hand or finger stiffness or tightness wrist stiffness or tightness,Fracture of the hand
hand or finger pain hand or finger swelling arm pain wrist swelling arm stiffness or tightness hand or finger stiffness or tightness wrist stiffness or tightness,Fracture of the hand
hand or finger pain hand or finger swelling arm stiffness or tightness arm swelling hand or finger stiffness or tightness,Fracture of the hand
lip swelling toothache abnormal appearing skin skin lesion difficulty in swallowing acne or pimples dry lips facial pain mouth ulcer throat swelling skin growth,Cellulitis or abscess of mouth
lip swelling toothache difficulty in swallowing acne or pimples dry lips facial pain mouth ulcer throat swelling skin growth,Cellulitis or abscess of mouth
lip swelling toothache abnormal appearing skin skin lesion difficulty in swallowing acne or pimples dry lips facial pain mouth ulcer,Cellulitis or abscess of mouth
lip swelling toothache abnormal appearing skin skin lesion difficulty in swallowing dry lips facial pain mouth ulcer throat swelling skin growth,Cellulitis or abscess of mouth
lip swelling toothache difficulty in swallowing acne or pimples dry lips mouth ulcer throat swelling skin growth,Cellulitis or abscess of mouth
lip swelling toothache abnormal appearing skin skin lesion difficulty in swallowing dry lips facial pain mouth ulcer,Cellulitis or abscess of mouth
allergic reaction itching of skin nasal congestion vomiting wheezing cough abnormal appearing skin lip swelling peripheral edema sneezing hand or finger swelling,Food allergy
allergic reaction itching of skin wheezing cough abnormal appearing skin lip swelling peripheral edema sneezing hand or finger swelling,Food allergy
allergic reaction itching of skin nasal congestion vomiting wheezing cough abnormal appearing skin lip swelling peripheral edema,Food allergy
allergic reaction itching of skin nasal congestion vomiting wheezing abnormal appearing skin lip swelling peripheral edema sneezing hand or finger swelling,Food allergy
allergic reaction itching of skin wheezing cough abnormal appearing skin peripheral edema sneezing hand or finger swelling,Food allergy
allergic reaction itching of skin nasal congestion vomiting wheezing abnormal appearing skin lip swelling peripheral edema,Food allergy
dizziness vomiting headache weakness ear pain loss of sensation diminished hearing ringing in ear plugged feeling in ear sweating spots or clouds in vision,Labyrinthitis
dizziness vomiting ear pain loss of sensation diminished hearing ringing in ear plugged feeling in ear sweating spots or clouds in vision,Labyrinthitis
dizziness vomiting headache weakness ear pain loss of sensation diminished hearing ringing in ear plugged feeling in ear,Labyrinthitis
dizziness vomiting headache weakness ear pain diminished hearing ringing in ear plugged feeling in ear sweating spots or clouds in vision,Labyrinthitis
dizziness vomiting ear pain loss of sensation diminished hearing plugged feeling in ear sweating spots or clouds in vision,Labyrinthitis
dizziness vomiting headache weakness ear pain diminished hearing ringing in ear plugged feeling in ear,Labyrinthitis
anxiety and nervousness sharp chest pain depressive or psychotic symptoms shortness of breath headache insomnia palpitations abnormal involuntary movements irregular heartbeat fears and phobias increased heart rate,Anxiety
anxiety and nervousness sharp chest pain headache insomnia palpitations abnormal involuntary movements irregular heartbeat fears and phobias increased heart rate,Anxiety
anxiety and nervousness sharp chest pain depressive or psychotic symptoms shortness of breath headache insomnia palpitations abnormal involuntary movements irregular heartbeat,Anxiety
anxiety and nervousness sharp chest pain depressive or psychotic symptoms shortness of breath headache palpitations abnormal involuntary movements irregular heartbeat fears and phobias increased heart rate,Anxiety
anxiety and nervousness sharp chest pain headache insomnia palpitations irregular heartbeat fears and phobias increased heart rate,Anxiety
anxiety and nervousness sharp chest pain depressive or psychotic symptoms shortness of breath headache palpitations abnormal involuntary movements irregular heartbeat,Anxiety
depressive or psychotic symptoms hostile behavior depression excessive anger temper problems insomnia obsessions and compulsions delusions or hallucinations excessive appetite antisocial behavior long menstrual periods,Impulse control disorder
depressive or psychotic symptoms hostile behavior temper problems insomnia obsessions and compulsions delusions or hallucinations excessive appetite antisocial behavior long menstrual periods,Impulse control disorder
depressive or psychotic symptoms hostile behavior depression excessive anger temper problems insomnia obsessions and compulsions delusions or hallucinations excessive appetite,Impulse control disorder
depressive or psychotic symptoms hostile behavior depression excessive anger temper problems obsessions and compulsions delusions or hallucinations excessive appetite antisocial behavior long menstrual periods,Impulse control disorder
depressive or psychotic symptoms hostile behavior temper problems insomnia obsessions and compulsions excessive appetite antisocial behavior long menstrual periods,Impulse control disorder
depressive or psychotic symptoms hostile behavior depression excessive anger temper problems obsessions and compulsions delusions or hallucinations excessive appetite,Impulse control disorder
lacrimation eye redness nasal congestion cough abnormal movement of eyelid skin rash diaper rash decreased appetite eye burns or stings eyelid swelling white discharge from eye,Stenosis of the tear duct
lacrimation eye redness abnormal movement of eyelid skin rash diaper rash decreased appetite eye burns or stings eyelid swelling white discharge from eye,Stenosis of the tear duct
lacrimation eye redness nasal congestion cough abnormal movement of eyelid skin rash diaper rash decreased appetite eye burns or stings,Stenosis of the tear duct
lacrimation eye redness nasal congestion cough abnormal movement of eyelid diaper rash decreased appetite eye burns or stings eyelid swelling white discharge from eye,Stenosis of the tear duct
lacrimation eye redness abnormal movement of eyelid skin rash diaper rash eye burns or stings eyelid swelling white discharge from eye,Stenosis of the tear duct
lacrimation eye redness nasal congestion cough abnormal movement of eyelid diaper rash decreased appetite eye burns or stings,Stenosis of the tear duct
nasal congestion fever coryza sore throat sinus congestion ear pain vomiting headache abnormal breathing sounds irritable infant decreased appetite,Abscess of nose
nasal congestion fever sinus congestion ear pain vomiting headache abnormal breathing sounds irritable infant decreased appetite,Abscess of nose
nasal congestion fever coryza sore throat sinus congestion ear pain vomiting headache abnormal breathing sounds,Abscess of nose
nasal congestion fever coryza sore throat sinus congestion vomiting headache abnormal breathing sounds irritable infant decreased appetite,Abscess of nose
nasal congestion fever sinus congestion ear pain vomiting abnormal breathing sounds irritable infant decreased appetite,Abscess of nose
nasal congestion fever coryza sore throat sinus congestion vomiting headache abnormal breathing sounds,Abscess of nose
irregular belly button irritable infant diaper rash jaundice skin rash low back weakness back weakness emotional symptoms pus in sputum elbow cramps or spasms muscle swelling,Omphalitis
irregular belly button irritable infant skin rash low back weakness back weakness emotional symptoms pus in sputum elbow cramps or spasms muscle swelling,Omphalitis
irregular belly button irritable infant diaper rash jaundice skin rash low back weakness back weakness emotional symptoms pus in sputum,Omphalitis
irregular belly button irritable infant diaper rash jaundice skin rash back weakness emotional symptoms pus in sputum elbow cramps or spasms muscle swelling,Omphalitis
irregular belly button irritable infant skin rash low back weakness back weakness pus in sputum elbow cramps or spasms muscle swelling,Omphalitis
irregular belly button irritable infant diaper rash jaundice skin rash back weakness emotional symptoms pus in sputum,Omphalitis
fatigue mouth pain pallor muscle stiffness or tightness symptoms of the kidneys bleeding gums,Leukemia
fatigue mouth pain symptoms of the kidneys bleeding gums,Leukemia
fatigue mouth pain pallor muscle stiffness or tightness symptoms of the kidneys,Leukemia
focal weakness symptoms of the face headache facial pain weakness peripheral edema symptoms of eye paresthesia diminished vision eyelid lesion or rash abnormal involuntary movements,Bell palsy
focal weakness symptoms of the face weakness peripheral edema symptoms of eye paresthesia diminished vision eyelid lesion or rash abnormal involuntary movements,Bell palsy
focal weakness symptoms of the face headache facial pain weakness peripheral edema symptoms of eye paresthesia diminished vision,Bell palsy
focal weakness symptoms of the face headache facial pain weakness symptoms of eye paresthesia diminished vision eyelid lesion or rash abnormal involuntary movements,Bell palsy
focal weakness symptoms of the face weakness peripheral edema symptoms of eye diminished vision eyelid lesion or rash abnormal involuntary movements,Bell palsy
focal weakness symptoms of the face headache facial pain weakness symptoms of eye paresthesia diminished vision,Bell palsy
eye redness pain in eye lacrimation nasal congestion swollen eye eye burns or stings symptoms of eye diminished vision allergic reaction cough sneezing,Conjunctivitis due to allergy
eye redness pain in eye swollen eye eye burns or stings symptoms of eye diminished vision allergic reaction cough sneezing,Conjunctivitis due to allergy
eye redness pain in eye lacrimation nasal congestion swollen eye eye burns or stings symptoms of eye diminished vision allergic reaction,Conjunctivitis due to allergy
eye redness pain in eye lacrimation nasal congestion swollen eye symptoms of eye diminished vision allergic reaction cough sneezing,Conjunctivitis due to allergy
eye redness pain in eye swollen eye eye burns or stings symptoms of eye allergic reaction cough sneezing,Conjunctivitis due to allergy
eye redness pain in eye lacrimation nasal congestion swollen eye symptoms of eye diminished vision allergic reaction,Conjunctivitis due to allergy
skin rash itching of skin dizziness peripheral edema lip swelling nausea shortness of breath headache vomiting abnormal appearing skin throat swelling,Drug reaction
skin rash itching of skin lip swelling nausea shortness of breath headache vomiting abnormal appearing skin throat swelling,Drug reaction
skin rash itching of skin dizziness peripheral edema lip swelling nausea shortness of breath headache vomiting,Drug reaction
skin rash itching of skin dizziness peripheral edema lip swelling shortness of breath headache vomiting abnormal appearing skin throat swelling,Drug reaction
skin rash itching of skin lip swelling nausea shortness of breath vomiting abnormal appearing skin throat swelling,Drug reaction
skin rash itching of skin dizziness peripheral edema lip swelling shortness of breath headache vomiting,Drug reaction
skin rash cough diaper rash sweating chills diminished hearing nosebleed,Adrenal cancer
skin rash cough chills diminished hearing nosebleed,Adrenal cancer
skin rash cough diaper rash sweating chills nosebleed,Adrenal cancer
diminished vision pain in eye symptoms of eye eye redness foreign body sensation in eye itchiness of eye lacrimation eye moves abnormally blindness eye deviation abnormal movement of eyelid,Myopia
diminished vision pain in eye foreign body sensation in eye itchiness of eye lacrimation eye moves abnormally blindness eye deviation abnormal movement of eyelid,Myopia
diminished vision pain in eye symptoms of eye eye redness foreign body sensation in eye itchiness of eye lacrimation eye moves abnormally blindness,Myopia
diminished vision pain in eye symptoms of eye eye redness foreign body sensation in eye lacrimation eye moves abnormally blindness eye deviation abnormal movement of eyelid,Myopia
diminished vision pain in eye foreign body sensation in eye itchiness of eye lacrimation blindness eye deviation abnormal movement of eyelid,Myopia
diminished vision pain in eye symptoms of eye eye redness foreign body sensation in eye lacrimation eye moves abnormally blindness,Myopia
knee pain shoulder pain back pain leg pain hand or finger pain joint pain knee swelling ankle pain elbow pain muscle pain knee weakness,Osteoarthritis
knee pain shoulder pain hand or finger pain joint pain knee swelling ankle pain elbow pain muscle pain knee weakness,Osteoarthritis
knee pain shoulder pain back pain leg pain hand or finger pain joint pain knee swelling ankle pain elbow pain,Osteoarthritis
knee pain shoulder pain back pain leg pain hand or finger pain knee swelling ankle pain elbow pain muscle pain knee weakness,Osteoarthritis
knee pain shoulder pain hand or finger pain joint pain knee swelling elbow pain muscle pain knee weakness,Osteoarthritis
knee pain shoulder pain back pain leg pain hand or finger pain knee swelling ankle pain elbow pain,Osteoarthritis
neck mass hot flashes neck swelling hostile behavior lump in throat too little hair drainage in throat double vision throat feels tight blindness restlessness,Thyroid disease
neck mass hot flashes lump in throat too little hair drainage in throat double vision throat feels tight blindness restlessness,Thyroid disease
neck mass hot flashes neck swelling hostile behavior lump in throat too little hair drainage in throat double vision throat feels tight,Thyroid disease
neck mass hot flashes neck swelling hostile behavior lump in throat drainage in throat double vision throat feels tight blindness restlessness,Thyroid disease
neck mass hot flashes lump in throat too little hair drainage in throat throat feels tight blindness restlessness,Thyroid disease
neck mass hot flashes neck swelling hostile behavior lump in throat drainage in throat double vision throat feels tight,Thyroid disease
cough sore throat wheezing difficulty in swallowing hoarse voice coryza hurts to breath sharp abdominal pain nausea ear pain nasal congestion,Pharyngitis
cough sore throat hoarse voice coryza hurts to breath sharp abdominal pain nausea ear pain nasal congestion,Pharyngitis
cough sore throat wheezing difficulty in swallowing hoarse voice coryza hurts to breath sharp abdominal pain nausea,Pharyngitis
cough sore throat wheezing difficulty in swallowing hoarse voice hurts to breath sharp abdominal pain nausea ear pain nasal congestion,Pharyngitis
cough sore throat hoarse voice coryza hurts to breath nausea ear pain nasal congestion,Pharyngitis
cough sore throat wheezing difficulty in swallowing hoarse voice hurts to breath sharp abdominal pain nausea,Pharyngitis
shortness of breath palpitations difficulty breathing dizziness chest tightness increased heart rate drainage in throat restlessness throat feels tight smoking problems fluid in ear,Chronic rheumatic fever
shortness of breath palpitations chest tightness increased heart rate drainage in throat restlessness throat feels tight smoking problems fluid in ear,Chronic rheumatic fever
shortness of breath palpitations difficulty breathing dizziness chest tightness increased heart rate drainage in throat restlessness throat feels tight,Chronic rheumatic fever
shortness of breath palpitations difficulty breathing dizziness chest tightness drainage in throat restlessness throat feels tight smoking problems fluid in ear,Chronic rheumatic fever
shortness of breath palpitations chest tightness increased heart rate drainage in throat throat feels tight smoking problems fluid in ear,Chronic rheumatic fever
shortness of breath palpitations difficulty breathing dizziness chest tightness drainage in throat restlessness throat feels tight,Chronic rheumatic fever
shortness of breath loss of sensation seizures weakness paresthesia sharp chest pain constipation abnormal involuntary movements diarrhea nausea leg weakness,Hypocalcemia
shortness of breath loss of sensation paresthesia sharp chest pain constipation abnormal involuntary movements diarrhea nausea leg weakness,Hypocalcemia
shortness of breath loss of sensation seizures weakness paresthesia sharp chest pain constipation abnormal involuntary movements diarrhea,Hypocalcemia
shortness of breath loss of sensation seizures weakness paresthesia constipation abnormal involuntary movements diarrhea nausea leg weakness,Hypocalcemia
shortness of breath loss of sensation paresthesia sharp chest pain constipation diarrhea nausea leg weakness,Hypocalcemia
shortness of breath loss of sensation seizures weakness paresthesia constipation abnormal involuntary movements diarrhea,Hypocalcemia
diminished vision symptoms of eye pain in eye lacrimation blindness itchiness of eye foreign body sensation in eye double vision eye burns or stings bleeding from eye abnormal movement of eyelid,Macular degeneration
diminished vision symptoms of eye blindness itchiness of eye foreign body sensation in eye double vision eye burns or stings bleeding from eye abnormal movement of eyelid,Macular degeneration
diminished vision symptoms of eye pain in eye lacrimation blindness itchiness of eye foreign body sensation in eye double vision eye burns or stings,Macular degeneration
diminished vision symptoms of eye pain in eye lacrimation blindness foreign body sensation in eye double vision eye burns or stings bleeding from eye abnormal movement of eyelid,Macular degeneration
diminished vision symptoms of eye blindness itchiness of eye foreign body sensation in eye eye burns or stings bleeding from eye abnormal movement of eyelid,Macular degeneration
diminished vision symptoms of eye pain in eye lacrimation blindness foreign body sensation in eye double vision eye burns or stings,Macular degeneration
cough shortness of breath sharp chest pain nasal congestion difficulty breathing vomiting weakness sore throat wheezing coryza chills,Pneumonia
cough shortness of breath difficulty breathing vomiting weakness sore throat wheezing coryza chills,Pneumonia
cough shortness of breath sharp chest pain nasal congestion difficulty breathing vomiting weakness sore throat wheezing,Pneumonia
cough shortness of breath sharp chest pain nasal congestion difficulty breathing weakness sore throat wheezing coryza chills,Pneumonia
cough shortness of breath difficulty breathing vomiting weakness wheezing coryza chills,Pneumonia
cough shortness of breath sharp chest pain nasal congestion difficulty breathing weakness sore throat wheezing,Pneumonia
skin rash mouth ulcer fever lip swelling skin lesion sore throat vaginal itching vaginal discharge itching of skin skin swelling peripheral edema,Cold sore
skin rash mouth ulcer skin lesion sore throat vaginal itching vaginal discharge itching of skin skin swelling peripheral edema,Cold sore
skin rash mouth ulcer fever lip swelling skin lesion sore throat vaginal itching vaginal discharge itching of skin,Cold sore
skin rash mouth ulcer fever lip swelling skin lesion vaginal itching vaginal discharge itching of skin skin swelling peripheral edema,Cold sore
skin rash mouth ulcer skin lesion sore throat vaginal itching itching of skin skin swelling peripheral edema,Cold sore
skin rash mouth ulcer fever lip swelling skin lesion vaginal itching vaginal discharge itching of skin,Cold sore
palpitations sharp chest pain fainting shortness of breath increased heart rate difficulty breathing chest tightness sleepiness apnea impotence back cramps or spasms,Premature ventricular contractions (PVCs)
palpitations sharp chest pain increased heart rate difficulty breathing chest tightness sleepiness apnea impotence back cramps or spasms,Premature ventricular contractions (PVCs)
palpitations sharp chest pain fainting shortness of breath increased heart rate difficulty breathing chest tightness sleepiness apnea,Premature ventricular contractions (PVCs)
palpitations sharp chest pain fainting shortness of breath increased heart rate chest tightness sleepiness apnea impotence back cramps or spasms,Premature ventricular contractions (PVCs)
palpitations sharp chest pain increased heart rate difficulty breathing chest tightness apnea impotence back cramps or spasms,Premature ventricular contractions (PVCs)
palpitations sharp chest pain fainting shortness of breath increased heart rate chest tightness sleepiness apnea,Premature ventricular contractions (PVCs)
pain in eye facial pain ankle pain wrist pain pain during pregnancy excessive anger joint stiffness or tightness pain or soreness of breast knee lump or mass fatigue excessive urination at night,Chancroid
pain in eye facial pain pain during pregnancy excessive anger joint stiffness or tightness pain or soreness of breast knee lump or mass fatigue excessive urination at night,Chancroid
pain in eye facial pain ankle pain wrist pain pain during pregnancy excessive anger joint stiffness or tightness pain or soreness of breast knee lump or mass,Chancroid
pain in eye facial pain ankle pain wrist pain pain during pregnancy joint stiffness or tightness pain or soreness of breast knee lump or mass fatigue excessive urination at night,Chancroid
pain in eye facial pain pain during pregnancy excessive anger joint stiffness or tightness knee lump or mass fatigue excessive urination at night,Chancroid
pain in eye facial pain ankle pain wrist pain pain during pregnancy joint stiffness or tightness pain or soreness of breast knee lump or mass,Chancroid
mass in scrotum ache all over nausea groin pain symptoms of the scrotum and testes skin on arm or hand looks infected blood in urine chills diminished hearing pain in testicles painful urination,Testicular cancer
mass in scrotum ache all over symptoms of the scrotum and testes skin on arm or hand looks infected blood in urine chills diminished hearing pain in testicles painful urination,Testicular cancer
mass in scrotum ache all over nausea groin pain symptoms of the scrotum and testes skin on arm or hand looks infected blood in urine chills diminished hearing,Testicular cancer
mass in scrotum ache all over nausea groin pain symptoms of the scrotum and testes blood in urine chills diminished hearing pain in testicles painful urination,Testicular cancer
mass in scrotum ache all over symptoms of the scrotum and testes skin on arm or hand looks infected blood in urine diminished hearing pain in testicles painful urination,Testicular cancer
mass in scrotum ache all over nausea groin pain symptoms of the scrotum and testes blood in urine chills diminished hearing,Testicular cancer
headache vomiting depressive or psychotic symptoms problems with movement difficulty speaking paresthesia focal weakness disturbance of memory abnormal involuntary movements arm stiffness or tightness lack of growth,Hydrocephalus
headache vomiting difficulty speaking paresthesia focal weakness disturbance of memory abnormal involuntary movements arm stiffness or tightness lack of growth,Hydrocephalus
headache vomiting depressive or psychotic symptoms problems with movement difficulty speaking paresthesia focal weakness disturbance of memory abnormal involuntary movements,Hydrocephalus
headache vomiting depressive or psychotic symptoms problems with movement difficulty speaking focal weakness disturbance of memory abnormal involuntary movements arm stiffness or tightness lack of growth,Hydrocephalus
headache vomiting difficulty speaking paresthesia focal weakness abnormal involuntary movements arm stiffness or tightness lack of growth,Hydrocephalus
headache vomiting depressive or psychotic symptoms problems with movement difficulty speaking focal weakness disturbance of memory abnormal involuntary movements,Hydrocephalus
lump or mass of breast hot flashes bleeding or discharge from nipple joint stiffness or tightness,Breast cancer
lump or mass of breast hot flashes,Breast cancer
fatigue difficulty in swallowing pain of the anus nosebleed vaginal pain mouth pain hot flashes flatulence,Anemia due to malignancy
fatigue difficulty in swallowing vaginal pain mouth pain hot flashes flatulence,Anemia due to malignancy
fatigue difficulty in swallowing pain of the anus nosebleed vaginal pain hot flashes flatulence,Anemia due to malignancy
fatigue difficulty in swallowing vaginal pain mouth pain hot flashes,Anemia due to malignancy
burning abdominal pain changes in stool appearance dizziness weakness lower abdominal pain sharp abdominal pain difficulty in swallowing melena itching of skin pain of the anus decreased appetite,Esophageal varices
burning abdominal pain changes in stool appearance lower abdominal pain sharp abdominal pain difficulty in swallowing melena itching of skin pain of the anus decreased appetite,Esophageal varices
burning abdominal pain changes in stool appearance dizziness weakness lower abdominal pain sharp abdominal pain difficulty in swallowing melena itching of skin,Esophageal varices
burning abdominal pain changes in stool appearance dizziness weakness lower abdominal pain difficulty in swallowing melena itching of skin pain of the anus decreased appetite,Esophageal varices
burning abdominal pain changes in stool appearance lower abdominal pain sharp abdominal pain difficulty in swallowing itching of skin pain of the anus decreased appetite,Esophageal varices
burning abdominal pain changes in stool appearance dizziness weakness lower abdominal pain difficulty in swallowing melena itching of skin,Esophageal varices
vaginal bleeding after menopause pelvic pain hot flashes long menstrual periods vaginal discharge vaginal itching cramps and spasms unpredictable menstruation infrequent menstruation mass on vulva absence of menstruation,Endometrial cancer
vaginal bleeding after menopause pelvic pain vaginal discharge vaginal itching cramps and spasms unpredictable menstruation infrequent menstruation mass on vulva absence of menstruation,Endometrial cancer
vaginal bleeding after menopause pelvic pain hot flashes long menstrual periods vaginal discharge vaginal itching cramps and spasms unpredictable menstruation infrequent menstruation,Endometrial cancer
vaginal bleeding after menopause pelvic pain hot flashes long menstrual periods vaginal discharge cramps and spasms unpredictable menstruation infrequent menstruation mass on vulva absence of menstruation,Endometrial cancer
vaginal bleeding after menopause pelvic pain vaginal discharge vaginal itching cramps and spasms infrequent menstruation mass on vulva absence of menstruation,Endometrial cancer
vaginal bleeding after menopause pelvic pain hot flashes long menstrual periods vaginal discharge cramps and spasms unpredictable menstruation infrequent menstruation,Endometrial cancer
cough decreased appetite intermenstrual bleeding hemoptysis bleeding gums spots or clouds in vision sinus congestion drainage in throat muscle pain,Cystic Fibrosis
cough decreased appetite bleeding gums spots or clouds in vision sinus congestion drainage in throat muscle pain,Cystic Fibrosis
cough decreased appetite intermenstrual bleeding hemoptysis bleeding gums sinus congestion drainage in throat muscle pain,Cystic Fibrosis
cough decreased appetite bleeding gums spots or clouds in vision sinus congestion muscle pain,Cystic Fibrosis
shoulder pain anxiety and nervousness disturbance of memory fluid retention flu like syndrome throat feels tight weight gain symptoms of the kidneys tongue lesions difficulty in swallowing flatulence,Parathyroid adenoma
shoulder pain anxiety and nervousness flu like syndrome throat feels tight weight gain symptoms of the kidneys tongue lesions difficulty in swallowing flatulence,Parathyroid adenoma
shoulder pain anxiety and nervousness disturbance of memory fluid retention flu like syndrome throat feels tight weight gain symptoms of the kidneys tongue lesions,Parathyroid adenoma
shoulder pain anxiety and nervousness disturbance of memory fluid retention flu like syndrome weight gain symptoms of the kidneys tongue lesions difficulty in swallowing flatulence,Parathyroid adenoma
shoulder pain anxiety and nervousness flu like syndrome throat feels tight weight gain tongue lesions difficulty in swallowing flatulence,Parathyroid adenoma
shoulder pain anxiety and nervousness disturbance of memory fluid retention flu like syndrome weight gain symptoms of the kidneys tongue lesions,Parathyroid adenoma
shortness of breath diarrhea problems with movement side pain lack of growth symptoms of the kidneys muscle cramps drug abuse rib pain feeling ill,Glucocorticoid deficiency
shortness of breath diarrhea lack of growth symptoms of the kidneys muscle cramps drug abuse rib pain feeling ill,Glucocorticoid deficiency
shortness of breath diarrhea problems with movement side pain lack of growth symptoms of the kidneys muscle cramps drug abuse,Glucocorticoid deficiency
shortness of breath diarrhea problems with movement side pain lack of growth muscle cramps drug abuse rib pain feeling ill,Glucocorticoid deficiency
shortness of breath diarrhea problems with movement side pain lack of growth muscle cramps drug abuse,Glucocorticoid deficiency
facial pain headache neck pain nasal congestion sore throat toothache ringing in ear diminished hearing pain in eye jaw pain redness in ear,Temporomandibular joint disorder
facial pain headache sore throat toothache ringing in ear diminished hearing pain in eye jaw pain redness in ear,Temporomandibular joint disorder
facial pain headache neck pain nasal congestion sore throat toothache ringing in ear diminished hearing pain in eye,Temporomandibular joint disorder
facial pain headache neck pain nasal congestion sore throat ringing in ear diminished hearing pain in eye jaw pain redness in ear,Temporomandibular joint disorder
facial pain headache sore throat toothache ringing in ear pain in eye jaw pain redness in ear,Temporomandibular joint disorder
facial pain headache neck pain nasal congestion sore throat ringing in ear diminished hearing pain in eye,Temporomandibular joint disorder
sleepiness fatigue abnormal breathing sounds insomnia cough apnea problems with movement fainting difficulty in swallowing weakness difficulty eating,Wilson disease
sleepiness fatigue cough apnea problems with movement fainting difficulty in swallowing weakness difficulty eating,Wilson disease
sleepiness fatigue abnormal breathing sounds insomnia cough apnea problems with movement fainting difficulty in swallowing,Wilson disease
sleepiness fatigue abnormal breathing sounds insomnia cough problems with movement fainting difficulty in swallowing weakness difficulty eating,Wilson disease
sleepiness fatigue cough apnea problems with movement difficulty in swallowing weakness difficulty eating,Wilson disease
sleepiness fatigue abnormal breathing sounds insomnia cough problems with movement fainting difficulty in swallowing,Wilson disease
suprapubic pain blood in urine constipation symptoms of the kidneys involuntary urination fluid in ear regurgitation,Vesicoureteral reflux
suprapubic pain blood in urine involuntary urination fluid in ear regurgitation,Vesicoureteral reflux
suprapubic pain blood in urine constipation symptoms of the kidneys involuntary urination regurgitation,Vesicoureteral reflux
fatigue knee lump or mass eye strain excessive growth pelvic pressure bedwetting vulvar sore loss of sex drive neck cramps or spasms joint stiffness or tightness shoulder swelling,Vitamin A deficiency
fatigue knee lump or mass pelvic pressure bedwetting vulvar sore loss of sex drive neck cramps or spasms joint stiffness or tightness shoulder swelling,Vitamin A deficiency
fatigue knee lump or mass eye strain excessive growth pelvic pressure bedwetting vulvar sore loss of sex drive neck cramps or spasms,Vitamin A deficiency
fatigue knee lump or mass eye strain excessive growth pelvic pressure vulvar sore loss of sex drive neck cramps or spasms joint stiffness or tightness shoulder swelling,Vitamin A deficiency
fatigue knee lump or mass pelvic pressure bedwetting vulvar sore neck cramps or spasms joint stiffness or tightness shoulder swelling,Vitamin A deficiency
fatigue knee lump or mass eye strain excessive growth pelvic pressure vulvar sore loss of sex drive neck cramps or spasms,Vitamin A deficiency
penile discharge vaginal discharge vaginal itching painful urination penis redness problems with movement paresthesia itching of skin vaginal pain spotting or bleeding during pregnancy cramps and spasms,Gonorrhea
penile discharge vaginal discharge penis redness problems with movement paresthesia itching of skin vaginal pain spotting or bleeding during pregnancy cramps and spasms,Gonorrhea
penile discharge vaginal discharge vaginal itching painful urination penis redness problems with movement paresthesia itching of skin vaginal pain,Gonorrhea
penile discharge vaginal discharge vaginal itching painful urination penis redness paresthesia itching of skin vaginal pain spotting or bleeding during pregnancy cramps and spasms,Gonorrhea
penile discharge vaginal discharge penis redness problems with movement paresthesia vaginal pain spotting or bleeding during pregnancy cramps and spasms,Gonorrhea
penile discharge vaginal discharge vaginal itching painful urination penis redness paresthesia itching of skin vaginal pain,Gonorrhea
rib pain back pain side pain shoulder pain ache all over arm pain shortness of breath hurts to breath hip pain bones are painful back mass or lump,Fracture of the rib
rib pain back pain ache all over arm pain shortness of breath hurts to breath hip pain bones are painful back mass or lump,Fracture of the rib
rib pain back pain side pain shoulder pain ache all over arm pain shortness of breath hurts to breath hip pain,Fracture of the rib
rib pain back pain side pain shoulder pain ache all over shortness of breath hurts to breath hip pain bones are painful back mass or lump,Fracture of the rib
rib pain back pain ache all over arm pain shortness of breath hip pain bones are painful back mass or lump,Fracture of the rib
rib pain back pain side pain shoulder pain ache all over shortness of breath hurts to breath hip pain,Fracture of the rib
diminished vision headache eyelid swelling symptoms of eye abnormal appearing skin eye redness emotional symptoms elbow cramps or spasms pus in sputum elbow weakness muscle swelling,Ependymoma
diminished vision headache abnormal appearing skin eye redness emotional symptoms elbow cramps or spasms pus in sputum elbow weakness muscle swelling,Ependymoma
diminished vision headache eyelid swelling symptoms of eye abnormal appearing skin eye redness emotional symptoms elbow cramps or spasms pus in sputum,Ependymoma
diminished vision headache eyelid swelling symptoms of eye abnormal appearing skin emotional symptoms elbow cramps or spasms pus in sputum elbow weakness muscle swelling,Ependymoma
diminished vision headache abnormal appearing skin eye redness emotional symptoms pus in sputum elbow weakness muscle swelling,Ependymoma
diminished vision headache eyelid swelling symptoms of eye abnormal appearing skin emotional symptoms elbow cramps or spasms pus in sputum,Ependymoma
sharp abdominal pain diarrhea vomiting depression fatigue jaundice itching of skin feeling ill upper abdominal pain flu like syndrome rectal bleeding,Hepatitis due to a toxin
sharp abdominal pain diarrhea fatigue jaundice itching of skin feeling ill upper abdominal pain flu like syndrome rectal bleeding,Hepatitis due to a toxin
sharp abdominal pain diarrhea vomiting depression fatigue jaundice itching of skin feeling ill upper abdominal pain,Hepatitis due to a toxin
sharp abdominal pain diarrhea vomiting depression fatigue itching of skin feeling ill upper abdominal pain flu like syndrome rectal bleeding,Hepatitis due to a toxin
sharp abdominal pain diarrhea fatigue jaundice itching of skin upper abdominal pain flu like syndrome rectal bleeding,Hepatitis due to a toxin
sharp abdominal pain diarrhea vomiting depression fatigue itching of skin feeling ill upper abdominal pain,Hepatitis due to a toxin
sharp abdominal pain pelvic pain vaginal pain lower abdominal pain vaginal discharge cramps and spasms intermenstrual bleeding blood clots during menstrual periods pain during pregnancy heavy menstrual flow problems during pregnancy,Vaginal cyst
sharp abdominal pain pelvic pain vaginal discharge cramps and spasms intermenstrual bleeding blood clots during menstrual periods pain during pregnancy heavy menstrual flow problems during pregnancy,Vaginal cyst
sharp abdominal pain pelvic pain vaginal pain lower abdominal pain vaginal discharge cramps and spasms intermenstrual bleeding blood clots during menstrual periods pain during pregnancy,Vaginal cyst
sharp abdominal pain pelvic pain vaginal pain lower abdominal pain vaginal discharge intermenstrual bleeding blood clots during menstrual periods pain during pregnancy heavy menstrual flow problems during pregnancy,Vaginal cyst
sharp abdominal pain pelvic pain vaginal discharge cramps and spasms intermenstrual bleeding pain during pregnancy heavy menstrual flow problems during pregnancy,Vaginal cyst
sharp abdominal pain pelvic pain vaginal pain lower abdominal pain vaginal discharge intermenstrual bleeding blood clots during menstrual periods pain during pregnancy,Vaginal cyst
shoulder pain shoulder stiffness or tightness arm swelling abusing alcohol elbow pain wrist pain,Open wound of the shoulder
shoulder pain shoulder stiffness or tightness elbow pain wrist pain,Open wound of the shoulder
shoulder pain shoulder stiffness or tightness arm swelling abusing alcohol elbow pain,Open wound of the shoulder
sharp abdominal pain spotting or bleeding during pregnancy lower abdominal pain pelvic pain nausea dizziness cramps and spasms intermenstrual bleeding burning abdominal pain vaginal discharge problems during pregnancy,Ectopic pregnancy
sharp abdominal pain spotting or bleeding during pregnancy nausea dizziness cramps and spasms intermenstrual bleeding burning abdominal pain vaginal discharge problems during pregnancy,Ectopic pregnancy
sharp abdominal pain spotting or bleeding during pregnancy lower abdominal pain pelvic pain nausea dizziness cramps and spasms intermenstrual bleeding burning abdominal pain,Ectopic pregnancy
sharp abdominal pain spotting or bleeding during pregnancy lower abdominal pain pelvic pain nausea cramps and spasms intermenstrual bleeding burning abdominal pain vaginal discharge problems during pregnancy,Ectopic pregnancy
sharp abdominal pain spotting or bleeding during pregnancy nausea dizziness cramps and spasms burning abdominal pain vaginal discharge problems during pregnancy,Ectopic pregnancy
sharp abdominal pain spotting or bleeding during pregnancy lower abdominal pain pelvic pain nausea cramps and spasms intermenstrual bleeding burning abdominal pain,Ectopic pregnancy
knee pain knee swelling back pain hip pain leg swelling knee stiffness or tightness joint pain knee weakness,Chronic knee pain
knee pain knee swelling leg swelling knee stiffness or tightness joint pain knee weakness,Chronic knee pain
knee pain knee swelling back pain hip pain leg swelling joint pain knee weakness,Chronic knee pain
knee pain knee swelling leg swelling knee stiffness or tightness joint pain,Chronic knee pain
symptoms of eye double vision headache spots or clouds in vision sleepiness paresthesia pain in eye apnea diminished vision abnormal breathing sounds itching of scrotum,Pinguecula
symptoms of eye double vision sleepiness paresthesia pain in eye apnea diminished vision abnormal breathing sounds itching of scrotum,Pinguecula
symptoms of eye double vision headache spots or clouds in vision sleepiness paresthesia pain in eye apnea diminished vision,Pinguecula
symptoms of eye double vision headache spots or clouds in vision sleepiness pain in eye apnea diminished vision abnormal breathing sounds itching of scrotum,Pinguecula
symptoms of eye double vision sleepiness paresthesia pain in eye diminished vision abnormal breathing sounds itching of scrotum,Pinguecula
symptoms of eye double vision headache spots or clouds in vision sleepiness pain in eye apnea diminished vision,Pinguecula
fatigue blood in stool knee stiffness or tightness,Hypergammaglobulinemia
fatigue blood in stool,Hypergammaglobulinemia
abusing alcohol drug abuse depression anxiety and nervousness hostile behavior delusions or hallucinations excessive anger vomiting blood smoking problems slurring words low self esteem,Alcohol abuse
abusing alcohol drug abuse hostile behavior delusions or hallucinations excessive anger vomiting blood smoking problems slurring words low self esteem,Alcohol abuse
abusing alcohol drug abuse depression anxiety and nervousness hostile behavior delusions or hallucinations excessive anger vomiting blood smoking problems,Alcohol abuse
abusing alcohol drug abuse depression anxiety and nervousness hostile behavior excessive anger vomiting blood smoking problems slurring words low self esteem,Alcohol abuse
abusing alcohol drug abuse hostile behavior delusions or hallucinations excessive anger smoking problems slurring words low self esteem,Alcohol abuse
abusing alcohol drug abuse depression anxiety and nervousness hostile behavior excessive anger vomiting blood smoking problems,Alcohol abuse
loss of sensation wrist pain paresthesia arm pain neck pain hand or finger weakness elbow pain hand or finger stiffness or tightness hand or finger swelling arm weakness wrist swelling,Carpal tunnel syndrome
loss of sensation wrist pain neck pain hand or finger weakness elbow pain hand or finger stiffness or tightness hand or finger swelling arm weakness wrist swelling,Carpal tunnel syndrome
loss of sensation wrist pain paresthesia arm pain neck pain hand or finger weakness elbow pain hand or finger stiffness or tightness hand or finger swelling,Carpal tunnel syndrome
loss of sensation wrist pain paresthesia arm pain neck pain elbow pain hand or finger stiffness or tightness hand or finger swelling arm weakness wrist swelling,Carpal tunnel syndrome
loss of sensation wrist pain neck pain hand or finger weakness elbow pain hand or finger swelling arm weakness wrist swelling,Carpal tunnel syndrome
loss of sensation wrist pain paresthesia arm pain neck pain elbow pain hand or finger stiffness or tightness hand or finger swelling,Carpal tunnel syndrome
headache pain in eye sleepiness bleeding or discharge from nipple mouth pain acne or pimples hot flashes fluid retention postpartum problems of the breast infertility weight gain,Pituitary disorder
headache pain in eye mouth pain acne or pimples hot flashes fluid retention postpartum problems of the breast infertility weight gain,Pituitary disorder
headache pain in eye sleepiness bleeding or discharge from nipple mouth pain acne or pimples hot flashes fluid retention postpartum problems of the breast,Pituitary disorder
headache pain in eye sleepiness bleeding or discharge from nipple mouth pain hot flashes fluid retention postpartum problems of the breast infertility weight gain,Pituitary disorder
headache pain in eye mouth pain acne or pimples hot flashes postpartum problems of the breast infertility weight gain,Pituitary disorder
headache pain in eye sleepiness bleeding or discharge from nipple mouth pain hot flashes fluid retention postpartum problems of the breast,Pituitary disorder
side pain back pain vomiting nausea blood in urine lower abdominal pain low back pain painful urination frequent urination retention of urine suprapubic pain,Kidney stone
side pain back pain blood in urine lower abdominal pain low back pain painful urination frequent urination retention of urine suprapubic pain,Kidney stone
side pain back pain vomiting nausea blood in urine lower abdominal pain low back pain painful urination frequent urination,Kidney stone
side pain back pain vomiting nausea blood in urine low back pain painful urination frequent urination retention of urine suprapubic pain,Kidney stone
side pain back pain blood in urine lower abdominal pain low back pain frequent urination retention of urine suprapubic pain,Kidney stone
side pain back pain vomiting nausea blood in urine low back pain painful urination frequent urination,Kidney stone
seizures hostile behavior lack of growth constipation temper problems antisocial behavior difficulty speaking restlessness obsessions and compulsions long menstrual periods eyelid retracted,Autism
seizures hostile behavior temper problems antisocial behavior difficulty speaking restlessness obsessions and compulsions long menstrual periods eyelid retracted,Autism
seizures hostile behavior lack of growth constipation temper problems antisocial behavior difficulty speaking restlessness obsessions and compulsions,Autism
seizures hostile behavior lack of growth constipation temper problems difficulty speaking restlessness obsessions and compulsions long menstrual periods eyelid retracted,Autism
seizures hostile behavior temper problems antisocial behavior difficulty speaking obsessions and compulsions long menstrual periods eyelid retracted,Autism
seizures hostile behavior lack of growth constipation temper problems difficulty speaking restlessness obsessions and compulsions,Autism
neck swelling groin mass skin rash loss of sensation arm swelling skin lesion headache fever swollen eye arm lump or mass itchy eyelid,Cat scratch disease
neck swelling groin mass arm swelling skin lesion headache fever swollen eye arm lump or mass itchy eyelid,Cat scratch disease
neck swelling groin mass skin rash loss of sensation arm swelling skin lesion headache fever swollen eye,Cat scratch disease
neck swelling groin mass skin rash loss of sensation arm swelling headache fever swollen eye arm lump or mass itchy eyelid,Cat scratch disease
neck swelling groin mass arm swelling skin lesion headache swollen eye arm lump or mass itchy eyelid,Cat scratch disease
neck swelling groin mass skin rash loss of sensation arm swelling headache fever swollen eye,Cat scratch disease
diminished vision symptoms of eye spots or clouds in vision lacrimation foreign body sensation in eye blindness itchiness of eye eye burns or stings white discharge from eye double vision mass on eyelid,Chronic glaucoma
diminished vision symptoms of eye foreign body sensation in eye blindness itchiness of eye eye burns or stings white discharge from eye double vision mass on eyelid,Chronic glaucoma
diminished vision symptoms of eye spots or clouds in vision lacrimation foreign body sensation in eye blindness itchiness of eye eye burns or stings white discharge from eye,Chronic glaucoma
diminished vision symptoms of eye spots or clouds in vision lacrimation foreign body sensation in eye itchiness of eye eye burns or stings white discharge from eye double vision mass on eyelid,Chronic glaucoma
diminished vision symptoms of eye foreign body sensation in eye blindness itchiness of eye white discharge from eye double vision mass on eyelid,Chronic glaucoma
diminished vision symptoms of eye spots or clouds in vision lacrimation foreign body sensation in eye itchiness of eye eye burns or stings white discharge from eye,Chronic glaucoma
spots or clouds in vision blindness symptoms of eye pain in eye itchiness of eye eye burns or stings lacrimation cloudy eye abnormal movement of eyelid bleeding from eye double vision,Retinal detachment
spots or clouds in vision blindness itchiness of eye eye burns or stings lacrimation cloudy eye abnormal movement of eyelid bleeding from eye double vision,Retinal detachment
spots or clouds in vision blindness symptoms of eye pain in eye itchiness of eye eye burns or stings lacrimation cloudy eye abnormal movement of eyelid,Retinal detachment
spots or clouds in vision blindness symptoms of eye pain in eye itchiness of eye lacrimation cloudy eye abnormal movement of eyelid bleeding from eye double vision,Retinal detachment
spots or clouds in vision blindness itchiness of eye eye burns or stings lacrimation abnormal movement of eyelid bleeding from eye double vision,Retinal detachment
spots or clouds in vision blindness symptoms of eye pain in eye itchiness of eye lacrimation cloudy eye abnormal movement of eyelid,Retinal detachment
fatigue weakness nausea slurring words feeling cold lack of growth hot flashes mouth dryness vomiting blood fluid retention leg weakness,Aplastic anemia
fatigue weakness feeling cold lack of growth hot flashes mouth dryness vomiting blood fluid retention leg weakness,Aplastic anemia
fatigue weakness nausea slurring words feeling cold lack of growth hot flashes mouth dryness vomiting blood,Aplastic anemia
fatigue weakness nausea slurring words feeling cold hot flashes mouth dryness vomiting blood fluid retention leg weakness,Aplastic anemia
fatigue weakness feeling cold lack of growth hot flashes vomiting blood fluid retention leg weakness,Aplastic anemia
fatigue weakness nausea slurring words feeling cold hot flashes mouth dryness vomiting blood,Aplastic anemia
retention of urine symptoms of bladder frequent urination suprapubic pain blood in urine excessive urination at night impotence symptoms of prostate hand or finger stiffness or tightness focal weakness hesitancy,Overflow incontinence
retention of urine symptoms of bladder blood in urine excessive urination at night impotence symptoms of prostate hand or finger stiffness or tightness focal weakness hesitancy,Overflow incontinence
retention of urine symptoms of bladder frequent urination suprapubic pain blood in urine excessive urination at night impotence symptoms of prostate hand or finger stiffness or tightness,Overflow incontinence
retention of urine symptoms of bladder frequent urination suprapubic pain blood in urine impotence symptoms of prostate hand or finger stiffness or tightness focal weakness hesitancy,Overflow incontinence
retention of urine symptoms of bladder blood in urine excessive urination at night impotence hand or finger stiffness or tightness focal weakness hesitancy,Overflow incontinence
retention of urine symptoms of bladder frequent urination suprapubic pain blood in urine impotence symptoms of prostate hand or finger stiffness or tightness,Overflow incontinence
pain in eye facial pain ankle pain wrist pain pain during pregnancy excessive anger joint stiffness or tightness pain or soreness of breast knee lump or mass fatigue excessive urination at night,Rabies
pain in eye facial pain pain during pregnancy excessive anger joint stiffness or tightness pain or soreness of breast knee lump or mass fatigue excessive urination at night,Rabies
pain in eye facial pain ankle pain wrist pain pain during pregnancy excessive anger joint stiffness or tightness pain or soreness of breast knee lump or mass,Rabies
pain in eye facial pain ankle pain wrist pain pain during pregnancy joint stiffness or tightness pain or soreness of breast knee lump or mass fatigue excessive urination at night,Rabies
pain in eye facial pain pain during pregnancy excessive anger joint stiffness or tightness knee lump or mass fatigue excessive urination at night,Rabies
pain in eye facial pain ankle pain wrist pain pain during pregnancy joint stiffness or tightness pain or soreness of breast knee lump or mass,Rabies
fatigue nausea weakness fever peripheral edema allergic reaction itching of skin joint pain skin growth swollen abdomen stomach bloating,Hemolytic anemia
fatigue nausea peripheral edema allergic reaction itching of skin joint pain skin growth swollen abdomen stomach bloating,Hemolytic anemia
fatigue nausea weakness fever peripheral edema allergic reaction itching of skin joint pain skin growth,Hemolytic anemia
fatigue nausea weakness fever peripheral edema itching of skin joint pain skin growth swollen abdomen stomach bloating,Hemolytic anemia
fatigue nausea peripheral edema allergic reaction itching of skin skin growth swollen abdomen stomach bloating,Hemolytic anemia
fatigue nausea weakness fever peripheral edema itching of skin joint pain skin growth,Hemolytic anemia
elbow pain shoulder pain loss of sensation wrist pain hand or finger pain paresthesia elbow lump or mass elbow swelling joint pain irregular belly button hand or finger stiffness or tightness,Lateral epicondylitis (tennis elbow)
elbow pain shoulder pain hand or finger pain paresthesia elbow lump or mass elbow swelling joint pain irregular belly button hand or finger stiffness or tightness,Lateral epicondylitis (tennis elbow)
elbow pain shoulder pain loss of sensation wrist pain hand or finger pain paresthesia elbow lump or mass elbow swelling joint pain,Lateral epicondylitis (tennis elbow)
elbow pain shoulder pain loss of sensation wrist pain hand or finger pain elbow lump or mass elbow swelling joint pain irregular belly button hand or finger stiffness or tightness,Lateral epicondylitis (tennis elbow)
elbow pain shoulder pain hand or finger pain paresthesia elbow lump or mass joint pain irregular belly button hand or finger stiffness or tightness,Lateral epicondylitis (tennis elbow)
elbow pain shoulder pain loss of sensation wrist pain hand or finger pain elbow lump or mass elbow swelling joint pain,Lateral epicondylitis (tennis elbow)
pain in eye symptoms of eye spots or clouds in vision swollen eye foreign body sensation in eye bleeding from eye itchiness of eye knee weakness white discharge from eye blindness,Open wound of the eye
pain in eye symptoms of eye foreign body sensation in eye bleeding from eye itchiness of eye knee weakness white discharge from eye blindness,Open wound of the eye
pain in eye symptoms of eye spots or clouds in vision swollen eye foreign body sensation in eye bleeding from eye itchiness of eye knee weakness white discharge from eye,Open wound of the eye
pain in eye symptoms of eye spots or clouds in vision swollen eye foreign body sensation in eye itchiness of eye knee weakness white discharge from eye blindness,Open wound of the eye
pain in eye symptoms of eye foreign body sensation in eye bleeding from eye itchiness of eye white discharge from eye blindness,Open wound of the eye
pain in eye symptoms of eye spots or clouds in vision swollen eye foreign body sensation in eye itchiness of eye knee weakness white discharge from eye,Open wound of the eye
skin rash vaginal discharge foot or toe swelling itching of skin arm lump or mass problems during pregnancy muscle pain congestion in chest disturbance of memory muscle weakness increased heart rate,Syphilis
skin rash vaginal discharge arm lump or mass problems during pregnancy muscle pain congestion in chest disturbance of memory muscle weakness increased heart rate,Syphilis
skin rash vaginal discharge foot or toe swelling itching of skin arm lump or mass problems during pregnancy muscle pain congestion in chest disturbance of memory,Syphilis
skin rash vaginal discharge foot or toe swelling itching of skin arm lump or mass muscle pain congestion in chest disturbance of memory muscle weakness increased heart rate,Syphilis
skin rash vaginal discharge arm lump or mass problems during pregnancy muscle pain disturbance of memory muscle weakness increased heart rate,Syphilis
skin rash vaginal discharge foot or toe swelling itching of skin arm lump or mass muscle pain congestion in chest disturbance of memory,Syphilis
leg swelling hurts to breath lack of growth thirst delusions or hallucinations irregular appearing nails symptoms of the kidneys leg cramps or spasms heartburn blood in stool excessive anger,Diabetic kidney disease
leg swelling hurts to breath delusions or hallucinations irregular appearing nails symptoms of the kidneys leg cramps or spasms heartburn blood in stool excessive anger,Diabetic kidney disease
leg swelling hurts to breath lack of growth thirst delusions or hallucinations irregular appearing nails symptoms of the kidneys leg cramps or spasms heartburn,Diabetic kidney disease
leg swelling hurts to breath lack of growth thirst delusions or hallucinations symptoms of the kidneys leg cramps or spasms heartburn blood in stool excessive anger,Diabetic kidney disease
leg swelling hurts to breath delusions or hallucinations irregular appearing nails symptoms of the kidneys heartburn blood in stool excessive anger,Diabetic kidney disease
leg swelling hurts to breath lack of growth thirst delusions or hallucinations symptoms of the kidneys leg cramps or spasms heartburn,Diabetic kidney disease
nasal congestion fever sore throat headache coryza ear pain difficulty breathing painful sinuses facial pain sinus congestion nosebleed,Nose disorder
nasal congestion fever coryza ear pain difficulty breathing painful sinuses facial pain sinus congestion nosebleed,Nose disorder
nasal congestion fever sore throat headache coryza ear pain difficulty breathing painful sinuses facial pain,Nose disorder
nasal congestion fever sore throat headache coryza difficulty breathing painful sinuses facial pain sinus congestion nosebleed,Nose disorder
nasal congestion fever coryza ear pain difficulty breathing facial pain sinus congestion nosebleed,Nose disorder
nasal congestion fever sore throat headache coryza difficulty breathing painful sinuses facial pain,Nose disorder
vomiting antisocial behavior anxiety and nervousness chills diarrhea sharp abdominal pain depression ache all over seizures abnormal involuntary movements dizziness,Drug withdrawal
vomiting antisocial behavior diarrhea sharp abdominal pain depression ache all over seizures abnormal involuntary movements dizziness,Drug withdrawal
vomiting antisocial behavior anxiety and nervousness chills diarrhea sharp abdominal pain depression ache all over seizures,Drug withdrawal
vomiting antisocial behavior anxiety and nervousness chills diarrhea depression ache all over seizures abnormal involuntary movements dizziness,Drug withdrawal
vomiting antisocial behavior diarrhea sharp abdominal pain depression seizures abnormal involuntary movements dizziness,Drug withdrawal
vomiting antisocial behavior anxiety and nervousness chills diarrhea depression ache all over seizures,Drug withdrawal
toothache facial pain peripheral edema ear pain mouth pain jaw swelling skin swelling pain in gums neck swelling skin irritation restlessness,Dental caries
toothache facial pain mouth pain jaw swelling skin swelling pain in gums neck swelling skin irritation restlessness,Dental caries
toothache facial pain peripheral edema ear pain mouth pain jaw swelling skin swelling pain in gums neck swelling,Dental caries
toothache facial pain peripheral edema ear pain mouth pain skin swelling pain in gums neck swelling skin irritation restlessness,Dental caries
toothache facial pain mouth pain jaw swelling skin swelling neck swelling skin irritation restlessness,Dental caries
toothache facial pain peripheral edema ear pain mouth pain skin swelling pain in gums neck swelling,Dental caries
sharp chest pain weight gain excessive urination at night hand or finger stiffness or tightness,Hypercholesterolemia
sharp chest pain weight gain,Hypercholesterolemia
knee pain knee swelling ankle pain hip pain leg swelling leg weakness melena bones are painful back cramps or spasms knee weakness,Fracture of the patella
knee pain knee swelling leg swelling leg weakness melena bones are painful back cramps or spasms knee weakness,Fracture of the patella
knee pain knee swelling ankle pain hip pain leg swelling leg weakness melena bones are painful back cramps or spasms,Fracture of the patella
knee pain knee swelling ankle pain hip pain leg swelling melena bones are painful back cramps or spasms knee weakness,Fracture of the patella
knee pain knee swelling leg swelling leg weakness melena back cramps or spasms knee weakness,Fracture of the patella
knee pain knee swelling ankle pain hip pain leg swelling melena bones are painful back cramps or spasms,Fracture of the patella
shortness of breath weakness sharp chest pain vomiting symptoms of the kidneys arm swelling leg swelling muscle cramps swollen abdomen leg weakness,Kidney failure
shortness of breath weakness symptoms of the kidneys arm swelling leg swelling muscle cramps swollen abdomen leg weakness,Kidney failure
shortness of breath weakness sharp chest pain vomiting symptoms of the kidneys arm swelling leg swelling muscle cramps,Kidney failure
shortness of breath weakness sharp chest pain vomiting symptoms of the kidneys leg swelling muscle cramps swollen abdomen leg weakness,Kidney failure
shortness of breath weakness symptoms of the kidneys arm swelling leg swelling swollen abdomen leg weakness,Kidney failure
shortness of breath weakness sharp chest pain vomiting symptoms of the kidneys leg swelling muscle cramps,Kidney failure
hip pain leg pain groin pain side pain elbow pain lower body pain symptoms of bladder low self esteem regurgitation,Fracture of the neck
hip pain leg pain elbow pain lower body pain symptoms of bladder low self esteem regurgitation,Fracture of the neck
hip pain leg pain groin pain side pain elbow pain symptoms of bladder low self esteem regurgitation,Fracture of the neck
hip pain leg pain elbow pain lower body pain symptoms of bladder regurgitation,Fracture of the neck
neck pain shoulder pain leg pain headache leg cramps or spasms low back pain muscle cramps arm pain sharp chest pain loss of sensation,Muscle spasm
neck pain shoulder pain leg cramps or spasms low back pain muscle cramps arm pain sharp chest pain loss of sensation,Muscle spasm
neck pain shoulder pain leg pain headache leg cramps or spasms low back pain muscle cramps arm pain,Muscle spasm
neck pain shoulder pain leg pain headache leg cramps or spasms muscle cramps arm pain sharp chest pain loss of sensation,Muscle spasm
neck pain shoulder pain leg pain headache leg cramps or spasms muscle cramps arm pain,Muscle spasm
leg pain headache bleeding gums frontal headache melena uterine contractions nosebleed groin pain hemoptysis absence of menstruation skin on arm or hand looks infected,Hemophilia
leg pain headache melena uterine contractions nosebleed groin pain hemoptysis absence of menstruation skin on arm or hand looks infected,Hemophilia
leg pain headache bleeding gums frontal headache melena uterine contractions nosebleed groin pain hemoptysis,Hemophilia
leg pain headache bleeding gums frontal headache melena nosebleed groin pain hemoptysis absence of menstruation skin on arm or hand looks infected,Hemophilia
leg pain headache melena uterine contractions nosebleed hemoptysis absence of menstruation skin on arm or hand looks infected,Hemophilia
leg pain headache bleeding gums frontal headache melena nosebleed groin pain hemoptysis,Hemophilia
weakness frequent urination cough sharp abdominal pain fainting burning chest pain mouth ulcer neck pain pain during intercourse mouth dryness diminished vision,Hyperosmotic hyperketotic state
weakness frequent urination fainting burning chest pain mouth ulcer neck pain pain during intercourse mouth dryness diminished vision,Hyperosmotic hyperketotic state
weakness frequent urination cough sharp abdominal pain fainting burning chest pain mouth ulcer neck pain pain during intercourse,Hyperosmotic hyperketotic state
weakness frequent urination cough sharp abdominal pain fainting mouth ulcer neck pain pain during intercourse mouth dryness diminished vision,Hyperosmotic hyperketotic state
weakness frequent urination fainting burning chest pain mouth ulcer pain during intercourse mouth dryness diminished vision,Hyperosmotic hyperketotic state
weakness frequent urination cough sharp abdominal pain fainting mouth ulcer neck pain pain during intercourse,Hyperosmotic hyperketotic state
sore throat swollen or red tonsils fever ear pain throat feels tight headache chills neck swelling throat swelling swollen lymph nodes throat redness,Peritonsillar abscess
sore throat swollen or red tonsils throat feels tight headache chills neck swelling throat swelling swollen lymph nodes throat redness,Peritonsillar abscess
sore throat swollen or red tonsils fever ear pain throat feels tight headache chills neck swelling throat swelling,Peritonsillar abscess
sore throat swollen or red tonsils fever ear pain throat feels tight chills neck swelling throat swelling swollen lymph nodes throat redness,Peritonsillar abscess
sore throat swollen or red tonsils throat feels tight headache chills throat swelling swollen lymph nodes throat redness,Peritonsillar abscess
sore throat swollen or red tonsils fever ear pain throat feels tight chills neck swelling throat swelling,Peritonsillar abscess
vomiting sharp abdominal pain regurgitation sharp chest pain diarrhea fatigue burning abdominal pain heartburn loss of sensation constipation upper abdominal pain,Gastroparesis
vomiting sharp abdominal pain diarrhea fatigue burning abdominal pain heartburn loss of sensation constipation upper abdominal pain,Gastroparesis
vomiting sharp abdominal pain regurgitation sharp chest pain diarrhea fatigue burning abdominal pain heartburn loss of sensation,Gastroparesis
vomiting sharp abdominal pain regurgitation sharp chest pain diarrhea burning abdominal pain heartburn loss of sensation constipation upper abdominal pain,Gastroparesis
vomiting sharp abdominal pain diarrhea fatigue burning abdominal pain loss of sensation constipation upper abdominal pain,Gastroparesis
vomiting sharp abdominal pain regurgitation sharp chest pain diarrhea burning abdominal pain heartburn loss of sensation,Gastroparesis
pain in eye facial pain ankle pain wrist pain pain during pregnancy excessive anger joint stiffness or tightness pain or soreness of breast knee lump or mass fatigue excessive urination at night,Fat embolism
pain in eye facial pain pain during pregnancy excessive anger joint stiffness or tightness pain or soreness of breast knee lump or mass fatigue excessive urination at night,Fat embolism
pain in eye facial pain ankle pain wrist pain pain during pregnancy excessive anger joint stiffness or tightness pain or soreness of breast knee lump or mass,Fat embolism
pain in eye facial pain ankle pain wrist pain pain during pregnancy joint stiffness or tightness pain or soreness of breast knee lump or mass fatigue excessive urination at night,Fat embolism
pain in eye facial pain pain during pregnancy excessive anger joint stiffness or tightness knee lump or mass fatigue excessive urination at night,Fat embolism
pain in eye facial pain ankle pain wrist pain pain during pregnancy joint stiffness or tightness pain or soreness of breast knee lump or mass,Fat embolism
fatigue dizziness headache symptoms of eye itching of skin joint pain regurgitation weight gain difficulty eating spots or clouds in vision joint swelling,Polycythemia vera
fatigue dizziness itching of skin joint pain regurgitation weight gain difficulty eating spots or clouds in vision joint swelling,Polycythemia vera
fatigue dizziness headache symptoms of eye itching of skin joint pain regurgitation weight gain difficulty eating,Polycythemia vera
fatigue dizziness headache symptoms of eye itching of skin regurgitation weight gain difficulty eating spots or clouds in vision joint swelling,Polycythemia vera
fatigue dizziness itching of skin joint pain regurgitation difficulty eating spots or clouds in vision joint swelling,Polycythemia vera
fatigue dizziness headache symptoms of eye itching of skin regurgitation weight gain difficulty eating,Polycythemia vera
sharp chest pain blood in urine nosebleed blood in stool bleeding gums tongue lesions eyelid swelling mouth pain irregular belly button lymphedema irregular appearing scalp,Thrombocytopenia
sharp chest pain blood in urine bleeding gums tongue lesions eyelid swelling mouth pain irregular belly button lymphedema irregular appearing scalp,Thrombocytopenia
sharp chest pain blood in urine nosebleed blood in stool bleeding gums tongue lesions eyelid swelling mouth pain irregular belly button,Thrombocytopenia
sharp chest pain blood in urine nosebleed blood in stool bleeding gums eyelid swelling mouth pain irregular belly button lymphedema irregular appearing scalp,Thrombocytopenia
sharp chest pain blood in urine bleeding gums tongue lesions eyelid swelling irregular belly button lymphedema irregular appearing scalp,Thrombocytopenia
sharp chest pain blood in urine nosebleed blood in stool bleeding gums eyelid swelling mouth pain irregular belly button,Thrombocytopenia
sore throat mouth pain throat feels tight facial pain hoarse voice neck mass plugged feeling in ear tongue lesions hemoptysis tongue pain bleeding in mouth,Head and neck cancer
sore throat mouth pain hoarse voice neck mass plugged feeling in ear tongue lesions hemoptysis tongue pain bleeding in mouth,Head and neck cancer
sore throat mouth pain throat feels tight facial pain hoarse voice neck mass plugged feeling in ear tongue lesions hemoptysis,Head and neck cancer
sore throat mouth pain throat feels tight facial pain hoarse voice plugged feeling in ear tongue lesions hemoptysis tongue pain bleeding in mouth,Head and neck cancer
sore throat mouth pain hoarse voice neck mass plugged feeling in ear hemoptysis tongue pain bleeding in mouth,Head and neck cancer
sore throat mouth pain throat feels tight facial pain hoarse voice plugged feeling in ear tongue lesions hemoptysis,Head and neck cancer
knee pain wrist pain low back pain hip pain leg pain joint pain ankle pain skin lesion wrist swelling leg swelling elbow weakness,Pseudohypoparathyroidism
knee pain wrist pain leg pain joint pain ankle pain skin lesion wrist swelling leg swelling elbow weakness,Pseudohypoparathyroidism
knee pain wrist pain low back pain hip pain leg pain joint pain ankle pain skin lesion wrist swelling,Pseudohypoparathyroidism
knee pain wrist pain low back pain hip pain leg pain ankle pain skin lesion wrist swelling leg swelling elbow weakness,Pseudohypoparathyroidism
knee pain wrist pain leg pain joint pain ankle pain wrist swelling leg swelling elbow weakness,Pseudohypoparathyroidism
knee pain wrist pain low back pain hip pain leg pain ankle pain skin lesion wrist swelling,Pseudohypoparathyroidism
fatigue neck mass difficulty in swallowing neck swelling lump in throat heartburn hot flashes leg weakness feeling hot and cold arm weakness bones are painful,Goiter
fatigue neck mass lump in throat heartburn hot flashes leg weakness feeling hot and cold arm weakness bones are painful,Goiter
fatigue neck mass difficulty in swallowing neck swelling lump in throat heartburn hot flashes leg weakness feeling hot and cold,Goiter
fatigue neck mass difficulty in swallowing neck swelling lump in throat hot flashes leg weakness feeling hot and cold arm weakness bones are painful,Goiter
fatigue neck mass lump in throat heartburn hot flashes feeling hot and cold arm weakness bones are painful,Goiter
fatigue neck mass difficulty in swallowing neck swelling lump in throat hot flashes leg weakness feeling hot and cold,Goiter
frequent urination symptoms of bladder retention of urine suprapubic pain painful urination back pain blood in urine excessive urination at night constipation vaginal itching symptoms of prostate,Urge incontinence
frequent urination symptoms of bladder painful urination back pain blood in urine excessive urination at night constipation vaginal itching symptoms of prostate,Urge incontinence
frequent urination symptoms of bladder retention of urine suprapubic pain painful urination back pain blood in urine excessive urination at night constipation,Urge incontinence
frequent urination symptoms of bladder retention of urine suprapubic pain painful urination blood in urine excessive urination at night constipation vaginal itching symptoms of prostate,Urge incontinence
frequent urination symptoms of bladder painful urination back pain blood in urine constipation vaginal itching symptoms of prostate,Urge incontinence
frequent urination symptoms of bladder retention of urine suprapubic pain painful urination blood in urine excessive urination at night constipation,Urge incontinence
fever knee lump or mass excessive growth vulvar sore shoulder swelling wrist weakness nailbiting itchy eyelid cross eyed eye strain joint stiffness or tightness,Edward syndrome
fever knee lump or mass shoulder swelling wrist weakness nailbiting itchy eyelid cross eyed eye strain joint stiffness or tightness,Edward syndrome
fever knee lump or mass excessive growth vulvar sore shoulder swelling wrist weakness nailbiting itchy eyelid cross eyed,Edward syndrome
fever knee lump or mass excessive growth vulvar sore shoulder swelling nailbiting itchy eyelid cross eyed eye strain joint stiffness or tightness,Edward syndrome
fever knee lump or mass shoulder swelling wrist weakness nailbiting cross eyed eye strain joint stiffness or tightness,Edward syndrome
fever knee lump or mass excessive growth vulvar sore shoulder swelling nailbiting itchy eyelid cross eyed,Edward syndrome
arm pain redness in or around nose elbow lump or mass hand or finger weakness elbow swelling knee weakness,Open wound of the arm
arm pain redness in or around nose elbow swelling knee weakness,Open wound of the arm
arm pain redness in or around nose elbow lump or mass hand or finger weakness elbow swelling,Open wound of the arm
fatigue muscle weakness cough weakness nasal congestion loss of sensation double vision hand or finger pain problems with movement hip pain feeling cold,Muscular dystrophy
fatigue muscle weakness nasal congestion loss of sensation double vision hand or finger pain problems with movement hip pain feeling cold,Muscular dystrophy
fatigue muscle weakness cough weakness nasal congestion loss of sensation double vision hand or finger pain problems with movement,Muscular dystrophy
fatigue muscle weakness cough weakness nasal congestion double vision hand or finger pain problems with movement hip pain feeling cold,Muscular dystrophy
fatigue muscle weakness nasal congestion loss of sensation double vision problems with movement hip pain feeling cold,Muscular dystrophy
fatigue muscle weakness cough weakness nasal congestion double vision hand or finger pain problems with movement,Muscular dystrophy
sharp abdominal pain pelvic pain painful menstruation vomiting side pain long menstrual periods fever diarrhea acne or pimples burning abdominal pain involuntary urination,Mittelschmerz
sharp abdominal pain pelvic pain side pain long menstrual periods fever diarrhea acne or pimples burning abdominal pain involuntary urination,Mittelschmerz
sharp abdominal pain pelvic pain painful menstruation vomiting side pain long menstrual periods fever diarrhea acne or pimples,Mittelschmerz
sharp abdominal pain pelvic pain painful menstruation vomiting side pain fever diarrhea acne or pimples burning abdominal pain involuntary urination,Mittelschmerz
sharp abdominal pain pelvic pain side pain long menstrual periods fever acne or pimples burning abdominal pain involuntary urination,Mittelschmerz
sharp abdominal pain pelvic pain painful menstruation vomiting side pain fever diarrhea acne or pimples,Mittelschmerz
pain in eye symptoms of eye swollen eye diminished vision lacrimation foreign body sensation in eye eye burns or stings itchiness of eye eyelid swelling eyelid lesion or rash white discharge from eye,Corneal abrasion
pain in eye symptoms of eye lacrimation foreign body sensation in eye eye burns or stings itchiness of eye eyelid swelling eyelid lesion or rash white discharge from eye,Corneal abrasion
pain in eye symptoms of eye swollen eye diminished vision lacrimation foreign body sensation in eye eye burns or stings itchiness of eye eyelid swelling,Corneal abrasion
pain in eye symptoms of eye swollen eye diminished vision lacrimation eye burns or stings itchiness of eye eyelid swelling eyelid lesion or rash white discharge from eye,Corneal abrasion
pain in eye symptoms of eye lacrimation foreign body sensation in eye eye burns or stings eyelid swelling eyelid lesion or rash white discharge from eye,Corneal abrasion
pain in eye symptoms of eye swollen eye diminished vision lacrimation eye burns or stings itchiness of eye eyelid swelling,Corneal abrasion
headache disturbance of memory problems with movement dizziness seizures weakness vomiting joint pain abnormal involuntary movements diminished vision difficulty speaking,Intracranial hemorrhage
headache disturbance of memory seizures weakness vomiting joint pain abnormal involuntary movements diminished vision difficulty speaking,Intracranial hemorrhage
headache disturbance of memory problems with movement dizziness seizures weakness vomiting joint pain abnormal involuntary movements,Intracranial hemorrhage
headache disturbance of memory problems with movement dizziness seizures vomiting joint pain abnormal involuntary movements diminished vision difficulty speaking,Intracranial hemorrhage
headache disturbance of memory seizures weakness vomiting abnormal involuntary movements diminished vision difficulty speaking,Intracranial hemorrhage
headache disturbance of memory problems with movement dizziness seizures vomiting joint pain abnormal involuntary movements,Intracranial hemorrhage
shortness of breath nausea vomiting dizziness sharp chest pain depressive or psychotic symptoms sharp abdominal pain feeling ill decreased heart rate decreased appetite difficulty in swallowing,Hyperkalemia
shortness of breath nausea sharp chest pain depressive or psychotic symptoms sharp abdominal pain feeling ill decreased heart rate decreased appetite difficulty in swallowing,Hyperkalemia
shortness of breath nausea vomiting dizziness sharp chest pain depressive or psychotic symptoms sharp abdominal pain feeling ill decreased heart rate,Hyperkalemia
shortness of breath nausea vomiting dizziness sharp chest pain sharp abdominal pain feeling ill decreased heart rate decreased appetite difficulty in swallowing,Hyperkalemia
shortness of breath nausea sharp chest pain depressive or psychotic symptoms sharp abdominal pain decreased heart rate decreased appetite difficulty in swallowing,Hyperkalemia
shortness of breath nausea vomiting dizziness sharp chest pain sharp abdominal pain feeling ill decreased heart rate,Hyperkalemia
pain in eye diminished vision symptoms of eye foreign body sensation in eye lacrimation eye burns or stings itchiness of eye spots or clouds in vision swollen eye lip swelling itchy eyelid,Cornea infection
pain in eye diminished vision lacrimation eye burns or stings itchiness of eye spots or clouds in vision swollen eye lip swelling itchy eyelid,Cornea infection
pain in eye diminished vision symptoms of eye foreign body sensation in eye lacrimation eye burns or stings itchiness of eye spots or clouds in vision swollen eye,Cornea infection
pain in eye diminished vision symptoms of eye foreign body sensation in eye lacrimation itchiness of eye spots or clouds in vision swollen eye lip swelling itchy eyelid,Cornea infection
pain in eye diminished vision lacrimation eye burns or stings itchiness of eye swollen eye lip swelling itchy eyelid,Cornea infection
pain in eye diminished vision symptoms of eye foreign body sensation in eye lacrimation itchiness of eye spots or clouds in vision swollen eye,Cornea infection
cough shortness of breath hemoptysis depressive or psychotic symptoms back pain drainage in throat vomiting headache itchy eyelid wrist weakness excessive growth,Abscess of the lung
cough shortness of breath back pain drainage in throat vomiting headache itchy eyelid wrist weakness excessive growth,Abscess of the lung
cough shortness of breath hemoptysis depressive or psychotic symptoms back pain drainage in throat vomiting headache itchy eyelid,Abscess of the lung
cough shortness of breath hemoptysis depressive or psychotic symptoms back pain vomiting headache itchy eyelid wrist weakness excessive growth,Abscess of the lung
cough shortness of breath back pain drainage in throat vomiting itchy eyelid wrist weakness excessive growth,Abscess of the lung
cough shortness of breath hemoptysis depressive or psychotic symptoms back pain vomiting headache itchy eyelid,Abscess of the lung
sore throat shoulder cramps or spasms ankle pain wrist pain pain during pregnancy joint stiffness or tightness excessive anger pain or soreness of breast knee lump or mass facial pain pain in eye,Dengue fever
sore throat shoulder cramps or spasms pain during pregnancy joint stiffness or tightness excessive anger pain or soreness of breast knee lump or mass facial pain pain in eye,Dengue fever
sore throat shoulder cramps or spasms ankle pain wrist pain pain during pregnancy joint stiffness or tightness excessive anger pain or soreness of breast knee lump or mass,Dengue fever
sore throat shoulder cramps or spasms ankle pain wrist pain pain during pregnancy excessive anger pain or soreness of breast knee lump or mass facial pain pain in eye,Dengue fever
sore throat shoulder cramps or spasms pain during pregnancy joint stiffness or tightness excessive anger knee lump or mass facial pain pain in eye,Dengue fever
sore throat shoulder cramps or spasms ankle pain wrist pain pain during pregnancy excessive anger pain or soreness of breast knee lump or mass,Dengue fever
cough headache sore throat fever frontal headache coryza ear pain painful sinuses sinus congestion facial pain congestion in chest,Chronic sinusitis
cough headache frontal headache coryza ear pain painful sinuses sinus congestion facial pain congestion in chest,Chronic sinusitis
cough headache sore throat fever frontal headache coryza ear pain painful sinuses sinus congestion,Chronic sinusitis
cough headache sore throat fever frontal headache ear pain painful sinuses sinus congestion facial pain congestion in chest,Chronic sinusitis
cough headache frontal headache coryza ear pain sinus congestion facial pain congestion in chest,Chronic sinusitis
cough headache sore throat fever frontal headache ear pain painful sinuses sinus congestion,Chronic sinusitis
ear pain fluid in ear redness in ear nasal congestion mass on ear plugged feeling in ear bleeding from ear skin growth pus draining from ear allergic reaction muscle swelling,Cholesteatoma
ear pain fluid in ear mass on ear plugged feeling in ear bleeding from ear skin growth pus draining from ear allergic reaction muscle swelling,Cholesteatoma
ear pain fluid in ear redness in ear nasal congestion mass on ear plugged feeling in ear bleeding from ear skin growth pus draining from ear,Cholesteatoma
ear pain fluid in ear redness in ear nasal congestion mass on ear bleeding from ear skin growth pus draining from ear allergic reaction muscle swelling,Cholesteatoma
ear pain fluid in ear mass on ear plugged feeling in ear bleeding from ear pus draining from ear allergic reaction muscle swelling,Cholesteatoma
ear pain fluid in ear redness in ear nasal congestion mass on ear bleeding from ear skin growth pus draining from ear,Cholesteatoma
sharp abdominal pain constipation burning abdominal pain peripheral edema back pain nausea depressive or psychotic symptoms diarrhea elbow cramps or spasms elbow weakness excessive growth,Volvulus
sharp abdominal pain constipation back pain nausea depressive or psychotic symptoms diarrhea elbow cramps or spasms elbow weakness excessive growth,Volvulus
sharp abdominal pain constipation burning abdominal pain peripheral edema back pain nausea depressive or psychotic symptoms diarrhea elbow cramps or spasms,Volvulus
sharp abdominal pain constipation burning abdominal pain peripheral edema back pain depressive or psychotic symptoms diarrhea elbow cramps or spasms elbow weakness excessive growth,Volvulus
sharp abdominal pain constipation back pain nausea depressive or psychotic symptoms elbow cramps or spasms elbow weakness excessive growth,Volvulus
sharp abdominal pain constipation burning abdominal pain peripheral edema back pain depressive or psychotic symptoms diarrhea elbow cramps or spasms,Volvulus
hand or finger pain hand or finger stiffness or tightness hand or finger weakness swelling of scrotum hand or finger lump or mass,Injury to the finger
hand or finger pain hand or finger stiffness or tightness hand or finger lump or mass,Injury to the finger
depressive or psychotic symptoms vomiting abusing alcohol problems during pregnancy low self esteem skin swelling heartburn hostile behavior throat irritation excessive anger blood in stool,Poisoning due to analgesics
depressive or psychotic symptoms vomiting low self esteem skin swelling heartburn hostile behavior throat irritation excessive anger blood in stool,Poisoning due to analgesics
depressive or psychotic symptoms vomiting abusing alcohol problems during pregnancy low self esteem skin swelling heartburn hostile behavior throat irritation,Poisoning due to analgesics
depressive or psychotic symptoms vomiting abusing alcohol problems during pregnancy low self esteem heartburn hostile behavior throat irritation excessive anger blood in stool,Poisoning due to analgesics
depressive or psychotic symptoms vomiting low self esteem skin swelling heartburn throat irritation excessive anger blood in stool,Poisoning due to analgesics
depressive or psychotic symptoms vomiting abusing alcohol problems during pregnancy low self esteem heartburn hostile behavior throat irritation,Poisoning due to analgesics
shortness of breath palpitations dizziness irregular heartbeat fatigue increased heart rate decreased heart rate,Atrial fibrillation
shortness of breath palpitations fatigue increased heart rate decreased heart rate,Atrial fibrillation
shortness of breath palpitations dizziness irregular heartbeat fatigue decreased heart rate,Atrial fibrillation
itching of the anus pain of the anus skin rash constipation itching of skin painful urination neck mass retention of urine ankle pain burning abdominal pain coryza,Pinworm infection
itching of the anus pain of the anus itching of skin painful urination neck mass retention of urine ankle pain burning abdominal pain coryza,Pinworm infection
itching of the anus pain of the anus skin rash constipation itching of skin painful urination neck mass retention of urine ankle pain,Pinworm infection
itching of the anus pain of the anus skin rash constipation itching of skin neck mass retention of urine ankle pain burning abdominal pain coryza,Pinworm infection
itching of the anus pain of the anus itching of skin painful urination neck mass ankle pain burning abdominal pain coryza,Pinworm infection
itching of the anus pain of the anus skin rash constipation itching of skin neck mass retention of urine ankle pain,Pinworm infection
side pain lower abdominal pain suprapubic pain vomiting constipation blood in urine skin growth nausea muscle swelling low back weakness elbow weakness,Urethral valves
side pain lower abdominal pain constipation blood in urine skin growth nausea muscle swelling low back weakness elbow weakness,Urethral valves
side pain lower abdominal pain suprapubic pain vomiting constipation blood in urine skin growth nausea muscle swelling,Urethral valves
side pain lower abdominal pain suprapubic pain vomiting constipation skin growth nausea muscle swelling low back weakness elbow weakness,Urethral valves
side pain lower abdominal pain constipation blood in urine skin growth muscle swelling low back weakness elbow weakness,Urethral valves
side pain lower abdominal pain suprapubic pain vomiting constipation skin growth nausea muscle swelling,Urethral valves
skin lesion abnormal appearing skin peripheral edema foot or toe swelling skin swelling sweating skin on leg or foot looks infected delusions or hallucinations increased heart rate skin on arm or hand looks infected,Open wound of the neck
skin lesion abnormal appearing skin skin swelling sweating skin on leg or foot looks infected delusions or hallucinations increased heart rate skin on arm or hand looks infected,Open wound of the neck
skin lesion abnormal appearing skin peripheral edema foot or toe swelling skin swelling sweating skin on leg or foot looks infected delusions or hallucinations increased heart rate,Open wound of the neck
skin lesion abnormal appearing skin peripheral edema foot or toe swelling skin swelling skin on leg or foot looks infected delusions or hallucinations increased heart rate skin on arm or hand looks infected,Open wound of the neck
skin lesion abnormal appearing skin skin swelling sweating skin on leg or foot looks infected increased heart rate skin on arm or hand looks infected,Open wound of the neck
skin lesion abnormal appearing skin peripheral edema foot or toe swelling skin swelling skin on leg or foot looks infected delusions or hallucinations increased heart rate,Open wound of the neck
sharp chest pain back pain cough regurgitation hurts to breath throat feels tight rib pain lump in throat cramps and spasms hoarse voice chest tightness,Achalasia
sharp chest pain back pain hurts to breath throat feels tight rib pain lump in throat cramps and spasms hoarse voice chest tightness,Achalasia
sharp chest pain back pain cough regurgitation hurts to breath throat feels tight rib pain lump in throat cramps and spasms,Achalasia
sharp chest pain back pain cough regurgitation hurts to breath rib pain lump in throat cramps and spasms hoarse voice chest tightness,Achalasia
sharp chest pain back pain hurts to breath throat feels tight rib pain cramps and spasms hoarse voice chest tightness,Achalasia
sharp chest pain back pain cough regurgitation hurts to breath rib pain lump in throat cramps and spasms,Achalasia
diminished hearing plugged feeling in ear redness in ear ringing in ear dizziness fluid in ear difficulty speaking lack of growth hoarse voice swollen or red tonsils low self esteem,Conductive hearing loss
diminished hearing plugged feeling in ear dizziness fluid in ear difficulty speaking lack of growth hoarse voice swollen or red tonsils low self esteem,Conductive hearing loss
diminished hearing plugged feeling in ear redness in ear ringing in ear dizziness fluid in ear difficulty speaking lack of growth hoarse voice,Conductive hearing loss
diminished hearing plugged feeling in ear redness in ear ringing in ear dizziness difficulty speaking lack of growth hoarse voice swollen or red tonsils low self esteem,Conductive hearing loss
diminished hearing plugged feeling in ear dizziness fluid in ear difficulty speaking hoarse voice swollen or red tonsils low self esteem,Conductive hearing loss
diminished hearing plugged feeling in ear redness in ear ringing in ear dizziness difficulty speaking lack of growth hoarse voice,Conductive hearing loss
sharp abdominal pain ache all over upper abdominal pain groin pain lower abdominal pain irregular belly button swollen abdomen regurgitation infant spitting up swelling of scrotum symptoms of the scrotum and testes,Abdominal hernia
sharp abdominal pain ache all over lower abdominal pain irregular belly button swollen abdomen regurgitation infant spitting up swelling of scrotum symptoms of the scrotum and testes,Abdominal hernia
sharp abdominal pain ache all over upper abdominal pain groin pain lower abdominal pain irregular belly button swollen abdomen regurgitation infant spitting up,Abdominal hernia
sharp abdominal pain ache all over upper abdominal pain groin pain lower abdominal pain swollen abdomen regurgitation infant spitting up swelling of scrotum symptoms of the scrotum and testes,Abdominal hernia
sharp abdominal pain ache all over lower abdominal pain irregular belly button swollen abdomen infant spitting up swelling of scrotum symptoms of the scrotum and testes,Abdominal hernia
sharp abdominal pain ache all over upper abdominal pain groin pain lower abdominal pain swollen abdomen regurgitation infant spitting up,Abdominal hernia
seizures cramps and spasms difficulty eating lack of growth leg cramps or spasms back cramps or spasms blindness infant feeding problem swollen tongue lip sore tongue lesions,Cerebral palsy
seizures cramps and spasms leg cramps or spasms back cramps or spasms blindness infant feeding problem swollen tongue lip sore tongue lesions,Cerebral palsy
seizures cramps and spasms difficulty eating lack of growth leg cramps or spasms back cramps or spasms blindness infant feeding problem swollen tongue,Cerebral palsy
seizures cramps and spasms difficulty eating lack of growth leg cramps or spasms blindness infant feeding problem swollen tongue lip sore tongue lesions,Cerebral palsy
seizures cramps and spasms leg cramps or spasms back cramps or spasms blindness swollen tongue lip sore tongue lesions,Cerebral palsy
seizures cramps and spasms difficulty eating lack of growth leg cramps or spasms blindness infant feeding problem swollen tongue,Cerebral palsy
drug abuse depressive or psychotic symptoms depression anxiety and nervousness hostile behavior delusions or hallucinations excessive anger temper problems fears and phobias low self esteem difficulty speaking,Marijuana abuse
drug abuse depressive or psychotic symptoms hostile behavior delusions or hallucinations excessive anger temper problems fears and phobias low self esteem difficulty speaking,Marijuana abuse
drug abuse depressive or psychotic symptoms depression anxiety and nervousness hostile behavior delusions or hallucinations excessive anger temper problems fears and phobias,Marijuana abuse
drug abuse depressive or psychotic symptoms depression anxiety and nervousness hostile behavior excessive anger temper problems fears and phobias low self esteem difficulty speaking,Marijuana abuse
drug abuse depressive or psychotic symptoms hostile behavior delusions or hallucinations excessive anger fears and phobias low self esteem difficulty speaking,Marijuana abuse
drug abuse depressive or psychotic symptoms depression anxiety and nervousness hostile behavior excessive anger temper problems fears and phobias,Marijuana abuse
lip swelling seizures depressive or psychotic symptoms shoulder swelling nailbiting eye strain cross eyed vulvar sore hip stiffness or tightness itchy eyelid wrist weakness,Cryptococcosis
lip swelling seizures nailbiting eye strain cross eyed vulvar sore hip stiffness or tightness itchy eyelid wrist weakness,Cryptococcosis
lip swelling seizures depressive or psychotic symptoms shoulder swelling nailbiting eye strain cross eyed vulvar sore hip stiffness or tightness,Cryptococcosis
lip swelling seizures depressive or psychotic symptoms shoulder swelling nailbiting cross eyed vulvar sore hip stiffness or tightness itchy eyelid wrist weakness,Cryptococcosis
lip swelling seizures nailbiting eye strain cross eyed hip stiffness or tightness itchy eyelid wrist weakness,Cryptococcosis
lip swelling seizures depressive or psychotic symptoms shoulder swelling nailbiting cross eyed vulvar sore hip stiffness or tightness,Cryptococcosis
weight gain sleepiness apnea excessive appetite,Obesity
weight gain sleepiness,Obesity
sharp abdominal pain nausea upper abdominal pain heartburn vomiting sharp chest pain diarrhea constipation regurgitation stomach bloating decreased appetite,Indigestion
sharp abdominal pain nausea vomiting sharp chest pain diarrhea constipation regurgitation stomach bloating decreased appetite,Indigestion
sharp abdominal pain nausea upper abdominal pain heartburn vomiting sharp chest pain diarrhea constipation regurgitation,Indigestion
sharp abdominal pain nausea upper abdominal pain heartburn vomiting diarrhea constipation regurgitation stomach bloating decreased appetite,Indigestion
sharp abdominal pain nausea vomiting sharp chest pain diarrhea regurgitation stomach bloating decreased appetite,Indigestion
sharp abdominal pain nausea upper abdominal pain heartburn vomiting diarrhea constipation regurgitation,Indigestion
shoulder pain elbow pain arm pain elbow swelling leg pain hip pain knee swelling shoulder stiffness or tightness leg swelling arm stiffness or tightness arm swelling,Bursitis
shoulder pain elbow pain leg pain hip pain knee swelling shoulder stiffness or tightness leg swelling arm stiffness or tightness arm swelling,Bursitis
shoulder pain elbow pain arm pain elbow swelling leg pain hip pain knee swelling shoulder stiffness or tightness leg swelling,Bursitis
shoulder pain elbow pain arm pain elbow swelling leg pain knee swelling shoulder stiffness or tightness leg swelling arm stiffness or tightness arm swelling,Bursitis
shoulder pain elbow pain leg pain hip pain knee swelling leg swelling arm stiffness or tightness arm swelling,Bursitis
shoulder pain elbow pain arm pain elbow swelling leg pain knee swelling shoulder stiffness or tightness leg swelling,Bursitis
fatigue weakness sharp abdominal pain vomiting shortness of breath difficulty in swallowing decreased appetite hoarse voice mouth pain changes in stool appearance stomach bloating,Esophageal cancer
fatigue weakness shortness of breath difficulty in swallowing decreased appetite hoarse voice mouth pain changes in stool appearance stomach bloating,Esophageal cancer
fatigue weakness sharp abdominal pain vomiting shortness of breath difficulty in swallowing decreased appetite hoarse voice mouth pain,Esophageal cancer
fatigue weakness sharp abdominal pain vomiting shortness of breath decreased appetite hoarse voice mouth pain changes in stool appearance stomach bloating,Esophageal cancer
fatigue weakness shortness of breath difficulty in swallowing decreased appetite mouth pain changes in stool appearance stomach bloating,Esophageal cancer
fatigue weakness sharp abdominal pain vomiting shortness of breath decreased appetite hoarse voice mouth pain,Esophageal cancer
shortness of breath cough difficulty breathing nasal congestion fever chest tightness congestion in chest weakness fluid retention leg swelling decreased heart rate,Pulmonary congestion
shortness of breath cough fever chest tightness congestion in chest weakness fluid retention leg swelling decreased heart rate,Pulmonary congestion
shortness of breath cough difficulty breathing nasal congestion fever chest tightness congestion in chest weakness fluid retention,Pulmonary congestion
shortness of breath cough difficulty breathing nasal congestion fever congestion in chest weakness fluid retention leg swelling decreased heart rate,Pulmonary congestion
shortness of breath cough fever chest tightness congestion in chest fluid retention leg swelling decreased heart rate,Pulmonary congestion
shortness of breath cough difficulty breathing nasal congestion fever congestion in chest weakness fluid retention,Pulmonary congestion
knee pain back pain ankle pain hand or finger pain hand or finger swelling problems with movement bones are painful wrist swelling ankle swelling pelvic pain knee swelling,Juvenile rheumatoid arthritis
knee pain back pain hand or finger swelling problems with movement bones are painful wrist swelling ankle swelling pelvic pain knee swelling,Juvenile rheumatoid arthritis
knee pain back pain ankle pain hand or finger pain hand or finger swelling problems with movement bones are painful wrist swelling ankle swelling,Juvenile rheumatoid arthritis
knee pain back pain ankle pain hand or finger pain hand or finger swelling bones are painful wrist swelling ankle swelling pelvic pain knee swelling,Juvenile rheumatoid arthritis
knee pain back pain hand or finger swelling problems with movement bones are painful ankle swelling pelvic pain knee swelling,Juvenile rheumatoid arthritis
knee pain back pain ankle pain hand or finger pain hand or finger swelling bones are painful wrist swelling ankle swelling,Juvenile rheumatoid arthritis
ear pain cough nasal congestion redness in ear fluid in ear sore throat coryza pulling at ears vomiting diminished hearing plugged feeling in ear,Acute otitis media
ear pain cough fluid in ear sore throat coryza pulling at ears vomiting diminished hearing plugged feeling in ear,Acute otitis media
ear pain cough nasal congestion redness in ear fluid in ear sore throat coryza pulling at ears vomiting,Acute otitis media
ear pain cough nasal congestion redness in ear fluid in ear coryza pulling at ears vomiting diminished hearing plugged feeling in ear,Acute otitis media
ear pain cough fluid in ear sore throat coryza vomiting diminished hearing plugged feeling in ear,Acute otitis media
ear pain cough nasal congestion redness in ear fluid in ear coryza pulling at ears vomiting,Acute otitis media
diminished vision lacrimation spots or clouds in vision eye redness itchiness of eye pain in eye foreign body sensation in eye eye deviation eye moves abnormally cross eyed double vision,Astigmatism
diminished vision lacrimation itchiness of eye pain in eye foreign body sensation in eye eye deviation eye moves abnormally cross eyed double vision,Astigmatism
diminished vision lacrimation spots or clouds in vision eye redness itchiness of eye pain in eye foreign body sensation in eye eye deviation eye moves abnormally,Astigmatism
diminished vision lacrimation spots or clouds in vision eye redness itchiness of eye foreign body sensation in eye eye deviation eye moves abnormally cross eyed double vision,Astigmatism
diminished vision lacrimation itchiness of eye pain in eye foreign body sensation in eye eye moves abnormally cross eyed double vision,Astigmatism
diminished vision lacrimation spots or clouds in vision eye redness itchiness of eye foreign body sensation in eye eye deviation eye moves abnormally,Astigmatism
seizures delusions or hallucinations symptoms of the kidneys shoulder pain depressive or psychotic symptoms difficulty speaking elbow weakness underweight excessive growth low back weakness feeling hot and cold,Tuberous sclerosis
seizures delusions or hallucinations depressive or psychotic symptoms difficulty speaking elbow weakness underweight excessive growth low back weakness feeling hot and cold,Tuberous sclerosis
seizures delusions or hallucinations symptoms of the kidneys shoulder pain depressive or psychotic symptoms difficulty speaking elbow weakness underweight excessive growth,Tuberous sclerosis
seizures delusions or hallucinations symptoms of the kidneys shoulder pain depressive or psychotic symptoms elbow weakness underweight excessive growth low back weakness feeling hot and cold,Tuberous sclerosis
seizures delusions or hallucinations depressive or psychotic symptoms difficulty speaking elbow weakness excessive growth low back weakness feeling hot and cold,Tuberous sclerosis
seizures delusions or hallucinations symptoms of the kidneys shoulder pain depressive or psychotic symptoms elbow weakness underweight excessive growth,Tuberous sclerosis
cough hurts to breath back pain sharp chest pain coryza skin rash leg pain skin lesion sharp abdominal pain difficulty breathing abnormal appearing skin,Empyema
cough hurts to breath coryza skin rash leg pain skin lesion sharp abdominal pain difficulty breathing abnormal appearing skin,Empyema
cough hurts to breath back pain sharp chest pain coryza skin rash leg pain skin lesion sharp abdominal pain,Empyema
cough hurts to breath back pain sharp chest pain coryza leg pain skin lesion sharp abdominal pain difficulty breathing abnormal appearing skin,Empyema
cough hurts to breath coryza skin rash leg pain sharp abdominal pain difficulty breathing abnormal appearing skin,Empyema
cough hurts to breath back pain sharp chest pain coryza leg pain skin lesion sharp abdominal pain,Empyema
diminished hearing ringing in ear ear pain neck stiffness or tightness elbow weakness excessive growth feeling hot and cold wrist weakness low back weakness emotional symptoms elbow cramps or spasms,Presbyacusis
diminished hearing ringing in ear elbow weakness excessive growth feeling hot and cold wrist weakness low back weakness emotional symptoms elbow cramps or spasms,Presbyacusis
diminished hearing ringing in ear ear pain neck stiffness or tightness elbow weakness excessive growth feeling hot and cold wrist weakness low back weakness,Presbyacusis
diminished hearing ringing in ear ear pain neck stiffness or tightness elbow weakness feeling hot and cold wrist weakness low back weakness emotional symptoms elbow cramps or spasms,Presbyacusis
diminished hearing ringing in ear elbow weakness excessive growth feeling hot and cold low back weakness emotional symptoms elbow cramps or spasms,Presbyacusis
diminished hearing ringing in ear ear pain neck stiffness or tightness elbow weakness feeling hot and cold wrist weakness low back weakness,Presbyacusis
jaundice irritable infant changes in stool appearance irregular belly button fluid in ear recent weight loss drainage in throat infant spitting up lack of growth irregular appearing scalp flatulence,Neonatal jaundice
jaundice irritable infant fluid in ear recent weight loss drainage in throat infant spitting up lack of growth irregular appearing scalp flatulence,Neonatal jaundice
jaundice irritable infant changes in stool appearance irregular belly button fluid in ear recent weight loss drainage in throat infant spitting up lack of growth,Neonatal jaundice
jaundice irritable infant changes in stool appearance irregular belly button fluid in ear drainage in throat infant spitting up lack of growth irregular appearing scalp flatulence,Neonatal jaundice
jaundice irritable infant fluid in ear recent weight loss drainage in throat lack of growth irregular appearing scalp flatulence,Neonatal jaundice
jaundice irritable infant changes in stool appearance irregular belly button fluid in ear drainage in throat infant spitting up lack of growth,Neonatal jaundice
cough nasal congestion fever sore throat difficulty breathing sharp chest pain coryza wheezing coughing up sputum congestion in chest chest tightness,Chronic obstructive pulmonary disease (COPD)
cough nasal congestion difficulty breathing sharp chest pain coryza wheezing coughing up sputum congestion in chest chest tightness,Chronic obstructive pulmonary disease (COPD)
cough nasal congestion fever sore throat difficulty breathing sharp chest pain coryza wheezing coughing up sputum,Chronic obstructive pulmonary disease (COPD)
cough nasal congestion fever sore throat difficulty breathing coryza wheezing coughing up sputum congestion in chest chest tightness,Chronic obstructive pulmonary disease (COPD)
cough nasal congestion difficulty breathing sharp chest pain coryza coughing up sputum congestion in chest chest tightness,Chronic obstructive pulmonary disease (COPD)
cough nasal congestion fever sore throat difficulty breathing coryza wheezing coughing up sputum,Chronic obstructive pulmonary disease (COPD)
arm pain arm stiffness or tightness depression wrist pain arm weakness elbow swelling irritable infant arm swelling,Dislocation of the elbow
arm pain arm stiffness or tightness arm weakness elbow swelling irritable infant arm swelling,Dislocation of the elbow
arm pain arm stiffness or tightness depression wrist pain arm weakness irritable infant arm swelling,Dislocation of the elbow
arm pain arm stiffness or tightness arm weakness elbow swelling irritable infant,Dislocation of the elbow
low back pain neck pain leg pain hip pain shoulder pain arm pain loss of sensation ache all over knee pain lower body pain paresthesia,Spondylosis
low back pain neck pain shoulder pain arm pain loss of sensation ache all over knee pain lower body pain paresthesia,Spondylosis
low back pain neck pain leg pain hip pain shoulder pain arm pain loss of sensation ache all over knee pain,Spondylosis
low back pain neck pain leg pain hip pain shoulder pain loss of sensation ache all over knee pain lower body pain paresthesia,Spondylosis
low back pain neck pain shoulder pain arm pain loss of sensation knee pain lower body pain paresthesia,Spondylosis
low back pain neck pain leg pain hip pain shoulder pain loss of sensation ache all over knee pain,Spondylosis
fever sore throat vomiting mouth ulcer decreased appetite cough insomnia abnormal appearing skin tongue lesions swollen lymph nodes redness in ear,Herpangina
fever sore throat decreased appetite cough insomnia abnormal appearing skin tongue lesions swollen lymph nodes redness in ear,Herpangina
fever sore throat vomiting mouth ulcer decreased appetite cough insomnia abnormal appearing skin tongue lesions,Herpangina
fever sore throat vomiting mouth ulcer decreased appetite insomnia abnormal appearing skin tongue lesions swollen lymph nodes redness in ear,Herpangina
fever sore throat decreased appetite cough insomnia tongue lesions swollen lymph nodes redness in ear,Herpangina
fever sore throat vomiting mouth ulcer decreased appetite insomnia abnormal appearing skin tongue lesions,Herpangina
shoulder pain neck pain back pain elbow pain shoulder stiffness or tightness lower body pain arm stiffness or tightness shoulder swelling bones are painful arm weakness muscle cramps,Injury to the shoulder
shoulder pain neck pain shoulder stiffness or tightness lower body pain arm stiffness or tightness shoulder swelling bones are painful arm weakness muscle cramps,Injury to the shoulder
shoulder pain neck pain back pain elbow pain shoulder stiffness or tightness lower body pain arm stiffness or tightness shoulder swelling bones are painful,Injury to the shoulder
shoulder pain neck pain back pain elbow pain shoulder stiffness or tightness arm stiffness or tightness shoulder swelling bones are painful arm weakness muscle cramps,Injury to the shoulder
shoulder pain neck pain shoulder stiffness or tightness lower body pain arm stiffness or tightness bones are painful arm weakness muscle cramps,Injury to the shoulder
shoulder pain neck pain back pain elbow pain shoulder stiffness or tightness arm stiffness or tightness shoulder swelling bones are painful,Injury to the shoulder
depression drug abuse headache sleepiness abusing alcohol allergic reaction weakness fainting muscle pain emotional symptoms back weakness,Poisoning due to antidepressants
depression drug abuse abusing alcohol allergic reaction weakness fainting muscle pain emotional symptoms back weakness,Poisoning due to antidepressants
depression drug abuse headache sleepiness abusing alcohol allergic reaction weakness fainting muscle pain,Poisoning due to antidepressants
depression drug abuse headache sleepiness abusing alcohol weakness fainting muscle pain emotional symptoms back weakness,Poisoning due to antidepressants
depression drug abuse abusing alcohol allergic reaction weakness muscle pain emotional symptoms back weakness,Poisoning due to antidepressants
depression drug abuse headache sleepiness abusing alcohol weakness fainting muscle pain,Poisoning due to antidepressants
abnormal appearing skin fever hand or finger swelling skin lesion skin on arm or hand looks infected leg swelling chills fluid retention insomnia decreased appetite skin swelling,Infection of open wound
abnormal appearing skin fever skin on arm or hand looks infected leg swelling chills fluid retention insomnia decreased appetite skin swelling,Infection of open wound
abnormal appearing skin fever hand or finger swelling skin lesion skin on arm or hand looks infected leg swelling chills fluid retention insomnia,Infection of open wound
abnormal appearing skin fever hand or finger swelling skin lesion skin on arm or hand looks infected chills fluid retention insomnia decreased appetite skin swelling,Infection of open wound
abnormal appearing skin fever skin on arm or hand looks infected leg swelling chills insomnia decreased appetite skin swelling,Infection of open wound
abnormal appearing skin fever hand or finger swelling skin lesion skin on arm or hand looks infected chills fluid retention insomnia,Infection of open wound
leg pain abnormal appearing skin peripheral edema arm swelling paresthesia foot or toe swelling ankle swelling leg stiffness or tightness leg cramps or spasms leg lump or mass disturbance of smell or taste,Deep vein thrombosis (DVT)
leg pain abnormal appearing skin paresthesia foot or toe swelling ankle swelling leg stiffness or tightness leg cramps or spasms leg lump or mass disturbance of smell or taste,Deep vein thrombosis (DVT)
leg pain abnormal appearing skin peripheral edema arm swelling paresthesia foot or toe swelling ankle swelling leg stiffness or tightness leg cramps or spasms,Deep vein thrombosis (DVT)
leg pain abnormal appearing skin peripheral edema arm swelling paresthesia ankle swelling leg stiffness or tightness leg cramps or spasms leg lump or mass disturbance of smell or taste,Deep vein thrombosis (DVT)
leg pain abnormal appearing skin paresthesia foot or toe swelling ankle swelling leg cramps or spasms leg lump or mass disturbance of smell or taste,Deep vein thrombosis (DVT)
leg pain abnormal appearing skin peripheral edema arm swelling paresthesia ankle swelling leg stiffness or tightness leg cramps or spasms,Deep vein thrombosis (DVT)
weakness vomiting decreased appetite ache all over fatigue depression dizziness shortness of breath sharp abdominal pain constipation smoking problems,Protein deficiency
weakness vomiting fatigue depression dizziness shortness of breath sharp abdominal pain constipation smoking problems,Protein deficiency
weakness vomiting decreased appetite ache all over fatigue depression dizziness shortness of breath sharp abdominal pain,Protein deficiency
weakness vomiting decreased appetite ache all over fatigue dizziness shortness of breath sharp abdominal pain constipation smoking problems,Protein deficiency
weakness vomiting fatigue depression dizziness sharp abdominal pain constipation smoking problems,Protein deficiency
weakness vomiting decreased appetite ache all over fatigue dizziness shortness of breath sharp abdominal pain,Protein deficiency
abnormal involuntary movements eye moves abnormally problems with movement fainting drainage in throat sleepiness arm cramps or spasms disturbance of memory insomnia loss of sensation muscle swelling,Myoclonus
abnormal involuntary movements eye moves abnormally drainage in throat sleepiness arm cramps or spasms disturbance of memory insomnia loss of sensation muscle swelling,Myoclonus
abnormal involuntary movements eye moves abnormally problems with movement fainting drainage in throat sleepiness arm cramps or spasms disturbance of memory insomnia,Myoclonus
abnormal involuntary movements eye moves abnormally problems with movement fainting drainage in throat arm cramps or spasms disturbance of memory insomnia loss of sensation muscle swelling,Myoclonus
abnormal involuntary movements eye moves abnormally drainage in throat sleepiness arm cramps or spasms insomnia loss of sensation muscle swelling,Myoclonus
abnormal involuntary movements eye moves abnormally problems with movement fainting drainage in throat arm cramps or spasms disturbance of memory insomnia,Myoclonus
foot or toe pain foot or toe swelling leg pain paresthesia problems with movement joint pain weight gain muscle pain elbow pain heartburn ankle swelling,Bone spur of the calcaneous
foot or toe pain foot or toe swelling problems with movement joint pain weight gain muscle pain elbow pain heartburn ankle swelling,Bone spur of the calcaneous
foot or toe pain foot or toe swelling leg pain paresthesia problems with movement joint pain weight gain muscle pain elbow pain,Bone spur of the calcaneous
foot or toe pain foot or toe swelling leg pain paresthesia problems with movement weight gain muscle pain elbow pain heartburn ankle swelling,Bone spur of the calcaneous
foot or toe pain foot or toe swelling problems with movement joint pain weight gain elbow pain heartburn ankle swelling,Bone spur of the calcaneous
foot or toe pain foot or toe swelling leg pain paresthesia problems with movement weight gain muscle pain elbow pain,Bone spur of the calcaneous
nosebleed fatigue long menstrual periods wrist pain blood in stool arm pain heavy menstrual flow burning abdominal pain muscle swelling low back weakness abnormal size or shape of ear,Von Willebrand disease
nosebleed fatigue blood in stool arm pain heavy menstrual flow burning abdominal pain muscle swelling low back weakness abnormal size or shape of ear,Von Willebrand disease
nosebleed fatigue long menstrual periods wrist pain blood in stool arm pain heavy menstrual flow burning abdominal pain muscle swelling,Von Willebrand disease
nosebleed fatigue long menstrual periods wrist pain blood in stool heavy menstrual flow burning abdominal pain muscle swelling low back weakness abnormal size or shape of ear,Von Willebrand disease
nosebleed fatigue blood in stool arm pain heavy menstrual flow muscle swelling low back weakness abnormal size or shape of ear,Von Willebrand disease
nosebleed fatigue long menstrual periods wrist pain blood in stool heavy menstrual flow burning abdominal pain muscle swelling,Von Willebrand disease
skin lesion weight gain throat feels tight irregular heartbeat lymphedema skin growth,Open wound of the back
skin lesion weight gain lymphedema skin growth,Open wound of the back
skin lesion weight gain throat feels tight irregular heartbeat lymphedema,Open wound of the back
sharp chest pain dizziness fainting weakness palpitations chest tightness peripheral edema decreased heart rate weight gain increased heart rate irregular heartbeat,Heart block
sharp chest pain dizziness palpitations chest tightness peripheral edema decreased heart rate weight gain increased heart rate irregular heartbeat,Heart block
sharp chest pain dizziness fainting weakness palpitations chest tightness peripheral edema decreased heart rate weight gain,Heart block
sharp chest pain dizziness fainting weakness palpitations peripheral edema decreased heart rate weight gain increased heart rate irregular heartbeat,Heart block
sharp chest pain dizziness palpitations chest tightness peripheral edema weight gain increased heart rate irregular heartbeat,Heart block
sharp chest pain dizziness fainting weakness palpitations peripheral edema decreased heart rate weight gain,Heart block
rectal bleeding constipation sharp abdominal pain diarrhea upper abdominal pain heartburn pain of the anus regurgitation flatulence changes in stool appearance discharge in stools,Colonic polyp
rectal bleeding constipation upper abdominal pain heartburn pain of the anus regurgitation flatulence changes in stool appearance discharge in stools,Colonic polyp
rectal bleeding constipation sharp abdominal pain diarrhea upper abdominal pain heartburn pain of the anus regurgitation flatulence,Colonic polyp
rectal bleeding constipation sharp abdominal pain diarrhea upper abdominal pain pain of the anus regurgitation flatulence changes in stool appearance discharge in stools,Colonic polyp
rectal bleeding constipation upper abdominal pain heartburn pain of the anus flatulence changes in stool appearance discharge in stools,Colonic polyp
rectal bleeding constipation sharp abdominal pain diarrhea upper abdominal pain pain of the anus regurgitation flatulence,Colonic polyp
retention of urine unusual color or odor to urine symptoms of the scrotum and testes skin growth suprapubic pain penis pain jaundice,Hypospadias
retention of urine unusual color or odor to urine suprapubic pain penis pain jaundice,Hypospadias
retention of urine unusual color or odor to urine symptoms of the scrotum and testes skin growth suprapubic pain jaundice,Hypospadias
dizziness leg pain sharp chest pain palpitations vomiting weakness seizures shortness of breath nausea diarrhea leg cramps or spasms,Magnesium deficiency
dizziness leg pain vomiting weakness seizures shortness of breath nausea diarrhea leg cramps or spasms,Magnesium deficiency
dizziness leg pain sharp chest pain palpitations vomiting weakness seizures shortness of breath nausea,Magnesium deficiency
dizziness leg pain sharp chest pain palpitations vomiting seizures shortness of breath nausea diarrhea leg cramps or spasms,Magnesium deficiency
dizziness leg pain vomiting weakness seizures nausea diarrhea leg cramps or spasms,Magnesium deficiency
dizziness leg pain sharp chest pain palpitations vomiting seizures shortness of breath nausea,Magnesium deficiency
infertility long menstrual periods scanty menstrual flow unwanted hair absence of menstruation bleeding or discharge from nipple loss of sex drive pain during intercourse irregular belly button,Female infertility of unknown cause
infertility long menstrual periods absence of menstruation bleeding or discharge from nipple loss of sex drive pain during intercourse irregular belly button,Female infertility of unknown cause
infertility long menstrual periods scanty menstrual flow unwanted hair absence of menstruation loss of sex drive pain during intercourse irregular belly button,Female infertility of unknown cause
infertility long menstrual periods absence of menstruation bleeding or discharge from nipple loss of sex drive irregular belly button,Female infertility of unknown cause
sharp chest pain difficulty breathing chest tightness sharp abdominal pain nausea irregular heartbeat fainting palpitations lower body pain hurts to breath lymphedema,Pericarditis
sharp chest pain difficulty breathing nausea irregular heartbeat fainting palpitations lower body pain hurts to breath lymphedema,Pericarditis
sharp chest pain difficulty breathing chest tightness sharp abdominal pain nausea irregular heartbeat fainting palpitations lower body pain,Pericarditis
sharp chest pain difficulty breathing chest tightness sharp abdominal pain nausea fainting palpitations lower body pain hurts to breath lymphedema,Pericarditis
sharp chest pain difficulty breathing nausea irregular heartbeat fainting lower body pain hurts to breath lymphedema,Pericarditis
sharp chest pain difficulty breathing chest tightness sharp abdominal pain nausea fainting palpitations lower body pain,Pericarditis
depressive or psychotic symptoms anxiety and nervousness hostile behavior excessive anger restlessness temper problems drug abuse obsessions and compulsions low self esteem lack of growth antisocial behavior,Attention deficit hyperactivity disorder (ADHD)
depressive or psychotic symptoms anxiety and nervousness restlessness temper problems drug abuse obsessions and compulsions low self esteem lack of growth antisocial behavior,Attention deficit hyperactivity disorder (ADHD)
depressive or psychotic symptoms anxiety and nervousness hostile behavior excessive anger restlessness temper problems drug abuse obsessions and compulsions low self esteem,Attention deficit hyperactivity disorder (ADHD)
depressive or psychotic symptoms anxiety and nervousness hostile behavior excessive anger restlessness drug abuse obsessions and compulsions low self esteem lack of growth antisocial behavior,Attention deficit hyperactivity disorder (ADHD)
depressive or psychotic symptoms anxiety and nervousness restlessness temper problems drug abuse low self esteem lack of growth antisocial behavior,Attention deficit hyperactivity disorder (ADHD)
depressive or psychotic symptoms anxiety and nervousness hostile behavior excessive anger restlessness drug abuse obsessions and compulsions low self esteem,Attention deficit hyperactivity disorder (ADHD)
painful urination arm pain loss of sensation weakness diminished vision vulvar sore excessive growth knee lump or mass nailbiting shoulder swelling neck cramps or spasms,Neuromyelitis optica
painful urination arm pain diminished vision vulvar sore excessive growth knee lump or mass nailbiting shoulder swelling neck cramps or spasms,Neuromyelitis optica
painful urination arm pain loss of sensation weakness diminished vision vulvar sore excessive growth knee lump or mass nailbiting,Neuromyelitis optica
painful urination arm pain loss of sensation weakness diminished vision excessive growth knee lump or mass nailbiting shoulder swelling neck cramps or spasms,Neuromyelitis optica
painful urination arm pain diminished vision vulvar sore excessive growth nailbiting shoulder swelling neck cramps or spasms,Neuromyelitis optica
painful urination arm pain loss of sensation weakness diminished vision excessive growth knee lump or mass nailbiting,Neuromyelitis optica
lack of growth shortness of breath low back pain elbow weakness elbow cramps or spasms excessive growth feeling hot and cold wrist weakness low back weakness emotional symptoms nailbiting,Pulmonic valve disease
lack of growth shortness of breath elbow cramps or spasms excessive growth feeling hot and cold wrist weakness low back weakness emotional symptoms nailbiting,Pulmonic valve disease
lack of growth shortness of breath low back pain elbow weakness elbow cramps or spasms excessive growth feeling hot and cold wrist weakness low back weakness,Pulmonic valve disease
lack of growth shortness of breath low back pain elbow weakness elbow cramps or spasms feeling hot and cold wrist weakness low back weakness emotional symptoms nailbiting,Pulmonic valve disease
lack of growth shortness of breath elbow cramps or spasms excessive growth feeling hot and cold low back weakness emotional symptoms nailbiting,Pulmonic valve disease
lack of growth shortness of breath low back pain elbow weakness elbow cramps or spasms feeling hot and cold wrist weakness low back weakness,Pulmonic valve disease
sharp chest pain shortness of breath cough back pain chest tightness side pain nausea hurts to breath difficulty breathing pain or soreness of breast loss of sensation,Tietze syndrome
sharp chest pain shortness of breath chest tightness side pain nausea hurts to breath difficulty breathing pain or soreness of breast loss of sensation,Tietze syndrome
sharp chest pain shortness of breath cough back pain chest tightness side pain nausea hurts to breath difficulty breathing,Tietze syndrome
sharp chest pain shortness of breath cough back pain chest tightness nausea hurts to breath difficulty breathing pain or soreness of breast loss of sensation,Tietze syndrome
sharp chest pain shortness of breath chest tightness side pain nausea difficulty breathing pain or soreness of breast loss of sensation,Tietze syndrome
sharp chest pain shortness of breath cough back pain chest tightness nausea hurts to breath difficulty breathing,Tietze syndrome
double vision diminished vision abnormal involuntary movements symptoms of the face loss of sensation abnormal movement of eyelid pupils unequal pain in eye facial pain difficulty speaking cramps and spasms,Cranial nerve palsy
double vision diminished vision loss of sensation abnormal movement of eyelid pupils unequal pain in eye facial pain difficulty speaking cramps and spasms,Cranial nerve palsy
double vision diminished vision abnormal involuntary movements symptoms of the face loss of sensation abnormal movement of eyelid pupils unequal pain in eye facial pain,Cranial nerve palsy
double vision diminished vision abnormal involuntary movements symptoms of the face loss of sensation pupils unequal pain in eye facial pain difficulty speaking cramps and spasms,Cranial nerve palsy
double vision diminished vision loss of sensation abnormal movement of eyelid pupils unequal facial pain difficulty speaking cramps and spasms,Cranial nerve palsy
double vision diminished vision abnormal involuntary movements symptoms of the face loss of sensation pupils unequal pain in eye facial pain,Cranial nerve palsy
wrist pain arm pain hand or finger pain loss of sensation wrist swelling hand or finger swelling joint pain elbow swelling arm swelling arm stiffness or tightness bones are painful,Injury to the arm
wrist pain arm pain wrist swelling hand or finger swelling joint pain elbow swelling arm swelling arm stiffness or tightness bones are painful,Injury to the arm
wrist pain arm pain hand or finger pain loss of sensation wrist swelling hand or finger swelling joint pain elbow swelling arm swelling,Injury to the arm
wrist pain arm pain hand or finger pain loss of sensation wrist swelling joint pain elbow swelling arm swelling arm stiffness or tightness bones are painful,Injury to the arm
wrist pain arm pain wrist swelling hand or finger swelling joint pain arm swelling arm stiffness or tightness bones are painful,Injury to the arm
wrist pain arm pain hand or finger pain loss of sensation wrist swelling joint pain elbow swelling arm swelling,Injury to the arm
seizures sweating allergic reaction weakness sore throat anxiety and nervousness abnormal involuntary movements fatigue cough focal weakness fainting,Conversion disorder
seizures sweating sore throat anxiety and nervousness abnormal involuntary movements fatigue cough focal weakness fainting,Conversion disorder
seizures sweating allergic reaction weakness sore throat anxiety and nervousness abnormal involuntary movements fatigue cough,Conversion disorder
seizures sweating allergic reaction weakness sore throat abnormal involuntary movements fatigue cough focal weakness fainting,Conversion disorder
seizures sweating sore throat anxiety and nervousness abnormal involuntary movements cough focal weakness fainting,Conversion disorder
seizures sweating allergic reaction weakness sore throat abnormal involuntary movements fatigue cough,Conversion disorder
loss of sensation foot or toe pain paresthesia back pain ache all over arm pain hand or finger pain low back pain neck pain abnormal involuntary movements problems with movement,Complex regional pain syndrome
loss of sensation foot or toe pain ache all over arm pain hand or finger pain low back pain neck pain abnormal involuntary movements problems with movement,Complex regional pain syndrome
loss of sensation foot or toe pain paresthesia back pain ache all over arm pain hand or finger pain low back pain neck pain,Complex regional pain syndrome
loss of sensation foot or toe pain paresthesia back pain ache all over hand or finger pain low back pain neck pain abnormal involuntary movements problems with movement,Complex regional pain syndrome
loss of sensation foot or toe pain ache all over arm pain hand or finger pain neck pain abnormal involuntary movements problems with movement,Complex regional pain syndrome
loss of sensation foot or toe pain paresthesia back pain ache all over hand or finger pain low back pain neck pain,Complex regional pain syndrome
diminished hearing plugged feeling in ear ear pain elbow weakness nailbiting low back weakness emotional symptoms elbow cramps or spasms underweight wrist weakness muscle swelling,Otosclerosis
diminished hearing plugged feeling in ear nailbiting low back weakness emotional symptoms elbow cramps or spasms underweight wrist weakness muscle swelling,Otosclerosis
diminished hearing plugged feeling in ear ear pain elbow weakness nailbiting low back weakness emotional symptoms elbow cramps or spasms underweight,Otosclerosis
diminished hearing plugged feeling in ear ear pain elbow weakness nailbiting emotional symptoms elbow cramps or spasms underweight wrist weakness muscle swelling,Otosclerosis
diminished hearing plugged feeling in ear nailbiting low back weakness emotional symptoms underweight wrist weakness muscle swelling,Otosclerosis
diminished hearing plugged feeling in ear ear pain elbow weakness nailbiting emotional symptoms elbow cramps or spasms underweight,Otosclerosis
back pain sharp chest pain low back pain neck pain shoulder pain headache lower body pain bones are painful wrist pain symptoms of the scrotum and testes sinus congestion,Injury to the trunk
back pain sharp chest pain shoulder pain headache lower body pain bones are painful wrist pain symptoms of the scrotum and testes sinus congestion,Injury to the trunk
back pain sharp chest pain low back pain neck pain shoulder pain headache lower body pain bones are painful wrist pain,Injury to the trunk
back pain sharp chest pain low back pain neck pain shoulder pain lower body pain bones are painful wrist pain symptoms of the scrotum and testes sinus congestion,Injury to the trunk
back pain sharp chest pain shoulder pain headache lower body pain wrist pain symptoms of the scrotum and testes sinus congestion,Injury to the trunk
back pain sharp chest pain low back pain neck pain shoulder pain lower body pain bones are painful wrist pain,Injury to the trunk
fatigue too little hair muscle pain hot flashes leg cramps or spasms absence of menstruation poor circulation wrist swelling feeling cold thirst,Hypothyroidism
fatigue too little hair leg cramps or spasms absence of menstruation poor circulation wrist swelling feeling cold thirst,Hypothyroidism
fatigue too little hair muscle pain hot flashes leg cramps or spasms absence of menstruation poor circulation wrist swelling feeling cold,Hypothyroidism
fatigue too little hair muscle pain hot flashes leg cramps or spasms poor circulation wrist swelling feeling cold thirst,Hypothyroidism
fatigue too little hair leg cramps or spasms absence of menstruation poor circulation feeling cold thirst,Hypothyroidism
fatigue too little hair muscle pain hot flashes leg cramps or spasms poor circulation wrist swelling feeling cold,Hypothyroidism
insomnia fatigue apnea sleepiness headache anxiety and nervousness sleepwalking seizures neck pain abnormal involuntary movements delusions or hallucinations,Primary insomnia
insomnia fatigue headache anxiety and nervousness sleepwalking seizures neck pain abnormal involuntary movements delusions or hallucinations,Primary insomnia
insomnia fatigue apnea sleepiness headache anxiety and nervousness sleepwalking seizures neck pain,Primary insomnia
insomnia fatigue apnea sleepiness headache sleepwalking seizures neck pain abnormal involuntary movements delusions or hallucinations,Primary insomnia
insomnia fatigue headache anxiety and nervousness sleepwalking neck pain abnormal involuntary movements delusions or hallucinations,Primary insomnia
insomnia fatigue apnea sleepiness headache sleepwalking seizures neck pain,Primary insomnia
itchy scalp cough itching of skin smoking problems skin lesion fever nasal congestion warts skin oiliness leg lump or mass sneezing,Lice
itchy scalp cough skin lesion fever nasal congestion warts skin oiliness leg lump or mass sneezing,Lice
itchy scalp cough itching of skin smoking problems skin lesion fever nasal congestion warts skin oiliness,Lice
itchy scalp cough itching of skin smoking problems skin lesion nasal congestion warts skin oiliness leg lump or mass sneezing,Lice
itchy scalp cough skin lesion fever nasal congestion skin oiliness leg lump or mass sneezing,Lice
itchy scalp cough itching of skin smoking problems skin lesion nasal congestion warts skin oiliness,Lice
fatigue disturbance of memory problems with movement sweating symptoms of the face heartburn hot flashes leg cramps or spasms abnormal appearing tongue too little hair knee stiffness or tightness,Vitamin B12 deficiency
fatigue disturbance of memory symptoms of the face heartburn hot flashes leg cramps or spasms abnormal appearing tongue too little hair knee stiffness or tightness,Vitamin B12 deficiency
fatigue disturbance of memory problems with movement sweating symptoms of the face heartburn hot flashes leg cramps or spasms abnormal appearing tongue,Vitamin B12 deficiency
fatigue disturbance of memory problems with movement sweating symptoms of the face hot flashes leg cramps or spasms abnormal appearing tongue too little hair knee stiffness or tightness,Vitamin B12 deficiency
fatigue disturbance of memory symptoms of the face heartburn hot flashes abnormal appearing tongue too little hair knee stiffness or tightness,Vitamin B12 deficiency
fatigue disturbance of memory problems with movement sweating symptoms of the face hot flashes leg cramps or spasms abnormal appearing tongue,Vitamin B12 deficiency
weight gain symptoms of the kidneys,Diabetes
pelvic pain lower abdominal pain pain during pregnancy nausea back pain vaginal pain side pain vaginal discharge burning abdominal pain painful urination cramps and spasms,Vulvodynia
pelvic pain lower abdominal pain back pain vaginal pain side pain vaginal discharge burning abdominal pain painful urination cramps and spasms,Vulvodynia
pelvic pain lower abdominal pain pain during pregnancy nausea back pain vaginal pain side pain vaginal discharge burning abdominal pain,Vulvodynia
pelvic pain lower abdominal pain pain during pregnancy nausea back pain side pain vaginal discharge burning abdominal pain painful urination cramps and spasms,Vulvodynia
pelvic pain lower abdominal pain back pain vaginal pain side pain burning abdominal pain painful urination cramps and spasms,Vulvodynia
pelvic pain lower abdominal pain pain during pregnancy nausea back pain side pain vaginal discharge burning abdominal pain,Vulvodynia
pelvic pain lower abdominal pain painful menstruation heavy menstrual flow burning abdominal pain infertility intermenstrual bleeding hot flashes absence of menstruation vaginal pain chills,Endometriosis
pelvic pain lower abdominal pain burning abdominal pain infertility intermenstrual bleeding hot flashes absence of menstruation vaginal pain chills,Endometriosis
pelvic pain lower abdominal pain painful menstruation heavy menstrual flow burning abdominal pain infertility intermenstrual bleeding hot flashes absence of menstruation,Endometriosis
pelvic pain lower abdominal pain painful menstruation heavy menstrual flow burning abdominal pain intermenstrual bleeding hot flashes absence of menstruation vaginal pain chills,Endometriosis
pelvic pain lower abdominal pain burning abdominal pain infertility intermenstrual bleeding absence of menstruation vaginal pain chills,Endometriosis
pelvic pain lower abdominal pain painful menstruation heavy menstrual flow burning abdominal pain intermenstrual bleeding hot flashes absence of menstruation,Endometriosis
skin rash headache leg pain dizziness lymphedema foot or toe swelling plugged feeling in ear skin irritation swollen tongue leg lump or mass leg stiffness or tightness,Vasculitis
skin rash headache lymphedema foot or toe swelling plugged feeling in ear skin irritation swollen tongue leg lump or mass leg stiffness or tightness,Vasculitis
skin rash headache leg pain dizziness lymphedema foot or toe swelling plugged feeling in ear skin irritation swollen tongue,Vasculitis
skin rash headache leg pain dizziness lymphedema plugged feeling in ear skin irritation swollen tongue leg lump or mass leg stiffness or tightness,Vasculitis
skin rash headache lymphedema foot or toe swelling plugged feeling in ear swollen tongue leg lump or mass leg stiffness or tightness,Vasculitis
skin rash headache leg pain dizziness lymphedema plugged feeling in ear skin irritation swollen tongue,Vasculitis
headache neck pain vomiting disturbance of memory nausea back pain facial pain sleepiness rib pain double vision difficulty speaking,Concussion
headache neck pain nausea back pain facial pain sleepiness rib pain double vision difficulty speaking,Concussion
headache neck pain vomiting disturbance of memory nausea back pain facial pain sleepiness rib pain,Concussion
headache neck pain vomiting disturbance of memory nausea facial pain sleepiness rib pain double vision difficulty speaking,Concussion
headache neck pain nausea back pain facial pain rib pain double vision difficulty speaking,Concussion
headache neck pain vomiting disturbance of memory nausea facial pain sleepiness rib pain,Concussion
tongue lesions hemoptysis skin swelling gum pain mouth pain elbow cramps or spasms elbow weakness excessive growth underweight low back weakness wrist weakness,Oral leukoplakia
tongue lesions hemoptysis mouth pain elbow cramps or spasms elbow weakness excessive growth underweight low back weakness wrist weakness,Oral leukoplakia
tongue lesions hemoptysis skin swelling gum pain mouth pain elbow cramps or spasms elbow weakness excessive growth underweight,Oral leukoplakia
tongue lesions hemoptysis skin swelling gum pain mouth pain elbow weakness excessive growth underweight low back weakness wrist weakness,Oral leukoplakia
tongue lesions hemoptysis mouth pain elbow cramps or spasms elbow weakness underweight low back weakness wrist weakness,Oral leukoplakia
tongue lesions hemoptysis skin swelling gum pain mouth pain elbow weakness excessive growth underweight,Oral leukoplakia
fatigue symptoms of the kidneys peripheral edema feeling cold unusual color or odor to urine,Chronic kidney disease
fatigue symptoms of the kidneys unusual color or odor to urine,Chronic kidney disease
symptoms of bladder frequent urination sharp abdominal pain retention of urine involuntary urination suprapubic pain painful urination bladder mass coryza pelvic pain lower abdominal pain,Bladder disorder
symptoms of bladder frequent urination involuntary urination suprapubic pain painful urination bladder mass coryza pelvic pain lower abdominal pain,Bladder disorder
symptoms of bladder frequent urination sharp abdominal pain retention of urine involuntary urination suprapubic pain painful urination bladder mass coryza,Bladder disorder
symptoms of bladder frequent urination sharp abdominal pain retention of urine involuntary urination painful urination bladder mass coryza pelvic pain lower abdominal pain,Bladder disorder
symptoms of bladder frequent urination involuntary urination suprapubic pain painful urination coryza pelvic pain lower abdominal pain,Bladder disorder
symptoms of bladder frequent urination sharp abdominal pain retention of urine involuntary urination painful urination bladder mass coryza,Bladder disorder
diminished vision eye burns or stings pain in eye itchiness of eye double vision foreign body sensation in eye muscle swelling elbow cramps or spasms pus in urine low back weakness knee cramps or spasms,Chorioretinitis
diminished vision eye burns or stings double vision foreign body sensation in eye muscle swelling elbow cramps or spasms pus in urine low back weakness knee cramps or spasms,Chorioretinitis
diminished vision eye burns or stings pain in eye itchiness of eye double vision foreign body sensation in eye muscle swelling elbow cramps or spasms pus in urine,Chorioretinitis
diminished vision eye burns or stings pain in eye itchiness of eye double vision muscle swelling elbow cramps or spasms pus in urine low back weakness knee cramps or spasms,Chorioretinitis
diminished vision eye burns or stings double vision foreign body sensation in eye muscle swelling pus in urine low back weakness knee cramps or spasms,Chorioretinitis
diminished vision eye burns or stings pain in eye itchiness of eye double vision muscle swelling elbow cramps or spasms pus in urine,Chorioretinitis
penis pain back pain pain during intercourse leg cramps or spasms impotence drug abuse allergic reaction premature ejaculation ache all over abusing alcohol elbow weakness,Priapism
penis pain back pain impotence drug abuse allergic reaction premature ejaculation ache all over abusing alcohol elbow weakness,Priapism
penis pain back pain pain during intercourse leg cramps or spasms impotence drug abuse allergic reaction premature ejaculation ache all over,Priapism
penis pain back pain pain during intercourse leg cramps or spasms impotence allergic reaction premature ejaculation ache all over abusing alcohol elbow weakness,Priapism
penis pain back pain impotence drug abuse allergic reaction ache all over abusing alcohol elbow weakness,Priapism
penis pain back pain pain during intercourse leg cramps or spasms impotence allergic reaction premature ejaculation ache all over,Priapism
leg pain skin rash back pain headache loss of sensation paresthesia muscle pain hip pain lower body pain leg weakness problems with movement,Myositis
leg pain skin rash loss of sensation paresthesia muscle pain hip pain lower body pain leg weakness problems with movement,Myositis
leg pain skin rash back pain headache loss of sensation paresthesia muscle pain hip pain lower body pain,Myositis
leg pain skin rash back pain headache loss of sensation muscle pain hip pain lower body pain leg weakness problems with movement,Myositis
leg pain skin rash loss of sensation paresthesia muscle pain lower body pain leg weakness problems with movement,Myositis
leg pain skin rash back pain headache loss of sensation muscle pain hip pain lower body pain,Myositis
sore throat headache swollen lymph nodes fatigue ache all over ear pain cough nasal congestion skin rash feeling ill nausea,Mononucleosis
sore throat headache ache all over ear pain cough nasal congestion skin rash feeling ill nausea,Mononucleosis
sore throat headache swollen lymph nodes fatigue ache all over ear pain cough nasal congestion skin rash,Mononucleosis
sore throat headache swollen lymph nodes fatigue ache all over cough nasal congestion skin rash feeling ill nausea,Mononucleosis
sore throat headache ache all over ear pain cough skin rash feeling ill nausea,Mononucleosis
sore throat headache swollen lymph nodes fatigue ache all over cough nasal congestion skin rash,Mononucleosis
back pain loss of sensation neck pain low back pain ache all over arm pain foot or toe pain headache hip pain paresthesia shoulder pain,Neuralgia
back pain loss of sensation ache all over arm pain foot or toe pain headache hip pain paresthesia shoulder pain,Neuralgia
back pain loss of sensation neck pain low back pain ache all over arm pain foot or toe pain headache hip pain,Neuralgia
back pain loss of sensation neck pain low back pain ache all over foot or toe pain headache hip pain paresthesia shoulder pain,Neuralgia
back pain loss of sensation ache all over arm pain foot or toe pain hip pain paresthesia shoulder pain,Neuralgia
back pain loss of sensation neck pain low back pain ache all over foot or toe pain headache hip pain,Neuralgia
side pain sharp abdominal pain kidney mass back pain low back pain painful urination symptoms of the kidneys retention of urine frequent urination suprapubic pain skin growth,Polycystic kidney disease
side pain sharp abdominal pain low back pain painful urination symptoms of the kidneys retention of urine frequent urination suprapubic pain skin growth,Polycystic kidney disease
side pain sharp abdominal pain kidney mass back pain low back pain painful urination symptoms of the kidneys retention of urine frequent urination,Polycystic kidney disease
side pain sharp abdominal pain kidney mass back pain low back pain symptoms of the kidneys retention of urine frequent urination suprapubic pain skin growth,Polycystic kidney disease
side pain sharp abdominal pain low back pain painful urination symptoms of the kidneys frequent urination suprapubic pain skin growth,Polycystic kidney disease
side pain sharp abdominal pain kidney mass back pain low back pain symptoms of the kidneys retention of urine frequent urination,Polycystic kidney disease
depressive or psychotic symptoms anxiety and nervousness insomnia hostile behavior delusions or hallucinations abusing alcohol drug abuse excessive anger temper problems fears and phobias obsessions and compulsions,Bipolar disorder
depressive or psychotic symptoms anxiety and nervousness delusions or hallucinations abusing alcohol drug abuse excessive anger temper problems fears and phobias obsessions and compulsions,Bipolar disorder
depressive or psychotic symptoms anxiety and nervousness insomnia hostile behavior delusions or hallucinations abusing alcohol drug abuse excessive anger temper problems,Bipolar disorder
depressive or psychotic symptoms anxiety and nervousness insomnia hostile behavior delusions or hallucinations drug abuse excessive anger temper problems fears and phobias obsessions and compulsions,Bipolar disorder
depressive or psychotic symptoms anxiety and nervousness delusions or hallucinations abusing alcohol drug abuse temper problems fears and phobias obsessions and compulsions,Bipolar disorder
depressive or psychotic symptoms anxiety and nervousness insomnia hostile behavior delusions or hallucinations drug abuse excessive anger temper problems,Bipolar disorder
shortness of breath anxiety and nervousness symptoms of the kidneys congestion in chest fever weakness abnormal appearing skin wrist weakness nailbiting eye strain feeling hot and cold,Amyloidosis
shortness of breath anxiety and nervousness fever weakness abnormal appearing skin wrist weakness nailbiting eye strain feeling hot and cold,Amyloidosis
shortness of breath anxiety and nervousness symptoms of the kidneys congestion in chest fever weakness abnormal appearing skin wrist weakness nailbiting,Amyloidosis
shortness of breath anxiety and nervousness symptoms of the kidneys congestion in chest fever abnormal appearing skin wrist weakness nailbiting eye strain feeling hot and cold,Amyloidosis
shortness of breath anxiety and nervousness fever weakness abnormal appearing skin nailbiting eye strain feeling hot and cold,Amyloidosis
shortness of breath anxiety and nervousness symptoms of the kidneys congestion in chest fever abnormal appearing skin wrist weakness nailbiting,Amyloidosis
loss of sensation problems with movement leg weakness leg cramps or spasms abnormal involuntary movements facial pain fatigue hand or finger weakness focal weakness dizziness leg pain,Chronic inflammatory demyelinating polyneuropathy (CIDP)
loss of sensation problems with movement abnormal involuntary movements facial pain fatigue hand or finger weakness focal weakness dizziness leg pain,Chronic inflammatory demyelinating polyneuropathy (CIDP)
loss of sensation problems with movement leg weakness leg cramps or spasms abnormal involuntary movements facial pain fatigue hand or finger weakness focal weakness,Chronic inflammatory demyelinating polyneuropathy (CIDP)
loss of sensation problems with movement leg weakness leg cramps or spasms abnormal involuntary movements fatigue hand or finger weakness focal weakness dizziness leg pain,Chronic inflammatory demyelinating polyneuropathy (CIDP)
loss of sensation problems with movement abnormal involuntary movements facial pain fatigue focal weakness dizziness leg pain,Chronic inflammatory demyelinating polyneuropathy (CIDP)
loss of sensation problems with movement leg weakness leg cramps or spasms abnormal involuntary movements fatigue hand or finger weakness focal weakness,Chronic inflammatory demyelinating polyneuropathy (CIDP)
sharp chest pain vomiting heartburn cough nausea burning abdominal pain upper abdominal pain difficulty in swallowing regurgitation chest tightness hoarse voice,Gastroesophageal reflux disease (GERD)
sharp chest pain vomiting nausea burning abdominal pain upper abdominal pain difficulty in swallowing regurgitation chest tightness hoarse voice,Gastroesophageal reflux disease (GERD)
sharp chest pain vomiting heartburn cough nausea burning abdominal pain upper abdominal pain difficulty in swallowing regurgitation,Gastroesophageal reflux disease (GERD)
sharp chest pain vomiting heartburn cough nausea upper abdominal pain difficulty in swallowing regurgitation chest tightness hoarse voice,Gastroesophageal reflux disease (GERD)
sharp chest pain vomiting nausea burning abdominal pain upper abdominal pain regurgitation chest tightness hoarse voice,Gastroesophageal reflux disease (GERD)
sharp chest pain vomiting heartburn cough nausea upper abdominal pain difficulty in swallowing regurgitation,Gastroesophageal reflux disease (GERD)
diminished vision blindness symptoms of eye pain in eye bleeding from eye lacrimation,Vitreous hemorrhage
diminished vision blindness bleeding from eye lacrimation,Vitreous hemorrhage
diminished vision blindness symptoms of eye pain in eye bleeding from eye,Vitreous hemorrhage
skin rash problems with movement abnormal involuntary movements vomiting nausea posture problems shortness of breath depressive or psychotic symptoms paresthesia cough peripheral edema,Poisoning due to antimicrobial drugs
skin rash problems with movement nausea posture problems shortness of breath depressive or psychotic symptoms paresthesia cough peripheral edema,Poisoning due to antimicrobial drugs
skin rash problems with movement abnormal involuntary movements vomiting nausea posture problems shortness of breath depressive or psychotic symptoms paresthesia,Poisoning due to antimicrobial drugs
skin rash problems with movement abnormal involuntary movements vomiting nausea shortness of breath depressive or psychotic symptoms paresthesia cough peripheral edema,Poisoning due to antimicrobial drugs
skin rash problems with movement nausea posture problems shortness of breath paresthesia cough peripheral edema,Poisoning due to antimicrobial drugs
skin rash problems with movement abnormal involuntary movements vomiting nausea shortness of breath depressive or psychotic symptoms paresthesia,Poisoning due to antimicrobial drugs
tongue lesions seizures lip swelling bleeding in mouth tongue bleeding mouth pain peripheral edema neck swelling gum pain sneezing mouth ulcer,Open wound of the mouth
tongue lesions seizures tongue bleeding mouth pain peripheral edema neck swelling gum pain sneezing mouth ulcer,Open wound of the mouth
tongue lesions seizures lip swelling bleeding in mouth tongue bleeding mouth pain peripheral edema neck swelling gum pain,Open wound of the mouth
tongue lesions seizures lip swelling bleeding in mouth tongue bleeding peripheral edema neck swelling gum pain sneezing mouth ulcer,Open wound of the mouth
tongue lesions seizures tongue bleeding mouth pain peripheral edema gum pain sneezing mouth ulcer,Open wound of the mouth
tongue lesions seizures lip swelling bleeding in mouth tongue bleeding peripheral edema neck swelling gum pain,Open wound of the mouth
double vision fatigue abnormal movement of eyelid dizziness focal weakness headache shortness of breath diminished vision slurring words arm weakness coughing up sputum,Myasthenia gravis
double vision fatigue focal weakness headache shortness of breath diminished vision slurring words arm weakness coughing up sputum,Myasthenia gravis
double vision fatigue abnormal movement of eyelid dizziness focal weakness headache shortness of breath diminished vision slurring words,Myasthenia gravis
double vision fatigue abnormal movement of eyelid dizziness focal weakness shortness of breath diminished vision slurring words arm weakness coughing up sputum,Myasthenia gravis
double vision fatigue focal weakness headache shortness of breath slurring words arm weakness coughing up sputum,Myasthenia gravis
double vision fatigue abnormal movement of eyelid dizziness focal weakness shortness of breath diminished vision slurring words,Myasthenia gravis
depressive or psychotic symptoms dizziness fainting nausea seizures abnormal involuntary movements decreased appetite feeling ill sweating sleepiness problems with movement,Hypoglycemia
depressive or psychotic symptoms dizziness seizures abnormal involuntary movements decreased appetite feeling ill sweating sleepiness problems with movement,Hypoglycemia
depressive or psychotic symptoms dizziness fainting nausea seizures abnormal involuntary movements decreased appetite feeling ill sweating,Hypoglycemia
depressive or psychotic symptoms dizziness fainting nausea seizures decreased appetite feeling ill sweating sleepiness problems with movement,Hypoglycemia
depressive or psychotic symptoms dizziness seizures abnormal involuntary movements decreased appetite sweating sleepiness problems with movement,Hypoglycemia
depressive or psychotic symptoms dizziness fainting nausea seizures decreased appetite feeling ill sweating,Hypoglycemia
absence of menstruation unpredictable menstruation nausea pelvic pain long menstrual periods vaginal discharge lower abdominal pain pain or soreness of breast weight gain vaginal itching heartburn,Idiopathic absence of menstruation
absence of menstruation unpredictable menstruation long menstrual periods vaginal discharge lower abdominal pain pain or soreness of breast weight gain vaginal itching heartburn,Idiopathic absence of menstruation
absence of menstruation unpredictable menstruation nausea pelvic pain long menstrual periods vaginal discharge lower abdominal pain pain or soreness of breast weight gain,Idiopathic absence of menstruation
absence of menstruation unpredictable menstruation nausea pelvic pain long menstrual periods lower abdominal pain pain or soreness of breast weight gain vaginal itching heartburn,Idiopathic absence of menstruation
absence of menstruation unpredictable menstruation long menstrual periods vaginal discharge lower abdominal pain weight gain vaginal itching heartburn,Idiopathic absence of menstruation
absence of menstruation unpredictable menstruation nausea pelvic pain long menstrual periods lower abdominal pain pain or soreness of breast weight gain,Idiopathic absence of menstruation
ankle pain foot or toe pain eye strain elbow weakness elbow cramps or spasms wrist weakness feeling hot and cold low back weakness underweight emotional symptoms muscle swelling,Dislocation of the ankle
ankle pain foot or toe pain elbow cramps or spasms wrist weakness feeling hot and cold low back weakness underweight emotional symptoms muscle swelling,Dislocation of the ankle
ankle pain foot or toe pain eye strain elbow weakness elbow cramps or spasms wrist weakness feeling hot and cold low back weakness underweight,Dislocation of the ankle
ankle pain foot or toe pain eye strain elbow weakness elbow cramps or spasms feeling hot and cold low back weakness underweight emotional symptoms muscle swelling,Dislocation of the ankle
ankle pain foot or toe pain elbow cramps or spasms wrist weakness feeling hot and cold underweight emotional symptoms muscle swelling,Dislocation of the ankle
ankle pain foot or toe pain eye strain elbow weakness elbow cramps or spasms feeling hot and cold low back weakness underweight,Dislocation of the ankle
headache dizziness vomiting diarrhea depressive or psychotic symptoms sleepiness frontal headache fainting low back weakness emotional symptoms elbow cramps or spasms,Carbon monoxide poisoning
headache dizziness depressive or psychotic symptoms sleepiness frontal headache fainting low back weakness emotional symptoms elbow cramps or spasms,Carbon monoxide poisoning
headache dizziness vomiting diarrhea depressive or psychotic symptoms sleepiness frontal headache fainting low back weakness,Carbon monoxide poisoning
headache dizziness vomiting diarrhea depressive or psychotic symptoms frontal headache fainting low back weakness emotional symptoms elbow cramps or spasms,Carbon monoxide poisoning
headache dizziness depressive or psychotic symptoms sleepiness frontal headache low back weakness emotional symptoms elbow cramps or spasms,Carbon monoxide poisoning
headache dizziness vomiting diarrhea depressive or psychotic symptoms frontal headache fainting low back weakness,Carbon monoxide poisoning
shortness of breath sharp chest pain loss of sensation breathing fast anxiety and nervousness fainting chest tightness difficulty breathing irregular heartbeat headache weakness,Panic attack
shortness of breath sharp chest pain anxiety and nervousness fainting chest tightness difficulty breathing irregular heartbeat headache weakness,Panic attack
shortness of breath sharp chest pain loss of sensation breathing fast anxiety and nervousness fainting chest tightness difficulty breathing irregular heartbeat,Panic attack
shortness of breath sharp chest pain loss of sensation breathing fast anxiety and nervousness chest tightness difficulty breathing irregular heartbeat headache weakness,Panic attack
shortness of breath sharp chest pain anxiety and nervousness fainting chest tightness irregular heartbeat headache weakness,Panic attack
shortness of breath sharp chest pain loss of sensation breathing fast anxiety and nervousness chest tightness difficulty breathing irregular heartbeat,Panic attack
foot or toe pain knee pain ankle swelling problems with movement foot or toe swelling lower body pain bones are painful change in skin mole size or color foot or toe cramps or spasms itchy scalp muscle pain,Plantar fasciitis
foot or toe pain knee pain foot or toe swelling lower body pain bones are painful change in skin mole size or color foot or toe cramps or spasms itchy scalp muscle pain,Plantar fasciitis
foot or toe pain knee pain ankle swelling problems with movement foot or toe swelling lower body pain bones are painful change in skin mole size or color foot or toe cramps or spasms,Plantar fasciitis
foot or toe pain knee pain ankle swelling problems with movement foot or toe swelling bones are painful change in skin mole size or color foot or toe cramps or spasms itchy scalp muscle pain,Plantar fasciitis
foot or toe pain knee pain foot or toe swelling lower body pain bones are painful foot or toe cramps or spasms itchy scalp muscle pain,Plantar fasciitis
foot or toe pain knee pain ankle swelling problems with movement foot or toe swelling bones are painful change in skin mole size or color foot or toe cramps or spasms,Plantar fasciitis
diminished vision abnormal movement of eyelid itchiness of eye pain in eye eye deviation spots or clouds in vision eye redness eye moves abnormally blindness neck cramps or spasms difficulty speaking,Hyperopia
diminished vision abnormal movement of eyelid eye deviation spots or clouds in vision eye redness eye moves abnormally blindness neck cramps or spasms difficulty speaking,Hyperopia
diminished vision abnormal movement of eyelid itchiness of eye pain in eye eye deviation spots or clouds in vision eye redness eye moves abnormally blindness,Hyperopia
diminished vision abnormal movement of eyelid itchiness of eye pain in eye eye deviation eye redness eye moves abnormally blindness neck cramps or spasms difficulty speaking,Hyperopia
diminished vision abnormal movement of eyelid eye deviation spots or clouds in vision eye redness blindness neck cramps or spasms difficulty speaking,Hyperopia
diminished vision abnormal movement of eyelid itchiness of eye pain in eye eye deviation eye redness eye moves abnormally blindness,Hyperopia
depressive or psychotic symptoms depression insomnia abusing alcohol delusions or hallucinations drug abuse problems with movement hostile behavior slurring words excessive anger disturbance of memory,Poisoning due to sedatives
depressive or psychotic symptoms depression delusions or hallucinations drug abuse problems with movement hostile behavior slurring words excessive anger disturbance of memory,Poisoning due to sedatives
depressive or psychotic symptoms depression insomnia abusing alcohol delusions or hallucinations drug abuse problems with movement hostile behavior slurring words,Poisoning due to sedatives
depressive or psychotic symptoms depression insomnia abusing alcohol delusions or hallucinations problems with movement hostile behavior slurring words excessive anger disturbance of memory,Poisoning due to sedatives
depressive or psychotic symptoms depression delusions or hallucinations drug abuse problems with movement slurring words excessive anger disturbance of memory,Poisoning due to sedatives
depressive or psychotic symptoms depression insomnia abusing alcohol delusions or hallucinations problems with movement hostile behavior slurring words,Poisoning due to sedatives
skin lesion abnormal appearing skin itching of skin skin irritation irregular appearing scalp arm pain mouth ulcer foot or toe pain peripheral edema mouth pain hand or finger pain,Pemphigus
skin lesion abnormal appearing skin irregular appearing scalp arm pain mouth ulcer foot or toe pain peripheral edema mouth pain hand or finger pain,Pemphigus
skin lesion abnormal appearing skin itching of skin skin irritation irregular appearing scalp arm pain mouth ulcer foot or toe pain peripheral edema,Pemphigus
skin lesion abnormal appearing skin itching of skin skin irritation irregular appearing scalp mouth ulcer foot or toe pain peripheral edema mouth pain hand or finger pain,Pemphigus
skin lesion abnormal appearing skin irregular appearing scalp arm pain mouth ulcer peripheral edema mouth pain hand or finger pain,Pemphigus
skin lesion abnormal appearing skin itching of skin skin irritation irregular appearing scalp mouth ulcer foot or toe pain peripheral edema,Pemphigus
impotence symptoms of prostate mass in scrotum frequent urination sweating infertility lower abdominal pain blood in urine warts bumps on penis emotional symptoms,Peyronie disease
impotence symptoms of prostate sweating infertility lower abdominal pain blood in urine warts bumps on penis emotional symptoms,Peyronie disease
impotence symptoms of prostate mass in scrotum frequent urination sweating infertility lower abdominal pain blood in urine warts,Peyronie disease
impotence symptoms of prostate mass in scrotum frequent urination sweating lower abdominal pain blood in urine warts bumps on penis emotional symptoms,Peyronie disease
impotence symptoms of prostate sweating infertility lower abdominal pain warts bumps on penis emotional symptoms,Peyronie disease
impotence symptoms of prostate mass in scrotum frequent urination sweating lower abdominal pain blood in urine warts,Peyronie disease
sharp abdominal pain nausea vomiting difficulty in swallowing burning abdominal pain dizziness heartburn back pain upper abdominal pain vomiting blood regurgitation,Hiatal hernia
sharp abdominal pain nausea burning abdominal pain dizziness heartburn back pain upper abdominal pain vomiting blood regurgitation,Hiatal hernia
sharp abdominal pain nausea vomiting difficulty in swallowing burning abdominal pain dizziness heartburn back pain upper abdominal pain,Hiatal hernia
sharp abdominal pain nausea vomiting difficulty in swallowing burning abdominal pain heartburn back pain upper abdominal pain vomiting blood regurgitation,Hiatal hernia
sharp abdominal pain nausea burning abdominal pain dizziness heartburn upper abdominal pain vomiting blood regurgitation,Hiatal hernia
sharp abdominal pain nausea vomiting difficulty in swallowing burning abdominal pain heartburn back pain upper abdominal pain,Hiatal hernia
abnormal involuntary movements anxiety and nervousness disturbance of memory nausea cramps and spasms problems with movement headache delusions or hallucinations restlessness neck stiffness or tightness arm stiffness or tightness,Extrapyramidal effect of drugs
abnormal involuntary movements anxiety and nervousness cramps and spasms problems with movement headache delusions or hallucinations restlessness neck stiffness or tightness arm stiffness or tightness,Extrapyramidal effect of drugs
abnormal involuntary movements anxiety and nervousness disturbance of memory nausea cramps and spasms problems with movement headache delusions or hallucinations restlessness,Extrapyramidal effect of drugs
abnormal involuntary movements anxiety and nervousness disturbance of memory nausea cramps and spasms headache delusions or hallucinations restlessness neck stiffness or tightness arm stiffness or tightness,Extrapyramidal effect of drugs
abnormal involuntary movements anxiety and nervousness cramps and spasms problems with movement headache restlessness neck stiffness or tightness arm stiffness or tightness,Extrapyramidal effect of drugs
abnormal involuntary movements anxiety and nervousness disturbance of memory nausea cramps and spasms headache delusions or hallucinations restlessness,Extrapyramidal effect of drugs
dizziness ringing in ear plugged feeling in ear ear pain nausea headache allergic reaction heartburn impotence facial pain bleeding from ear,Meniere disease
dizziness ringing in ear nausea headache allergic reaction heartburn impotence facial pain bleeding from ear,Meniere disease
dizziness ringing in ear plugged feeling in ear ear pain nausea headache allergic reaction heartburn impotence,Meniere disease
dizziness ringing in ear plugged feeling in ear ear pain nausea allergic reaction heartburn impotence facial pain bleeding from ear,Meniere disease
dizziness ringing in ear nausea headache allergic reaction impotence facial pain bleeding from ear,Meniere disease
dizziness ringing in ear plugged feeling in ear ear pain nausea allergic reaction heartburn impotence,Meniere disease
rectal bleeding blood in stool constipation sharp abdominal pain changes in stool appearance lower body pain irregular belly button cramps and spasms vaginal dryness symptoms of prostate itchiness of eye,Anal fissure
rectal bleeding blood in stool changes in stool appearance lower body pain irregular belly button cramps and spasms vaginal dryness symptoms of prostate itchiness of eye,Anal fissure
rectal bleeding blood in stool constipation sharp abdominal pain changes in stool appearance lower body pain irregular belly button cramps and spasms vaginal dryness,Anal fissure
rectal bleeding blood in stool constipation sharp abdominal pain changes in stool appearance irregular belly button cramps and spasms vaginal dryness symptoms of prostate itchiness of eye,Anal fissure
rectal bleeding blood in stool changes in stool appearance lower body pain irregular belly button vaginal dryness symptoms of prostate itchiness of eye,Anal fissure
rectal bleeding blood in stool constipation sharp abdominal pain changes in stool appearance irregular belly button cramps and spasms vaginal dryness,Anal fissure
skin rash itching of skin peripheral edema abnormal appearing skin cough swollen eye lip swelling skin swelling itchiness of eye fluid retention swollen tongue,Allergy
skin rash itching of skin cough swollen eye lip swelling skin swelling itchiness of eye fluid retention swollen tongue,Allergy
skin rash itching of skin peripheral edema abnormal appearing skin cough swollen eye lip swelling skin swelling itchiness of eye,Allergy
skin rash itching of skin peripheral edema abnormal appearing skin cough lip swelling skin swelling itchiness of eye fluid retention swollen tongue,Allergy
skin rash itching of skin cough swollen eye lip swelling itchiness of eye fluid retention swollen tongue,Allergy
skin rash itching of skin peripheral edema abnormal appearing skin cough lip swelling skin swelling itchiness of eye,Allergy
redness in ear nasal congestion cough diminished hearing fever fluid in ear plugged feeling in ear pulling at ears allergic reaction painful sinuses bleeding from ear,Chronic otitis media
redness in ear nasal congestion fever fluid in ear plugged feeling in ear pulling at ears allergic reaction painful sinuses bleeding from ear,Chronic otitis media
redness in ear nasal congestion cough diminished hearing fever fluid in ear plugged feeling in ear pulling at ears allergic reaction,Chronic otitis media
redness in ear nasal congestion cough diminished hearing fever plugged feeling in ear pulling at ears allergic reaction painful sinuses bleeding from ear,Chronic otitis media
redness in ear nasal congestion fever fluid in ear plugged feeling in ear allergic reaction painful sinuses bleeding from ear,Chronic otitis media
redness in ear nasal congestion cough diminished hearing fever plugged feeling in ear pulling at ears allergic reaction,Chronic otitis media
hand or finger pain hand or finger swelling foot or toe swelling hand or finger stiffness or tightness,Fracture of the finger
hand or finger pain hand or finger swelling,Fracture of the finger
constipation vomiting sharp abdominal pain wrist weakness elbow weakness eye strain feeling hot and cold nailbiting low back weakness emotional symptoms underweight,Hirschsprung disease
constipation vomiting elbow weakness eye strain feeling hot and cold nailbiting low back weakness emotional symptoms underweight,Hirschsprung disease
constipation vomiting sharp abdominal pain wrist weakness elbow weakness eye strain feeling hot and cold nailbiting low back weakness,Hirschsprung disease
constipation vomiting sharp abdominal pain wrist weakness elbow weakness feeling hot and cold nailbiting low back weakness emotional symptoms underweight,Hirschsprung disease
constipation vomiting elbow weakness eye strain feeling hot and cold low back weakness emotional symptoms underweight,Hirschsprung disease
constipation vomiting sharp abdominal pain wrist weakness elbow weakness feeling hot and cold nailbiting low back weakness,Hirschsprung disease
fatigue leg pain ache all over sharp chest pain muscle pain hip pain irregular heartbeat leg weakness stiffness all over difficulty in swallowing temper problems,Polymyalgia rheumatica
fatigue leg pain muscle pain hip pain irregular heartbeat leg weakness stiffness all over difficulty in swallowing temper problems,Polymyalgia rheumatica
fatigue leg pain ache all over sharp chest pain muscle pain hip pain irregular heartbeat leg weakness stiffness all over,Polymyalgia rheumatica
fatigue leg pain ache all over sharp chest pain muscle pain irregular heartbeat leg weakness stiffness all over difficulty in swallowing temper problems,Polymyalgia rheumatica
fatigue leg pain muscle pain hip pain irregular heartbeat stiffness all over difficulty in swallowing temper problems,Polymyalgia rheumatica
fatigue leg pain ache all over sharp chest pain muscle pain irregular heartbeat leg weakness stiffness all over,Polymyalgia rheumatica
skin lesion peripheral edema leg pain abnormal appearing skin fluid retention skin on leg or foot looks infected lymphedema foot or toe swelling skin dryness,Lymphedema
skin lesion peripheral edema fluid retention skin on leg or foot looks infected lymphedema foot or toe swelling skin dryness,Lymphedema
skin lesion peripheral edema leg pain abnormal appearing skin fluid retention lymphedema foot or toe swelling skin dryness,Lymphedema
skin lesion peripheral edema fluid retention skin on leg or foot looks infected lymphedema skin dryness,Lymphedema
blood in urine symptoms of bladder bladder mass excessive urination at night groin mass kidney mass penis redness symptoms of prostate mass in scrotum penile discharge pain during intercourse,Bladder cancer
blood in urine symptoms of bladder groin mass kidney mass penis redness symptoms of prostate mass in scrotum penile discharge pain during intercourse,Bladder cancer
blood in urine symptoms of bladder bladder mass excessive urination at night groin mass kidney mass penis redness symptoms of prostate mass in scrotum,Bladder cancer
blood in urine symptoms of bladder bladder mass excessive urination at night groin mass penis redness symptoms of prostate mass in scrotum penile discharge pain during intercourse,Bladder cancer
blood in urine symptoms of bladder groin mass kidney mass penis redness mass in scrotum penile discharge pain during intercourse,Bladder cancer
blood in urine symptoms of bladder bladder mass excessive urination at night groin mass penis redness symptoms of prostate mass in scrotum,Bladder cancer
cough wheezing fever difficulty breathing nasal congestion sharp chest pain sore throat coryza vomiting headache chest tightness,Acute bronchospasm
cough wheezing nasal congestion sharp chest pain sore throat coryza vomiting headache chest tightness,Acute bronchospasm
cough wheezing fever difficulty breathing nasal congestion sharp chest pain sore throat coryza vomiting,Acute bronchospasm
cough wheezing fever difficulty breathing nasal congestion sore throat coryza vomiting headache chest tightness,Acute bronchospasm
cough wheezing nasal congestion sharp chest pain sore throat vomiting headache chest tightness,Acute bronchospasm
cough wheezing fever difficulty breathing nasal congestion sore throat coryza vomiting,Acute bronchospasm
diminished vision symptoms of eye eye redness spots or clouds in vision foreign body sensation in eye itchiness of eye blindness lacrimation double vision eye burns or stings,Acute glaucoma
diminished vision symptoms of eye foreign body sensation in eye itchiness of eye blindness lacrimation double vision eye burns or stings,Acute glaucoma
diminished vision symptoms of eye eye redness spots or clouds in vision foreign body sensation in eye itchiness of eye blindness lacrimation double vision,Acute glaucoma
diminished vision symptoms of eye eye redness spots or clouds in vision foreign body sensation in eye blindness lacrimation double vision eye burns or stings,Acute glaucoma
diminished vision symptoms of eye foreign body sensation in eye itchiness of eye blindness double vision eye burns or stings,Acute glaucoma
diminished vision symptoms of eye eye redness spots or clouds in vision foreign body sensation in eye blindness lacrimation double vision,Acute glaucoma
sharp chest pain lip swelling,Open wound of the chest
knee pain fluid retention problems during pregnancy knee stiffness or tightness,Dislocation of the patella
knee pain fluid retention,Dislocation of the patella
back pain low back pain hip pain lower body pain loss of sensation problems with movement paresthesia leg weakness back cramps or spasms leg cramps or spasms unusual color or odor to urine,Sciatica
back pain low back pain loss of sensation problems with movement paresthesia leg weakness back cramps or spasms leg cramps or spasms unusual color or odor to urine,Sciatica
back pain low back pain hip pain lower body pain loss of sensation problems with movement paresthesia leg weakness back cramps or spasms,Sciatica
back pain low back pain hip pain lower body pain loss of sensation paresthesia leg weakness back cramps or spasms leg cramps or spasms unusual color or odor to urine,Sciatica
back pain low back pain loss of sensation problems with movement paresthesia back cramps or spasms leg cramps or spasms unusual color or odor to urine,Sciatica
back pain low back pain hip pain lower body pain loss of sensation paresthesia leg weakness back cramps or spasms,Sciatica
weakness loss of sensation feeling ill hand or finger weakness allergic reaction arm cramps or spasms focal weakness retention of urine delusions or hallucinations irregular appearing nails leg weakness,Hypercalcemia
weakness loss of sensation allergic reaction arm cramps or spasms focal weakness retention of urine delusions or hallucinations irregular appearing nails leg weakness,Hypercalcemia
weakness loss of sensation feeling ill hand or finger weakness allergic reaction arm cramps or spasms focal weakness retention of urine delusions or hallucinations,Hypercalcemia
weakness loss of sensation feeling ill hand or finger weakness allergic reaction focal weakness retention of urine delusions or hallucinations irregular appearing nails leg weakness,Hypercalcemia
weakness loss of sensation allergic reaction arm cramps or spasms focal weakness delusions or hallucinations irregular appearing nails leg weakness,Hypercalcemia
weakness loss of sensation feeling ill hand or finger weakness allergic reaction focal weakness retention of urine delusions or hallucinations,Hypercalcemia
involuntary urination painful urination symptoms of bladder blood in urine retention of urine suprapubic pain hot flashes pelvic pain excessive urination at night weight gain intermenstrual bleeding,Stress incontinence
involuntary urination painful urination retention of urine suprapubic pain hot flashes pelvic pain excessive urination at night weight gain intermenstrual bleeding,Stress incontinence
involuntary urination painful urination symptoms of bladder blood in urine retention of urine suprapubic pain hot flashes pelvic pain excessive urination at night,Stress incontinence
involuntary urination painful urination symptoms of bladder blood in urine retention of urine hot flashes pelvic pain excessive urination at night weight gain intermenstrual bleeding,Stress incontinence
involuntary urination painful urination retention of urine suprapubic pain hot flashes excessive urination at night weight gain intermenstrual bleeding,Stress incontinence
involuntary urination painful urination symptoms of bladder blood in urine retention of urine hot flashes pelvic pain excessive urination at night,Stress incontinence
skin lesion peripheral edema ache all over lymphedema leg swelling leg cramps or spasms skin on leg or foot looks infected leg lump or mass,Varicose veins
skin lesion peripheral edema leg swelling leg cramps or spasms skin on leg or foot looks infected leg lump or mass,Varicose veins
skin lesion peripheral edema ache all over lymphedema leg swelling skin on leg or foot looks infected leg lump or mass,Varicose veins
skin lesion peripheral edema leg swelling leg cramps or spasms skin on leg or foot looks infected,Varicose veins
side pain blood in urine vomiting back pain low back pain involuntary urination symptoms of the kidneys drainage in throat impotence symptoms of prostate decreased appetite,Benign kidney cyst
side pain blood in urine low back pain involuntary urination symptoms of the kidneys drainage in throat impotence symptoms of prostate decreased appetite,Benign kidney cyst
side pain blood in urine vomiting back pain low back pain involuntary urination symptoms of the kidneys drainage in throat impotence,Benign kidney cyst
side pain blood in urine vomiting back pain low back pain symptoms of the kidneys drainage in throat impotence symptoms of prostate decreased appetite,Benign kidney cyst
side pain blood in urine low back pain involuntary urination symptoms of the kidneys impotence symptoms of prostate decreased appetite,Benign kidney cyst
side pain blood in urine vomiting back pain low back pain symptoms of the kidneys drainage in throat impotence,Benign kidney cyst
swelling of scrotum groin pain mass in scrotum lower abdominal pain retention of urine groin mass excessive urination at night blood in urine symptoms of the scrotum and testes skin growth impotence,Hydrocele of the testicle
swelling of scrotum groin pain retention of urine groin mass excessive urination at night blood in urine symptoms of the scrotum and testes skin growth impotence,Hydrocele of the testicle
swelling of scrotum groin pain mass in scrotum lower abdominal pain retention of urine groin mass excessive urination at night blood in urine symptoms of the scrotum and testes,Hydrocele of the testicle
swelling of scrotum groin pain mass in scrotum lower abdominal pain retention of urine excessive urination at night blood in urine symptoms of the scrotum and testes skin growth impotence,Hydrocele of the testicle
swelling of scrotum groin pain retention of urine groin mass excessive urination at night symptoms of the scrotum and testes skin growth impotence,Hydrocele of the testicle
swelling of scrotum groin pain mass in scrotum lower abdominal pain retention of urine excessive urination at night blood in urine symptoms of the scrotum and testes,Hydrocele of the testicle
back pain leg pain neck pain hip pain shoulder pain ache all over loss of sensation arm pain lower body pain paresthesia joint pain,Degenerative disc disease
back pain leg pain shoulder pain ache all over loss of sensation arm pain lower body pain paresthesia joint pain,Degenerative disc disease
back pain leg pain neck pain hip pain shoulder pain ache all over loss of sensation arm pain lower body pain,Degenerative disc disease
back pain leg pain neck pain hip pain shoulder pain loss of sensation arm pain lower body pain paresthesia joint pain,Degenerative disc disease
back pain leg pain shoulder pain ache all over loss of sensation lower body pain paresthesia joint pain,Degenerative disc disease
back pain leg pain neck pain hip pain shoulder pain loss of sensation arm pain lower body pain,Degenerative disc disease
unwanted hair acne or pimples fatigue infertility abnormal appearing skin weight gain warts skin moles too little hair heavy menstrual flow apnea,Hirsutism
unwanted hair acne or pimples abnormal appearing skin weight gain warts skin moles too little hair heavy menstrual flow apnea,Hirsutism
unwanted hair acne or pimples fatigue infertility abnormal appearing skin weight gain warts skin moles too little hair,Hirsutism
unwanted hair acne or pimples fatigue infertility abnormal appearing skin warts skin moles too little hair heavy menstrual flow apnea,Hirsutism
unwanted hair acne or pimples abnormal appearing skin weight gain warts too little hair heavy menstrual flow apnea,Hirsutism
unwanted hair acne or pimples fatigue infertility abnormal appearing skin warts skin moles too little hair,Hirsutism
foot or toe pain ankle pain knee weakness elbow weakness elbow cramps or spasms eye strain low back weakness wrist weakness underweight feeling hot and cold muscle swelling,Dislocation of the foot
foot or toe pain ankle pain elbow cramps or spasms eye strain low back weakness wrist weakness underweight feeling hot and cold muscle swelling,Dislocation of the foot
foot or toe pain ankle pain knee weakness elbow weakness elbow cramps or spasms eye strain low back weakness wrist weakness underweight,Dislocation of the foot
foot or toe pain ankle pain knee weakness elbow weakness elbow cramps or spasms low back weakness wrist weakness underweight feeling hot and cold muscle swelling,Dislocation of the foot
foot or toe pain ankle pain elbow cramps or spasms eye strain low back weakness underweight feeling hot and cold muscle swelling,Dislocation of the foot
foot or toe pain ankle pain knee weakness elbow weakness elbow cramps or spasms low back weakness wrist weakness underweight,Dislocation of the foot
side pain back pain nausea vomiting blood in urine suprapubic pain symptoms of the kidneys lower abdominal pain lower body pain pain in testicles symptoms of bladder,Hydronephrosis
side pain back pain blood in urine suprapubic pain symptoms of the kidneys lower abdominal pain lower body pain pain in testicles symptoms of bladder,Hydronephrosis
side pain back pain nausea vomiting blood in urine suprapubic pain symptoms of the kidneys lower abdominal pain lower body pain,Hydronephrosis
side pain back pain nausea vomiting blood in urine symptoms of the kidneys lower abdominal pain lower body pain pain in testicles symptoms of bladder,Hydronephrosis
side pain back pain blood in urine suprapubic pain symptoms of the kidneys lower body pain pain in testicles symptoms of bladder,Hydronephrosis
side pain back pain nausea vomiting blood in urine symptoms of the kidneys lower abdominal pain lower body pain,Hydronephrosis
sharp abdominal pain constipation diarrhea blood in stool burning abdominal pain nausea vomiting lower abdominal pain melena upper abdominal pain heartburn,Diverticulosis
sharp abdominal pain constipation burning abdominal pain nausea vomiting lower abdominal pain melena upper abdominal pain heartburn,Diverticulosis
sharp abdominal pain constipation diarrhea blood in stool burning abdominal pain nausea vomiting lower abdominal pain melena,Diverticulosis
sharp abdominal pain constipation diarrhea blood in stool burning abdominal pain vomiting lower abdominal pain melena upper abdominal pain heartburn,Diverticulosis
sharp abdominal pain constipation burning abdominal pain nausea vomiting melena upper abdominal pain heartburn,Diverticulosis
sharp abdominal pain constipation diarrhea blood in stool burning abdominal pain vomiting lower abdominal pain melena,Diverticulosis
sharp abdominal pain sharp chest pain headache nausea vomiting low back pain toothache leg pain neck pain side pain lower abdominal pain,Pain after an operation
sharp abdominal pain sharp chest pain vomiting low back pain toothache leg pain neck pain side pain lower abdominal pain,Pain after an operation
sharp abdominal pain sharp chest pain headache nausea vomiting low back pain toothache leg pain neck pain,Pain after an operation
sharp abdominal pain sharp chest pain headache nausea vomiting toothache leg pain neck pain side pain lower abdominal pain,Pain after an operation
sharp abdominal pain sharp chest pain vomiting low back pain toothache neck pain side pain lower abdominal pain,Pain after an operation
sharp abdominal pain sharp chest pain headache nausea vomiting toothache leg pain neck pain,Pain after an operation
constipation depression anxiety and nervousness back pain loss of sensation sharp abdominal pain drug abuse symptoms of the face elbow weakness low back weakness excessive growth,Huntington disease
constipation depression loss of sensation sharp abdominal pain drug abuse symptoms of the face elbow weakness low back weakness excessive growth,Huntington disease
constipation depression anxiety and nervousness back pain loss of sensation sharp abdominal pain drug abuse symptoms of the face elbow weakness,Huntington disease
constipation depression anxiety and nervousness back pain loss of sensation drug abuse symptoms of the face elbow weakness low back weakness excessive growth,Huntington disease
constipation depression loss of sensation sharp abdominal pain drug abuse elbow weakness low back weakness excessive growth,Huntington disease
constipation depression anxiety and nervousness back pain loss of sensation drug abuse symptoms of the face elbow weakness,Huntington disease
pain in eye facial pain ankle pain wrist pain pain during pregnancy excessive anger joint stiffness or tightness pain or soreness of breast knee lump or mass fatigue excessive urination at night,West Nile virus
pain in eye facial pain pain during pregnancy excessive anger joint stiffness or tightness pain or soreness of breast knee lump or mass fatigue excessive urination at night,West Nile virus
pain in eye facial pain ankle pain wrist pain pain during pregnancy excessive anger joint stiffness or tightness pain or soreness of breast knee lump or mass,West Nile virus
pain in eye facial pain ankle pain wrist pain pain during pregnancy joint stiffness or tightness pain or soreness of breast knee lump or mass fatigue excessive urination at night,West Nile virus
pain in eye facial pain pain during pregnancy excessive anger joint stiffness or tightness knee lump or mass fatigue excessive urination at night,West Nile virus
pain in eye facial pain ankle pain wrist pain pain during pregnancy joint stiffness or tightness pain or soreness of breast knee lump or mass,West Nile virus
fatigue regurgitation hoarse voice muscle pain mouth pain symptoms of the kidneys groin mass mouth ulcer stiffness all over shoulder lump or mass itchy ear s,Lymphoma
fatigue regurgitation mouth pain symptoms of the kidneys groin mass mouth ulcer stiffness all over shoulder lump or mass itchy ear s,Lymphoma
fatigue regurgitation hoarse voice muscle pain mouth pain symptoms of the kidneys groin mass mouth ulcer stiffness all over,Lymphoma
fatigue regurgitation hoarse voice muscle pain mouth pain groin mass mouth ulcer stiffness all over shoulder lump or mass itchy ear s,Lymphoma
fatigue regurgitation mouth pain symptoms of the kidneys groin mass stiffness all over shoulder lump or mass itchy ear s,Lymphoma
fatigue regurgitation hoarse voice muscle pain mouth pain groin mass mouth ulcer stiffness all over,Lymphoma
fatigue shortness of breath peripheral edema ankle swelling recent weight loss polyuria feeling cold symptoms of the kidneys melena,Anemia due to chronic kidney disease
fatigue shortness of breath recent weight loss polyuria feeling cold symptoms of the kidneys melena,Anemia due to chronic kidney disease
fatigue shortness of breath peripheral edema ankle swelling recent weight loss feeling cold symptoms of the kidneys melena,Anemia due to chronic kidney disease
fatigue shortness of breath recent weight loss polyuria feeling cold melena,Anemia due to chronic kidney disease
sharp abdominal pain sharp chest pain rib pain ache all over back pain blood in urine retention of urine pain of the anus hurts to breath lymphedema frequent urination,Injury to internal organ
sharp abdominal pain sharp chest pain back pain blood in urine retention of urine pain of the anus hurts to breath lymphedema frequent urination,Injury to internal organ
sharp abdominal pain sharp chest pain rib pain ache all over back pain blood in urine retention of urine pain of the anus hurts to breath,Injury to internal organ
sharp abdominal pain sharp chest pain rib pain ache all over back pain retention of urine pain of the anus hurts to breath lymphedema frequent urination,Injury to internal organ
sharp abdominal pain sharp chest pain back pain blood in urine retention of urine hurts to breath lymphedema frequent urination,Injury to internal organ
sharp abdominal pain sharp chest pain rib pain ache all over back pain retention of urine pain of the anus hurts to breath,Injury to internal organ
pain in eye headache lacrimation spots or clouds in vision cloudy eye symptoms of eye vaginal itching pain during pregnancy abnormal appearing skin foreign body sensation in eye abnormal involuntary movements,Scleritis
pain in eye headache cloudy eye symptoms of eye vaginal itching pain during pregnancy abnormal appearing skin foreign body sensation in eye abnormal involuntary movements,Scleritis
pain in eye headache lacrimation spots or clouds in vision cloudy eye symptoms of eye vaginal itching pain during pregnancy abnormal appearing skin,Scleritis
pain in eye headache lacrimation spots or clouds in vision cloudy eye vaginal itching pain during pregnancy abnormal appearing skin foreign body sensation in eye abnormal involuntary movements,Scleritis
pain in eye headache cloudy eye symptoms of eye vaginal itching abnormal appearing skin foreign body sensation in eye abnormal involuntary movements,Scleritis
pain in eye headache lacrimation spots or clouds in vision cloudy eye vaginal itching pain during pregnancy abnormal appearing skin,Scleritis
pain in eye eye redness diminished vision itchiness of eye lacrimation foreign body sensation in eye eye burns or stings spots or clouds in vision eyelid swelling acne or pimples irregular appearing scalp,Pterygium
pain in eye eye redness lacrimation foreign body sensation in eye eye burns or stings spots or clouds in vision eyelid swelling acne or pimples irregular appearing scalp,Pterygium
pain in eye eye redness diminished vision itchiness of eye lacrimation foreign body sensation in eye eye burns or stings spots or clouds in vision eyelid swelling,Pterygium
pain in eye eye redness diminished vision itchiness of eye lacrimation eye burns or stings spots or clouds in vision eyelid swelling acne or pimples irregular appearing scalp,Pterygium
pain in eye eye redness lacrimation foreign body sensation in eye eye burns or stings eyelid swelling acne or pimples irregular appearing scalp,Pterygium
pain in eye eye redness diminished vision itchiness of eye lacrimation eye burns or stings spots or clouds in vision eyelid swelling,Pterygium
skin rash abnormal appearing skin skin lesion irregular appearing scalp skin swelling too little hair skin dryness,Fungal infection of the skin
skin rash abnormal appearing skin skin swelling too little hair skin dryness,Fungal infection of the skin
skin rash abnormal appearing skin skin lesion irregular appearing scalp skin swelling skin dryness,Fungal infection of the skin
diarrhea depressive or psychotic symptoms wrist weakness underweight elbow weakness nailbiting emotional symptoms feeling hot and cold low back weakness elbow cramps or spasms excessive growth,Insulin overdose
diarrhea depressive or psychotic symptoms elbow weakness nailbiting emotional symptoms feeling hot and cold low back weakness elbow cramps or spasms excessive growth,Insulin overdose
diarrhea depressive or psychotic symptoms wrist weakness underweight elbow weakness nailbiting emotional symptoms feeling hot and cold low back weakness,Insulin overdose
diarrhea depressive or psychotic symptoms wrist weakness underweight elbow weakness emotional symptoms feeling hot and cold low back weakness elbow cramps or spasms excessive growth,Insulin overdose
diarrhea depressive or psychotic symptoms elbow weakness nailbiting emotional symptoms low back weakness elbow cramps or spasms excessive growth,Insulin overdose
diarrhea depressive or psychotic symptoms wrist weakness underweight elbow weakness emotional symptoms feeling hot and cold low back weakness,Insulin overdose
dizziness neck pain headache fever nausea weakness feeling ill shoulder swelling vulvar sore eye strain cross eyed,Syndrome of inappropriate secretion of ADH (SIADH)
dizziness neck pain nausea weakness feeling ill shoulder swelling vulvar sore eye strain cross eyed,Syndrome of inappropriate secretion of ADH (SIADH)
dizziness neck pain headache fever nausea weakness feeling ill shoulder swelling vulvar sore,Syndrome of inappropriate secretion of ADH (SIADH)
dizziness neck pain headache fever nausea feeling ill shoulder swelling vulvar sore eye strain cross eyed,Syndrome of inappropriate secretion of ADH (SIADH)
dizziness neck pain nausea weakness feeling ill vulvar sore eye strain cross eyed,Syndrome of inappropriate secretion of ADH (SIADH)
dizziness neck pain headache fever nausea feeling ill shoulder swelling vulvar sore,Syndrome of inappropriate secretion of ADH (SIADH)
ear pain bleeding from ear fluid in ear throat feels tight skin irritation irregular appearing scalp throat irritation hysterical behavior,Foreign body in the ear
ear pain bleeding from ear skin irritation irregular appearing scalp throat irritation hysterical behavior,Foreign body in the ear
ear pain bleeding from ear fluid in ear throat feels tight skin irritation throat irritation hysterical behavior,Foreign body in the ear
ear pain bleeding from ear skin irritation irregular appearing scalp throat irritation,Foreign body in the ear
premenstrual tension or irritability unpredictable menstruation back pain long menstrual periods depressive or psychotic symptoms painful menstruation vomiting burning abdominal pain heavy menstrual flow lower abdominal pain pelvic pain,Premenstrual tension syndrome
premenstrual tension or irritability unpredictable menstruation depressive or psychotic symptoms painful menstruation vomiting burning abdominal pain heavy menstrual flow lower abdominal pain pelvic pain,Premenstrual tension syndrome
premenstrual tension or irritability unpredictable menstruation back pain long menstrual periods depressive or psychotic symptoms painful menstruation vomiting burning abdominal pain heavy menstrual flow,Premenstrual tension syndrome
premenstrual tension or irritability unpredictable menstruation back pain long menstrual periods depressive or psychotic symptoms vomiting burning abdominal pain heavy menstrual flow lower abdominal pain pelvic pain,Premenstrual tension syndrome
premenstrual tension or irritability unpredictable menstruation depressive or psychotic symptoms painful menstruation vomiting heavy menstrual flow lower abdominal pain pelvic pain,Premenstrual tension syndrome
premenstrual tension or irritability unpredictable menstruation back pain long menstrual periods depressive or psychotic symptoms vomiting burning abdominal pain heavy menstrual flow,Premenstrual tension syndrome
swollen eye pain in eye fever symptoms of eye eyelid swelling peripheral edema neck swelling itching of skin diminished vision diminished hearing facial pain,Orbital cellulitis
swollen eye pain in eye eyelid swelling peripheral edema neck swelling itching of skin diminished vision diminished hearing facial pain,Orbital cellulitis
swollen eye pain in eye fever symptoms of eye eyelid swelling peripheral edema neck swelling itching of skin diminished vision,Orbital cellulitis
swollen eye pain in eye fever symptoms of eye eyelid swelling neck swelling itching of skin diminished vision diminished hearing facial pain,Orbital cellulitis
swollen eye pain in eye eyelid swelling peripheral edema neck swelling diminished vision diminished hearing facial pain,Orbital cellulitis
swollen eye pain in eye fever symptoms of eye eyelid swelling neck swelling itching of skin diminished vision,Orbital cellulitis
knee pain ankle pain leg pain knee swelling foot or toe swelling ankle swelling problems with movement leg swelling knee stiffness or tightness irregular appearing nails infant feeding problem,Injury to the leg
knee pain ankle pain foot or toe swelling ankle swelling problems with movement leg swelling knee stiffness or tightness irregular appearing nails infant feeding problem,Injury to the leg
knee pain ankle pain leg pain knee swelling foot or toe swelling ankle swelling problems with movement leg swelling knee stiffness or tightness,Injury to the leg
knee pain ankle pain leg pain knee swelling foot or toe swelling problems with movement leg swelling knee stiffness or tightness irregular appearing nails infant feeding problem,Injury to the leg
knee pain ankle pain foot or toe swelling ankle swelling problems with movement knee stiffness or tightness irregular appearing nails infant feeding problem,Injury to the leg
knee pain ankle pain leg pain knee swelling foot or toe swelling problems with movement leg swelling knee stiffness or tightness,Injury to the leg
depressive or psychotic symptoms shortness of breath peripheral edema fainting weakness fatigue drug abuse problems with movement seizures abusing alcohol fluid retention,Hepatic encephalopathy
depressive or psychotic symptoms shortness of breath weakness fatigue drug abuse problems with movement seizures abusing alcohol fluid retention,Hepatic encephalopathy
depressive or psychotic symptoms shortness of breath peripheral edema fainting weakness fatigue drug abuse problems with movement seizures,Hepatic encephalopathy
depressive or psychotic symptoms shortness of breath peripheral edema fainting weakness drug abuse problems with movement seizures abusing alcohol fluid retention,Hepatic encephalopathy
depressive or psychotic symptoms shortness of breath weakness fatigue drug abuse seizures abusing alcohol fluid retention,Hepatic encephalopathy
depressive or psychotic symptoms shortness of breath peripheral edema fainting weakness drug abuse problems with movement seizures,Hepatic encephalopathy
low back pain back pain leg pain fatigue peripheral edema rib pain problems with movement joint pain arm lump or mass muscle pain gum pain,Bone cancer
low back pain back pain peripheral edema rib pain problems with movement joint pain arm lump or mass muscle pain gum pain,Bone cancer
low back pain back pain leg pain fatigue peripheral edema rib pain problems with movement joint pain arm lump or mass,Bone cancer
low back pain back pain leg pain fatigue peripheral edema problems with movement joint pain arm lump or mass muscle pain gum pain,Bone cancer
low back pain back pain peripheral edema rib pain problems with movement arm lump or mass muscle pain gum pain,Bone cancer
low back pain back pain leg pain fatigue peripheral edema problems with movement joint pain arm lump or mass,Bone cancer
pain in eye facial pain ankle pain wrist pain pain during pregnancy excessive anger joint stiffness or tightness pain or soreness of breast knee lump or mass fatigue excessive urination at night,Leishmaniasis
pain in eye facial pain pain during pregnancy excessive anger joint stiffness or tightness pain or soreness of breast knee lump or mass fatigue excessive urination at night,Leishmaniasis
pain in eye facial pain ankle pain wrist pain pain during pregnancy excessive anger joint stiffness or tightness pain or soreness of breast knee lump or mass,Leishmaniasis
pain in eye facial pain ankle pain wrist pain pain during pregnancy joint stiffness or tightness pain or soreness of breast knee lump or mass fatigue excessive urination at night,Leishmaniasis
pain in eye facial pain pain during pregnancy excessive anger joint stiffness or tightness knee lump or mass fatigue excessive urination at night,Leishmaniasis
pain in eye facial pain ankle pain wrist pain pain during pregnancy joint stiffness or tightness pain or soreness of breast knee lump or mass,Leishmaniasis
pain in eye facial pain ankle pain wrist pain pain during pregnancy excessive anger joint stiffness or tightness pain or soreness of breast knee lump or mass fatigue excessive urination at night,Chagas disease
pain in eye facial pain pain during pregnancy excessive anger joint stiffness or tightness pain or soreness of breast knee lump or mass fatigue excessive urination at night,Chagas disease
pain in eye facial pain ankle pain wrist pain pain during pregnancy excessive anger joint stiffness or tightness pain or soreness of breast knee lump or mass,Chagas disease
pain in eye facial pain ankle pain wrist pain pain during pregnancy joint stiffness or tightness pain or soreness of breast knee lump or mass fatigue excessive urination at night,Chagas disease
pain in eye facial pain pain during pregnancy excessive anger joint stiffness or tightness knee lump or mass fatigue excessive urination at night,Chagas disease
pain in eye facial pain ankle pain wrist pain pain during pregnancy joint stiffness or tightness pain or soreness of breast knee lump or mass,Chagas disease
back pain headache neck pain side pain leg weakness hand or finger swelling fainting pain or soreness of breast foot or toe pain shoulder swelling arm stiffness or tightness,Syringomyelia
back pain headache leg weakness hand or finger swelling fainting pain or soreness of breast foot or toe pain shoulder swelling arm stiffness or tightness,Syringomyelia
back pain headache neck pain side pain leg weakness hand or finger swelling fainting pain or soreness of breast foot or toe pain,Syringomyelia
back pain headache neck pain side pain leg weakness fainting pain or soreness of breast foot or toe pain shoulder swelling arm stiffness or tightness,Syringomyelia
back pain headache leg weakness hand or finger swelling fainting foot or toe pain shoulder swelling arm stiffness or tightness,Syringomyelia
back pain headache neck pain side pain leg weakness fainting pain or soreness of breast foot or toe pain,Syringomyelia
shortness of breath sharp chest pain difficulty breathing fever fainting coughing up sputum itchiness of eye chest tightness hemoptysis hurts to breath palpitations,Pulmonary fibrosis
shortness of breath sharp chest pain fainting coughing up sputum itchiness of eye chest tightness hemoptysis hurts to breath palpitations,Pulmonary fibrosis
shortness of breath sharp chest pain difficulty breathing fever fainting coughing up sputum itchiness of eye chest tightness hemoptysis,Pulmonary fibrosis
shortness of breath sharp chest pain difficulty breathing fever fainting itchiness of eye chest tightness hemoptysis hurts to breath palpitations,Pulmonary fibrosis
shortness of breath sharp chest pain fainting coughing up sputum itchiness of eye hemoptysis hurts to breath palpitations,Pulmonary fibrosis
shortness of breath sharp chest pain difficulty breathing fever fainting itchiness of eye chest tightness hemoptysis,Pulmonary fibrosis
sharp chest pain shortness of breath fatigue dizziness chest tightness increased heart rate irregular heartbeat weight gain sweating drainage in throat nightmares,Mitral valve disease
sharp chest pain shortness of breath chest tightness increased heart rate irregular heartbeat weight gain sweating drainage in throat nightmares,Mitral valve disease
sharp chest pain shortness of breath fatigue dizziness chest tightness increased heart rate irregular heartbeat weight gain sweating,Mitral valve disease
sharp chest pain shortness of breath fatigue dizziness chest tightness irregular heartbeat weight gain sweating drainage in throat nightmares,Mitral valve disease
sharp chest pain shortness of breath chest tightness increased heart rate irregular heartbeat sweating drainage in throat nightmares,Mitral valve disease
sharp chest pain shortness of breath fatigue dizziness chest tightness irregular heartbeat weight gain sweating,Mitral valve disease
abnormal involuntary movements disturbance of memory dizziness weakness stiffness all over leg weakness focal weakness muscle stiffness or tightness difficulty speaking leg stiffness or tightness fears and phobias,Parkinson disease
abnormal involuntary movements disturbance of memory stiffness all over leg weakness focal weakness muscle stiffness or tightness difficulty speaking leg stiffness or tightness fears and phobias,Parkinson disease
abnormal involuntary movements disturbance of memory dizziness weakness stiffness all over leg weakness focal weakness muscle stiffness or tightness difficulty speaking,Parkinson disease
abnormal involuntary movements disturbance of memory dizziness weakness stiffness all over focal weakness muscle stiffness or tightness difficulty speaking leg stiffness or tightness fears and phobias,Parkinson disease
abnormal involuntary movements disturbance of memory stiffness all over leg weakness focal weakness difficulty speaking leg stiffness or tightness fears and phobias,Parkinson disease
abnormal involuntary movements disturbance of memory dizziness weakness stiffness all over focal weakness muscle stiffness or tightness difficulty speaking,Parkinson disease
foot or toe pain foot or toe swelling ankle pain wrist pain hand or finger pain hand or finger swelling joint pain ankle swelling knee swelling leg swelling wrist swelling,Gout
foot or toe pain foot or toe swelling hand or finger pain hand or finger swelling joint pain ankle swelling knee swelling leg swelling wrist swelling,Gout
foot or toe pain foot or toe swelling ankle pain wrist pain hand or finger pain hand or finger swelling joint pain ankle swelling knee swelling,Gout
foot or toe pain foot or toe swelling ankle pain wrist pain hand or finger pain joint pain ankle swelling knee swelling leg swelling wrist swelling,Gout
foot or toe pain foot or toe swelling hand or finger pain hand or finger swelling joint pain knee swelling leg swelling wrist swelling,Gout
foot or toe pain foot or toe swelling ankle pain wrist pain hand or finger pain joint pain ankle swelling knee swelling,Gout
ear pain cough nasal congestion sore throat vomiting redness in ear pulling at ears coryza fluid in ear diminished hearing plugged feeling in ear,Otitis media
ear pain cough vomiting redness in ear pulling at ears coryza fluid in ear diminished hearing plugged feeling in ear,Otitis media
ear pain cough nasal congestion sore throat vomiting redness in ear pulling at ears coryza fluid in ear,Otitis media
ear pain cough nasal congestion sore throat vomiting pulling at ears coryza fluid in ear diminished hearing plugged feeling in ear,Otitis media
ear pain cough vomiting redness in ear pulling at ears fluid in ear diminished hearing plugged feeling in ear,Otitis media
ear pain cough nasal congestion sore throat vomiting pulling at ears coryza fluid in ear,Otitis media
drug abuse depression anxiety and nervousness abusing alcohol insomnia delusions or hallucinations excessive anger temper problems antisocial behavior low self esteem restlessness,Drug abuse (opioids)
drug abuse depression insomnia delusions or hallucinations excessive anger temper problems antisocial behavior low self esteem restlessness,Drug abuse (opioids)
drug abuse depression anxiety and nervousness abusing alcohol insomnia delusions or hallucinations excessive anger temper problems antisocial behavior,Drug abuse (opioids)
drug abuse depression anxiety and nervousness abusing alcohol insomnia excessive anger temper problems antisocial behavior low self esteem restlessness,Drug abuse (opioids)
drug abuse depression insomnia delusions or hallucinations excessive anger antisocial behavior low self esteem restlessness,Drug abuse (opioids)
drug abuse depression anxiety and nervousness abusing alcohol insomnia excessive anger temper problems antisocial behavior,Drug abuse (opioids)
fatigue difficulty speaking coughing up sputum,Myelodysplastic syndrome
fatigue difficulty speaking,Myelodysplastic syndrome
shoulder pain bones are painful arm stiffness or tightness shoulder swelling fluid retention shoulder stiffness or tightness changes in stool appearance mass on ear arm weakness stiffness all over neck swelling,Fracture of the shoulder
shoulder pain bones are painful fluid retention shoulder stiffness or tightness changes in stool appearance mass on ear arm weakness stiffness all over neck swelling,Fracture of the shoulder
shoulder pain bones are painful arm stiffness or tightness shoulder swelling fluid retention shoulder stiffness or tightness changes in stool appearance mass on ear arm weakness,Fracture of the shoulder
shoulder pain bones are painful arm stiffness or tightness shoulder swelling fluid retention changes in stool appearance mass on ear arm weakness stiffness all over neck swelling,Fracture of the shoulder
shoulder pain bones are painful fluid retention shoulder stiffness or tightness changes in stool appearance arm weakness stiffness all over neck swelling,Fracture of the shoulder
shoulder pain bones are painful arm stiffness or tightness shoulder swelling fluid retention changes in stool appearance mass on ear arm weakness,Fracture of the shoulder
shortness of breath vomiting dizziness nausea sharp abdominal pain sharp chest pain kidney mass symptoms of the kidneys peripheral edema blood in urine retention of urine,Acute kidney injury
shortness of breath vomiting sharp abdominal pain sharp chest pain kidney mass symptoms of the kidneys peripheral edema blood in urine retention of urine,Acute kidney injury
shortness of breath vomiting dizziness nausea sharp abdominal pain sharp chest pain kidney mass symptoms of the kidneys peripheral edema,Acute kidney injury
shortness of breath vomiting dizziness nausea sharp abdominal pain kidney mass symptoms of the kidneys peripheral edema blood in urine retention of urine,Acute kidney injury
shortness of breath vomiting sharp abdominal pain sharp chest pain kidney mass peripheral edema blood in urine retention of urine,Acute kidney injury
shortness of breath vomiting dizziness nausea sharp abdominal pain kidney mass symptoms of the kidneys peripheral edema,Acute kidney injury
spotting or bleeding during pregnancy pain during pregnancy uterine contractions problems during pregnancy lower abdominal pain cramps and spasms back pain intermenstrual bleeding pelvic pain blood clots during menstrual periods vaginal discharge,Threatened pregnancy
spotting or bleeding during pregnancy pain during pregnancy lower abdominal pain cramps and spasms back pain intermenstrual bleeding pelvic pain blood clots during menstrual periods vaginal discharge,Threatened pregnancy
spotting or bleeding during pregnancy pain during pregnancy uterine contractions problems during pregnancy lower abdominal pain cramps and spasms back pain intermenstrual bleeding pelvic pain,Threatened pregnancy
spotting or bleeding during pregnancy pain during pregnancy uterine contractions problems during pregnancy lower abdominal pain back pain intermenstrual bleeding pelvic pain blood clots during menstrual periods vaginal discharge,Threatened pregnancy
spotting or bleeding during pregnancy pain during pregnancy lower abdominal pain cramps and spasms back pain pelvic pain blood clots during menstrual periods vaginal discharge,Threatened pregnancy
spotting or bleeding during pregnancy pain during pregnancy uterine contractions problems during pregnancy lower abdominal pain back pain intermenstrual bleeding pelvic pain,Threatened pregnancy
seizures back pain headache low back pain depressive or psychotic symptoms leg pain fatigue neck pain sharp chest pain weakness slurring words,Intracranial abscess
seizures back pain depressive or psychotic symptoms leg pain fatigue neck pain sharp chest pain weakness slurring words,Intracranial abscess
seizures back pain headache low back pain depressive or psychotic symptoms leg pain fatigue neck pain sharp chest pain,Intracranial abscess
seizures back pain headache low back pain depressive or psychotic symptoms fatigue neck pain sharp chest pain weakness slurring words,Intracranial abscess
seizures back pain depressive or psychotic symptoms leg pain fatigue sharp chest pain weakness slurring words,Intracranial abscess
seizures back pain headache low back pain depressive or psychotic symptoms fatigue neck pain sharp chest pain,Intracranial abscess
toothache facial pain peripheral edema fever ear pain mouth ulcer mouth pain bleeding gums pain in gums lip swelling jaw swelling,Gum disease
toothache facial pain ear pain mouth ulcer mouth pain bleeding gums pain in gums lip swelling jaw swelling,Gum disease
toothache facial pain peripheral edema fever ear pain mouth ulcer mouth pain bleeding gums pain in gums,Gum disease
toothache facial pain peripheral edema fever ear pain mouth pain bleeding gums pain in gums lip swelling jaw swelling,Gum disease
toothache facial pain ear pain mouth ulcer mouth pain pain in gums lip swelling jaw swelling,Gum disease
toothache facial pain peripheral edema fever ear pain mouth pain bleeding gums pain in gums,Gum disease
skin lesion recent pregnancy knee swelling flatulence skin on leg or foot looks infected heavy menstrual flow sneezing,Open wound from surgical incision
skin lesion recent pregnancy skin on leg or foot looks infected heavy menstrual flow sneezing,Open wound from surgical incision
skin lesion recent pregnancy knee swelling flatulence skin on leg or foot looks infected sneezing,Open wound from surgical incision
blood in stool sharp abdominal pain melena vomiting diarrhea vomiting blood changes in stool appearance weakness nausea dizziness fainting,Gastrointestinal hemorrhage
blood in stool sharp abdominal pain diarrhea vomiting blood changes in stool appearance weakness nausea dizziness fainting,Gastrointestinal hemorrhage
blood in stool sharp abdominal pain melena vomiting diarrhea vomiting blood changes in stool appearance weakness nausea,Gastrointestinal hemorrhage
blood in stool sharp abdominal pain melena vomiting diarrhea changes in stool appearance weakness nausea dizziness fainting,Gastrointestinal hemorrhage
blood in stool sharp abdominal pain diarrhea vomiting blood changes in stool appearance nausea dizziness fainting,Gastrointestinal hemorrhage
blood in stool sharp abdominal pain melena vomiting diarrhea changes in stool appearance weakness nausea,Gastrointestinal hemorrhage
drug abuse anxiety and nervousness depression shortness of breath delusions or hallucinations fears and phobias hostile behavior abusing alcohol palpitations feeling ill pain during pregnancy,Drug abuse (methamphetamine)
drug abuse anxiety and nervousness delusions or hallucinations fears and phobias hostile behavior abusing alcohol palpitations feeling ill pain during pregnancy,Drug abuse (methamphetamine)
drug abuse anxiety and nervousness depression shortness of breath delusions or hallucinations fears and phobias hostile behavior abusing alcohol palpitations,Drug abuse (methamphetamine)
drug abuse anxiety and nervousness depression shortness of breath delusions or hallucinations hostile behavior abusing alcohol palpitations feeling ill pain during pregnancy,Drug abuse (methamphetamine)
drug abuse anxiety and nervousness delusions or hallucinations fears and phobias hostile behavior palpitations feeling ill pain during pregnancy,Drug abuse (methamphetamine)
drug abuse anxiety and nervousness depression shortness of breath delusions or hallucinations hostile behavior abusing alcohol palpitations,Drug abuse (methamphetamine)
neck pain headache neck cramps or spasms shoulder pain back pain arm pain abnormal involuntary movements throat swelling cramps and spasms leg weakness shoulder lump or mass,Torticollis
neck pain headache back pain arm pain abnormal involuntary movements throat swelling cramps and spasms leg weakness shoulder lump or mass,Torticollis
neck pain headache neck cramps or spasms shoulder pain back pain arm pain abnormal involuntary movements throat swelling cramps and spasms,Torticollis
neck pain headache neck cramps or spasms shoulder pain back pain abnormal involuntary movements throat swelling cramps and spasms leg weakness shoulder lump or mass,Torticollis
neck pain headache back pain arm pain abnormal involuntary movements cramps and spasms leg weakness shoulder lump or mass,Torticollis
neck pain headache neck cramps or spasms shoulder pain back pain abnormal involuntary movements throat swelling cramps and spasms,Torticollis
depressive or psychotic symptoms itching of skin skin rash weakness diarrhea nausea swollen tongue focal weakness sharp abdominal pain feeling hot allergic reaction,Poisoning due to antihypertensives
depressive or psychotic symptoms itching of skin diarrhea nausea swollen tongue focal weakness sharp abdominal pain feeling hot allergic reaction,Poisoning due to antihypertensives
depressive or psychotic symptoms itching of skin skin rash weakness diarrhea nausea swollen tongue focal weakness sharp abdominal pain,Poisoning due to antihypertensives
depressive or psychotic symptoms itching of skin skin rash weakness diarrhea swollen tongue focal weakness sharp abdominal pain feeling hot allergic reaction,Poisoning due to antihypertensives
depressive or psychotic symptoms itching of skin diarrhea nausea swollen tongue sharp abdominal pain feeling hot allergic reaction,Poisoning due to antihypertensives
depressive or psychotic symptoms itching of skin skin rash weakness diarrhea swollen tongue focal weakness sharp abdominal pain,Poisoning due to antihypertensives
headache nausea dizziness anxiety and nervousness chills neck stiffness or tightness painful menstruation painful sinuses symptoms of the face bleeding from ear back cramps or spasms,Tension headache
headache nausea chills neck stiffness or tightness painful menstruation painful sinuses symptoms of the face bleeding from ear back cramps or spasms,Tension headache
headache nausea dizziness anxiety and nervousness chills neck stiffness or tightness painful menstruation painful sinuses symptoms of the face,Tension headache
headache nausea dizziness anxiety and nervousness chills painful menstruation painful sinuses symptoms of the face bleeding from ear back cramps or spasms,Tension headache
headache nausea chills neck stiffness or tightness painful menstruation symptoms of the face bleeding from ear back cramps or spasms,Tension headache
headache nausea dizziness anxiety and nervousness chills painful menstruation painful sinuses symptoms of the face,Tension headache
abusing alcohol vomiting depression sharp abdominal pain sharp chest pain anxiety and nervousness nausea fainting abnormal involuntary movements delusions or hallucinations problems with movement,Alcohol intoxication
abusing alcohol vomiting sharp chest pain anxiety and nervousness nausea fainting abnormal involuntary movements delusions or hallucinations problems with movement,Alcohol intoxication
abusing alcohol vomiting depression sharp abdominal pain sharp chest pain anxiety and nervousness nausea fainting abnormal involuntary movements,Alcohol intoxication
abusing alcohol vomiting depression sharp abdominal pain sharp chest pain nausea fainting abnormal involuntary movements delusions or hallucinations problems with movement,Alcohol intoxication
abusing alcohol vomiting sharp chest pain anxiety and nervousness nausea abnormal involuntary movements delusions or hallucinations problems with movement,Alcohol intoxication
abusing alcohol vomiting depression sharp abdominal pain sharp chest pain nausea fainting abnormal involuntary movements,Alcohol intoxication
sharp abdominal pain knee lump or mass excessive growth pelvic pressure vulvar sore loss of sex drive bedwetting neck cramps or spasms shoulder swelling eye strain joint stiffness or tightness,Scurvy
sharp abdominal pain knee lump or mass vulvar sore loss of sex drive bedwetting neck cramps or spasms shoulder swelling eye strain joint stiffness or tightness,Scurvy
sharp abdominal pain knee lump or mass excessive growth pelvic pressure vulvar sore loss of sex drive bedwetting neck cramps or spasms shoulder swelling,Scurvy
sharp abdominal pain knee lump or mass excessive growth pelvic pressure vulvar sore bedwetting neck cramps or spasms shoulder swelling eye strain joint stiffness or tightness,Scurvy
sharp abdominal pain knee lump or mass vulvar sore loss of sex drive bedwetting shoulder swelling eye strain joint stiffness or tightness,Scurvy
sharp abdominal pain knee lump or mass excessive growth pelvic pressure vulvar sore bedwetting neck cramps or spasms shoulder swelling,Scurvy
sleepiness apnea headache abnormal involuntary movements shortness of breath abnormal breathing sounds insomnia weight gain temper problems disturbance of memory delusions or hallucinations,Narcolepsy
sleepiness apnea shortness of breath abnormal breathing sounds insomnia weight gain temper problems disturbance of memory delusions or hallucinations,Narcolepsy
sleepiness apnea headache abnormal involuntary movements shortness of breath abnormal breathing sounds insomnia weight gain temper problems,Narcolepsy
sleepiness apnea headache abnormal involuntary movements shortness of breath insomnia weight gain temper problems disturbance of memory delusions or hallucinations,Narcolepsy
sleepiness apnea shortness of breath abnormal breathing sounds insomnia temper problems disturbance of memory delusions or hallucinations,Narcolepsy
sleepiness apnea headache abnormal involuntary movements shortness of breath insomnia weight gain temper problems,Narcolepsy
peripheral edema blood in urine impotence thirst swelling of scrotum melena irregular appearing nails leg stiffness or tightness leg cramps or spasms lack of growth,Primary kidney disease
peripheral edema blood in urine swelling of scrotum melena irregular appearing nails leg stiffness or tightness leg cramps or spasms lack of growth,Primary kidney disease
peripheral edema blood in urine impotence thirst swelling of scrotum melena irregular appearing nails leg stiffness or tightness leg cramps or spasms,Primary kidney disease
peripheral edema blood in urine impotence thirst swelling of scrotum irregular appearing nails leg stiffness or tightness leg cramps or spasms lack of growth,Primary kidney disease
peripheral edema blood in urine swelling of scrotum melena irregular appearing nails leg cramps or spasms lack of growth,Primary kidney disease
peripheral edema blood in urine impotence thirst swelling of scrotum irregular appearing nails leg stiffness or tightness leg cramps or spasms,Primary kidney disease
vaginal bleeding after menopause hot flashes focal weakness heavy menstrual flow cramps and spasms tongue lesions muscle pain intermenstrual bleeding gum pain unpredictable menstruation groin mass,Uterine cancer
vaginal bleeding after menopause hot flashes cramps and spasms tongue lesions muscle pain intermenstrual bleeding gum pain unpredictable menstruation groin mass,Uterine cancer
vaginal bleeding after menopause hot flashes focal weakness heavy menstrual flow cramps and spasms tongue lesions muscle pain intermenstrual bleeding gum pain,Uterine cancer
vaginal bleeding after menopause hot flashes focal weakness heavy menstrual flow cramps and spasms muscle pain intermenstrual bleeding gum pain unpredictable menstruation groin mass,Uterine cancer
vaginal bleeding after menopause hot flashes cramps and spasms tongue lesions muscle pain gum pain unpredictable menstruation groin mass,Uterine cancer
vaginal bleeding after menopause hot flashes focal weakness heavy menstrual flow cramps and spasms muscle pain intermenstrual bleeding gum pain,Uterine cancer
symptoms of eye pain in eye lacrimation itchiness of eye eye redness eye burns or stings foreign body sensation in eye spots or clouds in vision white discharge from eye abnormal movement of eyelid double vision,Dry eye of unknown cause
symptoms of eye pain in eye eye redness eye burns or stings foreign body sensation in eye spots or clouds in vision white discharge from eye abnormal movement of eyelid double vision,Dry eye of unknown cause
symptoms of eye pain in eye lacrimation itchiness of eye eye redness eye burns or stings foreign body sensation in eye spots or clouds in vision white discharge from eye,Dry eye of unknown cause
symptoms of eye pain in eye lacrimation itchiness of eye eye redness foreign body sensation in eye spots or clouds in vision white discharge from eye abnormal movement of eyelid double vision,Dry eye of unknown cause
symptoms of eye pain in eye eye redness eye burns or stings foreign body sensation in eye white discharge from eye abnormal movement of eyelid double vision,Dry eye of unknown cause
symptoms of eye pain in eye lacrimation itchiness of eye eye redness foreign body sensation in eye spots or clouds in vision white discharge from eye,Dry eye of unknown cause
lump or mass of breast bleeding or discharge from nipple long menstrual periods leg cramps or spasms absence of menstruation intermenstrual bleeding skin irritation frequent menstruation,Fibrocystic breast disease
lump or mass of breast bleeding or discharge from nipple absence of menstruation intermenstrual bleeding skin irritation frequent menstruation,Fibrocystic breast disease
lump or mass of breast bleeding or discharge from nipple long menstrual periods leg cramps or spasms absence of menstruation skin irritation frequent menstruation,Fibrocystic breast disease
lump or mass of breast bleeding or discharge from nipple absence of menstruation intermenstrual bleeding skin irritation,Fibrocystic breast disease
skin rash skin lesion abnormal appearing skin itching of skin acne or pimples irregular appearing scalp skin irritation skin growth itchy scalp skin dryness,Fungal infection of the hair
skin rash skin lesion acne or pimples irregular appearing scalp skin irritation skin growth itchy scalp skin dryness,Fungal infection of the hair
skin rash skin lesion abnormal appearing skin itching of skin acne or pimples irregular appearing scalp skin irritation skin growth itchy scalp,Fungal infection of the hair
skin rash skin lesion abnormal appearing skin itching of skin acne or pimples skin irritation skin growth itchy scalp skin dryness,Fungal infection of the hair
skin rash skin lesion acne or pimples irregular appearing scalp skin irritation itchy scalp skin dryness,Fungal infection of the hair
skin rash skin lesion abnormal appearing skin itching of skin acne or pimples skin irritation skin growth itchy scalp,Fungal infection of the hair
toothache facial pain jaw swelling gum pain mouth pain skin swelling fluid retention pain in gums lip swelling neck swelling symptoms of the face,Tooth abscess
toothache facial pain mouth pain skin swelling fluid retention pain in gums lip swelling neck swelling symptoms of the face,Tooth abscess
toothache facial pain jaw swelling gum pain mouth pain skin swelling fluid retention pain in gums lip swelling,Tooth abscess
toothache facial pain jaw swelling gum pain mouth pain fluid retention pain in gums lip swelling neck swelling symptoms of the face,Tooth abscess
toothache facial pain mouth pain skin swelling fluid retention lip swelling neck swelling symptoms of the face,Tooth abscess
toothache facial pain jaw swelling gum pain mouth pain fluid retention pain in gums lip swelling,Tooth abscess
pain in eye facial pain ankle pain wrist pain pain during pregnancy excessive anger joint stiffness or tightness pain or soreness of breast knee lump or mass fatigue excessive urination at night,Leptospirosis
pain in eye facial pain pain during pregnancy excessive anger joint stiffness or tightness pain or soreness of breast knee lump or mass fatigue excessive urination at night,Leptospirosis
pain in eye facial pain ankle pain wrist pain pain during pregnancy excessive anger joint stiffness or tightness pain or soreness of breast knee lump or mass,Leptospirosis
pain in eye facial pain ankle pain wrist pain pain during pregnancy joint stiffness or tightness pain or soreness of breast knee lump or mass fatigue excessive urination at night,Leptospirosis
pain in eye facial pain pain during pregnancy excessive anger joint stiffness or tightness knee lump or mass fatigue excessive urination at night,Leptospirosis
pain in eye facial pain ankle pain wrist pain pain during pregnancy joint stiffness or tightness pain or soreness of breast knee lump or mass,Leptospirosis
allergic reaction itching of skin hand or finger swelling abnormal appearing skin fluid retention foot or toe swelling arm swelling leg swelling peripheral edema skin swelling paresthesia,Envenomation from spider or animal bite
allergic reaction itching of skin fluid retention foot or toe swelling arm swelling leg swelling peripheral edema skin swelling paresthesia,Envenomation from spider or animal bite
allergic reaction itching of skin hand or finger swelling abnormal appearing skin fluid retention foot or toe swelling arm swelling leg swelling peripheral edema,Envenomation from spider or animal bite
allergic reaction itching of skin hand or finger swelling abnormal appearing skin fluid retention arm swelling leg swelling peripheral edema skin swelling paresthesia,Envenomation from spider or animal bite
allergic reaction itching of skin fluid retention foot or toe swelling arm swelling peripheral edema skin swelling paresthesia,Envenomation from spider or animal bite
allergic reaction itching of skin hand or finger swelling abnormal appearing skin fluid retention arm swelling leg swelling peripheral edema,Envenomation from spider or animal bite
lower abdominal pain suprapubic pain excessive growth cross eyed elbow weakness wrist weakness emotional symptoms feeling hot and cold bowlegged or knock kneed elbow cramps or spasms nailbiting,VACTERL syndrome
lower abdominal pain suprapubic pain elbow weakness wrist weakness emotional symptoms feeling hot and cold bowlegged or knock kneed elbow cramps or spasms nailbiting,VACTERL syndrome
lower abdominal pain suprapubic pain excessive growth cross eyed elbow weakness wrist weakness emotional symptoms feeling hot and cold bowlegged or knock kneed,VACTERL syndrome
lower abdominal pain suprapubic pain excessive growth cross eyed elbow weakness emotional symptoms feeling hot and cold bowlegged or knock kneed elbow cramps or spasms nailbiting,VACTERL syndrome
lower abdominal pain suprapubic pain elbow weakness wrist weakness emotional symptoms bowlegged or knock kneed elbow cramps or spasms nailbiting,VACTERL syndrome
lower abdominal pain suprapubic pain excessive growth cross eyed elbow weakness emotional symptoms feeling hot and cold bowlegged or knock kneed,VACTERL syndrome
dizziness weakness back pain headache leg pain arm pain sweating foot or toe weakness paresthesia vomiting sharp chest pain,Vertebrobasilar insufficiency
dizziness weakness leg pain arm pain sweating foot or toe weakness paresthesia vomiting sharp chest pain,Vertebrobasilar insufficiency
dizziness weakness back pain headache leg pain arm pain sweating foot or toe weakness paresthesia,Vertebrobasilar insufficiency
dizziness weakness back pain headache leg pain sweating foot or toe weakness paresthesia vomiting sharp chest pain,Vertebrobasilar insufficiency
dizziness weakness leg pain arm pain sweating paresthesia vomiting sharp chest pain,Vertebrobasilar insufficiency
dizziness weakness back pain headache leg pain sweating foot or toe weakness paresthesia,Vertebrobasilar insufficiency
rectal bleeding pain of the anus sharp abdominal pain diarrhea constipation burning abdominal pain melena itching of the anus heartburn changes in stool appearance cramps and spasms,Rectal disorder
rectal bleeding pain of the anus constipation burning abdominal pain melena itching of the anus heartburn changes in stool appearance cramps and spasms,Rectal disorder
rectal bleeding pain of the anus sharp abdominal pain diarrhea constipation burning abdominal pain melena itching of the anus heartburn,Rectal disorder
rectal bleeding pain of the anus sharp abdominal pain diarrhea constipation melena itching of the anus heartburn changes in stool appearance cramps and spasms,Rectal disorder
rectal bleeding pain of the anus constipation burning abdominal pain melena heartburn changes in stool appearance cramps and spasms,Rectal disorder
rectal bleeding pain of the anus sharp abdominal pain diarrhea constipation melena itching of the anus heartburn,Rectal disorder
symptoms of bladder involuntary urination impotence frequent urination suprapubic pain blood in urine symptoms of prostate emotional symptoms elbow cramps or spasms wrist weakness back weakness,Atonic bladder
symptoms of bladder involuntary urination suprapubic pain blood in urine symptoms of prostate emotional symptoms elbow cramps or spasms wrist weakness back weakness,Atonic bladder
symptoms of bladder involuntary urination impotence frequent urination suprapubic pain blood in urine symptoms of prostate emotional symptoms elbow cramps or spasms,Atonic bladder
symptoms of bladder involuntary urination impotence frequent urination suprapubic pain symptoms of prostate emotional symptoms elbow cramps or spasms wrist weakness back weakness,Atonic bladder
symptoms of bladder involuntary urination suprapubic pain blood in urine symptoms of prostate elbow cramps or spasms wrist weakness back weakness,Atonic bladder
symptoms of bladder involuntary urination impotence frequent urination suprapubic pain symptoms of prostate emotional symptoms elbow cramps or spasms,Atonic bladder
dizziness vomiting headache problems with movement weakness ringing in ear fainting irregular heartbeat diminished hearing feeling ill frontal headache,Benign paroxysmal positional vertical (BPPV)
dizziness vomiting weakness ringing in ear fainting irregular heartbeat diminished hearing feeling ill frontal headache,Benign paroxysmal positional vertical (BPPV)
dizziness vomiting headache problems with movement weakness ringing in ear fainting irregular heartbeat diminished hearing,Benign paroxysmal positional vertical (BPPV)
dizziness vomiting headache problems with movement weakness fainting irregular heartbeat diminished hearing feeling ill frontal headache,Benign paroxysmal positional vertical (BPPV)
dizziness vomiting weakness ringing in ear fainting diminished hearing feeling ill frontal headache,Benign paroxysmal positional vertical (BPPV)
dizziness vomiting headache problems with movement weakness fainting irregular heartbeat diminished hearing,Benign paroxysmal positional vertical (BPPV)
abnormal movement of eyelid eye moves abnormally leg weakness pain during intercourse eyelid lesion or rash arm weakness headache muscle cramps cramps and spasms blindness,Blepharospasm
abnormal movement of eyelid eye moves abnormally eyelid lesion or rash arm weakness headache muscle cramps cramps and spasms blindness,Blepharospasm
abnormal movement of eyelid eye moves abnormally leg weakness pain during intercourse eyelid lesion or rash arm weakness headache muscle cramps,Blepharospasm
abnormal movement of eyelid eye moves abnormally leg weakness pain during intercourse eyelid lesion or rash headache muscle cramps cramps and spasms blindness,Blepharospasm
abnormal movement of eyelid eye moves abnormally eyelid lesion or rash arm weakness headache cramps and spasms blindness,Blepharospasm
abnormal movement of eyelid eye moves abnormally leg weakness pain during intercourse eyelid lesion or rash headache muscle cramps,Blepharospasm
cough fatigue sharp chest pain headache peripheral edema pain in eye wheezing chest tightness paresthesia muscle pain facial pain,Sarcoidosis
cough fatigue peripheral edema pain in eye wheezing chest tightness paresthesia muscle pain facial pain,Sarcoidosis
cough fatigue sharp chest pain headache peripheral edema pain in eye wheezing chest tightness paresthesia,Sarcoidosis
cough fatigue sharp chest pain headache peripheral edema wheezing chest tightness paresthesia muscle pain facial pain,Sarcoidosis
cough fatigue peripheral edema pain in eye wheezing paresthesia muscle pain facial pain,Sarcoidosis
cough fatigue sharp chest pain headache peripheral edema wheezing chest tightness paresthesia,Sarcoidosis
fatigue focal weakness neck mass stomach bloating leg cramps or spasms unusual color or odor to urine vaginal dryness,Metastatic cancer
fatigue focal weakness leg cramps or spasms unusual color or odor to urine vaginal dryness,Metastatic cancer
fatigue focal weakness neck mass stomach bloating leg cramps or spasms vaginal dryness,Metastatic cancer
hand or finger pain wrist pain hand or finger cramps or spasms hand or finger swelling paresthesia shoulder stiffness or tightness bones are painful bleeding from ear muscle stiffness or tightness back stiffness or tightness skin on arm or hand looks infected,Trigger finger (finger disorder)
hand or finger pain wrist pain paresthesia shoulder stiffness or tightness bones are painful bleeding from ear muscle stiffness or tightness back stiffness or tightness skin on arm or hand looks infected,Trigger finger (finger disorder)
hand or finger pain wrist pain hand or finger cramps or spasms hand or finger swelling paresthesia shoulder stiffness or tightness bones are painful bleeding from ear muscle stiffness or tightness,Trigger finger (finger disorder)
hand or finger pain wrist pain hand or finger cramps or spasms hand or finger swelling paresthesia bones are painful bleeding from ear muscle stiffness or tightness back stiffness or tightness skin on arm or hand looks infected,Trigger finger (finger disorder)
hand or finger pain wrist pain paresthesia shoulder stiffness or tightness bones are painful muscle stiffness or tightness back stiffness or tightness skin on arm or hand looks infected,Trigger finger (finger disorder)
hand or finger pain wrist pain hand or finger cramps or spasms hand or finger swelling paresthesia bones are painful bleeding from ear muscle stiffness or tightness,Trigger finger (finger disorder)
pain in eye eye redness eyelid swelling symptoms of eye mass on eyelid itchiness of eye eyelid lesion or rash abnormal appearing skin eye burns or stings skin swelling lacrimation,Stye
pain in eye eye redness mass on eyelid itchiness of eye eyelid lesion or rash abnormal appearing skin eye burns or stings skin swelling lacrimation,Stye
pain in eye eye redness eyelid swelling symptoms of eye mass on eyelid itchiness of eye eyelid lesion or rash abnormal appearing skin eye burns or stings,Stye
pain in eye eye redness eyelid swelling symptoms of eye mass on eyelid eyelid lesion or rash abnormal appearing skin eye burns or stings skin swelling lacrimation,Stye
pain in eye eye redness mass on eyelid itchiness of eye eyelid lesion or rash eye burns or stings skin swelling lacrimation,Stye
pain in eye eye redness eyelid swelling symptoms of eye mass on eyelid eyelid lesion or rash abnormal appearing skin eye burns or stings,Stye
ache all over pain in testicles recent weight loss joint pain disturbance of memory too little hair drainage in throat difficulty speaking pelvic pain bones are painful,Hemochromatosis
ache all over pain in testicles disturbance of memory too little hair drainage in throat difficulty speaking pelvic pain bones are painful,Hemochromatosis
ache all over pain in testicles recent weight loss joint pain disturbance of memory too little hair drainage in throat difficulty speaking pelvic pain,Hemochromatosis
ache all over pain in testicles recent weight loss joint pain disturbance of memory drainage in throat difficulty speaking pelvic pain bones are painful,Hemochromatosis
ache all over pain in testicles disturbance of memory too little hair drainage in throat pelvic pain bones are painful,Hemochromatosis
ache all over pain in testicles recent weight loss joint pain disturbance of memory drainage in throat difficulty speaking pelvic pain,Hemochromatosis
knee pain skin growth shoulder pain abnormal appearing skin skin lesion pelvic pain hand or finger lump or mass itching of skin ankle pain lower abdominal pain lip swelling,Osteochondroma
knee pain skin growth skin lesion pelvic pain hand or finger lump or mass itching of skin ankle pain lower abdominal pain lip swelling,Osteochondroma
knee pain skin growth shoulder pain abnormal appearing skin skin lesion pelvic pain hand or finger lump or mass itching of skin ankle pain,Osteochondroma
knee pain skin growth shoulder pain abnormal appearing skin skin lesion hand or finger lump or mass itching of skin ankle pain lower abdominal pain lip swelling,Osteochondroma
knee pain skin growth skin lesion pelvic pain hand or finger lump or mass ankle pain lower abdominal pain lip swelling,Osteochondroma
knee pain skin growth shoulder pain abnormal appearing skin skin lesion hand or finger lump or mass itching of skin ankle pain,Osteochondroma
decreased heart rate shoulder pain nailbiting elbow cramps or spasms emotional symptoms elbow weakness muscle swelling itching of scrotum infrequent menstruation low back weakness bladder mass,Cushing syndrome
decreased heart rate shoulder pain emotional symptoms elbow weakness muscle swelling itching of scrotum infrequent menstruation low back weakness bladder mass,Cushing syndrome
decreased heart rate shoulder pain nailbiting elbow cramps or spasms emotional symptoms elbow weakness muscle swelling itching of scrotum infrequent menstruation,Cushing syndrome
decreased heart rate shoulder pain nailbiting elbow cramps or spasms emotional symptoms muscle swelling itching of scrotum infrequent menstruation low back weakness bladder mass,Cushing syndrome
decreased heart rate shoulder pain emotional symptoms elbow weakness muscle swelling infrequent menstruation low back weakness bladder mass,Cushing syndrome
decreased heart rate shoulder pain nailbiting elbow cramps or spasms emotional symptoms muscle swelling itching of scrotum infrequent menstruation,Cushing syndrome
fever excessive anger ankle pain wrist pain pain during pregnancy facial pain joint stiffness or tightness pain or soreness of breast knee lump or mass pain in eye fatigue,Typhoid fever
fever excessive anger pain during pregnancy facial pain joint stiffness or tightness pain or soreness of breast knee lump or mass pain in eye fatigue,Typhoid fever
fever excessive anger ankle pain wrist pain pain during pregnancy facial pain joint stiffness or tightness pain or soreness of breast knee lump or mass,Typhoid fever
fever excessive anger ankle pain wrist pain pain during pregnancy joint stiffness or tightness pain or soreness of breast knee lump or mass pain in eye fatigue,Typhoid fever
fever excessive anger pain during pregnancy facial pain joint stiffness or tightness knee lump or mass pain in eye fatigue,Typhoid fever
fever excessive anger ankle pain wrist pain pain during pregnancy joint stiffness or tightness pain or soreness of breast knee lump or mass,Typhoid fever
spots or clouds in vision symptoms of eye pain in eye lacrimation eye redness itchiness of eye blindness foreign body sensation in eye bleeding from eye double vision eye burns or stings,Vitreous degeneration
spots or clouds in vision symptoms of eye eye redness itchiness of eye blindness foreign body sensation in eye bleeding from eye double vision eye burns or stings,Vitreous degeneration
spots or clouds in vision symptoms of eye pain in eye lacrimation eye redness itchiness of eye blindness foreign body sensation in eye bleeding from eye,Vitreous degeneration
spots or clouds in vision symptoms of eye pain in eye lacrimation eye redness blindness foreign body sensation in eye bleeding from eye double vision eye burns or stings,Vitreous degeneration
spots or clouds in vision symptoms of eye eye redness itchiness of eye blindness bleeding from eye double vision eye burns or stings,Vitreous degeneration
spots or clouds in vision symptoms of eye pain in eye lacrimation eye redness blindness foreign body sensation in eye bleeding from eye,Vitreous degeneration
skin growth abnormal appearing skin skin lesion skin moles skin swelling acne or pimples itching of skin warts skin irritation lip swelling too little hair,Atrophic skin condition
skin growth abnormal appearing skin skin swelling acne or pimples itching of skin warts skin irritation lip swelling too little hair,Atrophic skin condition
skin growth abnormal appearing skin skin lesion skin moles skin swelling acne or pimples itching of skin warts skin irritation,Atrophic skin condition
skin growth abnormal appearing skin skin lesion skin moles skin swelling itching of skin warts skin irritation lip swelling too little hair,Atrophic skin condition
skin growth abnormal appearing skin skin swelling acne or pimples itching of skin skin irritation lip swelling too little hair,Atrophic skin condition
skin growth abnormal appearing skin skin lesion skin moles skin swelling itching of skin warts skin irritation,Atrophic skin condition
sharp abdominal pain vomiting blood shortness of breath vulvar sore loss of sex drive knee lump or mass nailbiting excessive growth wrist weakness shoulder swelling neck cramps or spasms,Aspergillosis
sharp abdominal pain vomiting blood loss of sex drive knee lump or mass nailbiting excessive growth wrist weakness shoulder swelling neck cramps or spasms,Aspergillosis
sharp abdominal pain vomiting blood shortness of breath vulvar sore loss of sex drive knee lump or mass nailbiting excessive growth wrist weakness,Aspergillosis
sharp abdominal pain vomiting blood shortness of breath vulvar sore loss of sex drive nailbiting excessive growth wrist weakness shoulder swelling neck cramps or spasms,Aspergillosis
sharp abdominal pain vomiting blood loss of sex drive knee lump or mass nailbiting wrist weakness shoulder swelling neck cramps or spasms,Aspergillosis
sharp abdominal pain vomiting blood shortness of breath vulvar sore loss of sex drive nailbiting excessive growth wrist weakness,Aspergillosis
spotting or bleeding during pregnancy pain during pregnancy intermenstrual bleeding problems during pregnancy lower abdominal pain uterine contractions blood in urine infertility back cramps or spasms,Uterine atony
spotting or bleeding during pregnancy pain during pregnancy lower abdominal pain uterine contractions blood in urine infertility back cramps or spasms,Uterine atony
spotting or bleeding during pregnancy pain during pregnancy intermenstrual bleeding problems during pregnancy lower abdominal pain blood in urine infertility back cramps or spasms,Uterine atony
spotting or bleeding during pregnancy pain during pregnancy lower abdominal pain uterine contractions blood in urine back cramps or spasms,Uterine atony
painful urination skin rash nasal congestion pelvic pressure vulvar sore knee lump or mass neck cramps or spasms excessive growth shoulder swelling loss of sex drive bedwetting,Trichinosis
painful urination skin rash vulvar sore knee lump or mass neck cramps or spasms excessive growth shoulder swelling loss of sex drive bedwetting,Trichinosis
painful urination skin rash nasal congestion pelvic pressure vulvar sore knee lump or mass neck cramps or spasms excessive growth shoulder swelling,Trichinosis
painful urination skin rash nasal congestion pelvic pressure vulvar sore neck cramps or spasms excessive growth shoulder swelling loss of sex drive bedwetting,Trichinosis
painful urination skin rash vulvar sore knee lump or mass neck cramps or spasms shoulder swelling loss of sex drive bedwetting,Trichinosis
painful urination skin rash nasal congestion pelvic pressure vulvar sore neck cramps or spasms excessive growth shoulder swelling,Trichinosis
cough shortness of breath vomiting sore throat sharp abdominal pain nasal congestion coryza headache irritable infant difficulty in swallowing sinus congestion,Whooping cough
cough shortness of breath sharp abdominal pain nasal congestion coryza headache irritable infant difficulty in swallowing sinus congestion,Whooping cough
cough shortness of breath vomiting sore throat sharp abdominal pain nasal congestion coryza headache irritable infant,Whooping cough
cough shortness of breath vomiting sore throat sharp abdominal pain coryza headache irritable infant difficulty in swallowing sinus congestion,Whooping cough
cough shortness of breath sharp abdominal pain nasal congestion coryza irritable infant difficulty in swallowing sinus congestion,Whooping cough
cough shortness of breath vomiting sore throat sharp abdominal pain coryza headache irritable infant,Whooping cough
pain in eye facial pain ankle pain wrist pain pain during pregnancy excessive anger joint stiffness or tightness pain or soreness of breast knee lump or mass fatigue excessive urination at night,Pick disease
pain in eye facial pain pain during pregnancy excessive anger joint stiffness or tightness pain or soreness of breast knee lump or mass fatigue excessive urination at night,Pick disease
pain in eye facial pain ankle pain wrist pain pain during pregnancy excessive anger joint stiffness or tightness pain or soreness of breast knee lump or mass,Pick disease
pain in eye facial pain ankle pain wrist pain pain during pregnancy joint stiffness or tightness pain or soreness of breast knee lump or mass fatigue excessive urination at night,Pick disease
pain in eye facial pain pain during pregnancy excessive anger joint stiffness or tightness knee lump or mass fatigue excessive urination at night,Pick disease
pain in eye facial pain ankle pain wrist pain pain during pregnancy joint stiffness or tightness pain or soreness of breast knee lump or mass,Pick disease
lip swelling mouth pain dry lips mouth ulcer tongue pain slurring words bleeding gums bleeding in mouth,Open wound of the lip
lip swelling mouth pain tongue pain slurring words bleeding gums bleeding in mouth,Open wound of the lip
lip swelling mouth pain dry lips mouth ulcer tongue pain bleeding gums bleeding in mouth,Open wound of the lip
lip swelling mouth pain tongue pain slurring words bleeding gums,Open wound of the lip
problems during pregnancy uterine contractions sweating palpitations heartburn blood in stool fluid retention spotting or bleeding during pregnancy pain of the anus leg cramps or spasms,Subacute thyroiditis
problems during pregnancy uterine contractions heartburn blood in stool fluid retention spotting or bleeding during pregnancy pain of the anus leg cramps or spasms,Subacute thyroiditis
problems during pregnancy uterine contractions sweating palpitations heartburn blood in stool fluid retention spotting or bleeding during pregnancy pain of the anus,Subacute thyroiditis
problems during pregnancy uterine contractions sweating palpitations heartburn fluid retention spotting or bleeding during pregnancy pain of the anus leg cramps or spasms,Subacute thyroiditis
problems during pregnancy uterine contractions heartburn blood in stool fluid retention pain of the anus leg cramps or spasms,Subacute thyroiditis
problems during pregnancy uterine contractions sweating palpitations heartburn fluid retention spotting or bleeding during pregnancy pain of the anus,Subacute thyroiditis
toothache mouth ulcer sore throat tongue lesions lip swelling fever gum pain ear pain cough bleeding in mouth facial pain,Oral mucosal lesion
toothache mouth ulcer lip swelling fever gum pain ear pain cough bleeding in mouth facial pain,Oral mucosal lesion
toothache mouth ulcer sore throat tongue lesions lip swelling fever gum pain ear pain cough,Oral mucosal lesion
toothache mouth ulcer sore throat tongue lesions lip swelling gum pain ear pain cough bleeding in mouth facial pain,Oral mucosal lesion
toothache mouth ulcer lip swelling fever gum pain cough bleeding in mouth facial pain,Oral mucosal lesion
toothache mouth ulcer sore throat tongue lesions lip swelling gum pain ear pain cough,Oral mucosal lesion
skin on arm or hand looks infected shoulder stiffness or tightness,Open wound due to trauma
headache weakness focal weakness nausea vomiting depressive or psychotic symptoms seizures diminished vision slurring words problems with movement blindness,Intracerebral hemorrhage
headache weakness vomiting depressive or psychotic symptoms seizures diminished vision slurring words problems with movement blindness,Intracerebral hemorrhage
headache weakness focal weakness nausea vomiting depressive or psychotic symptoms seizures diminished vision slurring words,Intracerebral hemorrhage
headache weakness focal weakness nausea vomiting seizures diminished vision slurring words problems with movement blindness,Intracerebral hemorrhage
headache weakness vomiting depressive or psychotic symptoms seizures slurring words problems with movement blindness,Intracerebral hemorrhage
headache weakness focal weakness nausea vomiting seizures diminished vision slurring words,Intracerebral hemorrhage
disturbance of memory depression problems with movement hostile behavior delusions or hallucinations difficulty speaking restlessness irregular appearing scalp fears and phobias muscle cramps,Alzheimer disease
disturbance of memory depression delusions or hallucinations difficulty speaking restlessness irregular appearing scalp fears and phobias muscle cramps symptoms,Alzheimer disease
disturbance of memory depression problems with movement hostile behavior delusions or hallucinations difficulty speaking restlessness irregular appearing scalp fears and phobias,Alzheimer disease
disturbance of memory depression delusions or hallucinations difficulty speaking restlessness irregular appearing scalp fears and phobias muscle cramps,Alzheimer disease
disturbance of memory depression problems with movement hostile behavior delusions or hallucinations restlessness irregular appearing scalp fears and phobias muscle cramps,Alzheimer disease
disturbance of memory depression delusions or hallucinations difficulty speaking restlessness fears and phobias muscle cramps symptoms,Alzheimer disease
disturbance of memory depression problems with movement hostile behavior delusions or hallucinations restlessness irregular appearing scalp fears and phobias,Alzheimer disease
disturbance of memory depression delusions or hallucinations difficulty speaking restlessness fears and phobias muscle cramps,Alzheimer disease
pain during intercourse vaginal pain sharp abdominal pain frequent urination lower abdominal pain vaginal dryness vaginal discharge suprapubic pain painful menstruation hot flashes heavy menstrual flow,Vaginismus
pain during intercourse vaginal pain lower abdominal pain vaginal dryness vaginal discharge suprapubic pain painful menstruation hot flashes heavy menstrual flow,Vaginismus
pain during intercourse vaginal pain sharp abdominal pain frequent urination lower abdominal pain vaginal dryness vaginal discharge suprapubic pain painful menstruation,Vaginismus
pain during intercourse vaginal pain sharp abdominal pain frequent urination lower abdominal pain vaginal discharge suprapubic pain painful menstruation hot flashes heavy menstrual flow,Vaginismus
pain during intercourse vaginal pain lower abdominal pain vaginal dryness vaginal discharge painful menstruation hot flashes heavy menstrual flow,Vaginismus
pain during intercourse vaginal pain sharp abdominal pain frequent urination lower abdominal pain vaginal discharge suprapubic pain painful menstruation,Vaginismus
sharp chest pain joint pain knee pain leg swelling muscle pain joint swelling focal weakness bones are painful absence of menstruation too little hair hand or finger stiffness or tightness,Systemic lupus erythematosis (SLE)
sharp chest pain joint pain muscle pain joint swelling focal weakness bones are painful absence of menstruation too little hair hand or finger stiffness or tightness,Systemic lupus erythematosis (SLE)
sharp chest pain joint pain knee pain leg swelling muscle pain joint swelling focal weakness bones are painful absence of menstruation,Systemic lupus erythematosis (SLE)
sharp chest pain joint pain knee pain leg swelling muscle pain focal weakness bones are painful absence of menstruation too little hair hand or finger stiffness or tightness,Systemic lupus erythematosis (SLE)
sharp chest pain joint pain muscle pain joint swelling focal weakness absence of menstruation too little hair hand or finger stiffness or tightness,Systemic lupus erythematosis (SLE)
sharp chest pain joint pain knee pain leg swelling muscle pain focal weakness bones are painful absence of menstruation,Systemic lupus erythematosis (SLE)
infertility absence of menstruation pelvic pain weight gain heavy menstrual flow hot flashes intermenstrual bleeding lack of growth dry or flaky scalp too little hair pain during intercourse,Premature ovarian failure
infertility absence of menstruation heavy menstrual flow hot flashes intermenstrual bleeding lack of growth dry or flaky scalp too little hair pain during intercourse,Premature ovarian failure
infertility absence of menstruation pelvic pain weight gain heavy menstrual flow hot flashes intermenstrual bleeding lack of growth dry or flaky scalp,Premature ovarian failure
infertility absence of menstruation pelvic pain weight gain heavy menstrual flow intermenstrual bleeding lack of growth dry or flaky scalp too little hair pain during intercourse,Premature ovarian failure
infertility absence of menstruation heavy menstrual flow hot flashes intermenstrual bleeding dry or flaky scalp too little hair pain during intercourse,Premature ovarian failure
infertility absence of menstruation pelvic pain weight gain heavy menstrual flow intermenstrual bleeding lack of growth dry or flaky scalp,Premature ovarian failure
neck pain shoulder pain loss of sensation paresthesia sharp chest pain weakness hand or finger weakness back pain hand or finger pain shoulder weakness decreased appetite,Thoracic outlet syndrome
neck pain shoulder pain sharp chest pain weakness hand or finger weakness back pain hand or finger pain shoulder weakness decreased appetite,Thoracic outlet syndrome
neck pain shoulder pain loss of sensation paresthesia sharp chest pain weakness hand or finger weakness back pain hand or finger pain,Thoracic outlet syndrome
neck pain shoulder pain loss of sensation paresthesia sharp chest pain hand or finger weakness back pain hand or finger pain shoulder weakness decreased appetite,Thoracic outlet syndrome
neck pain shoulder pain sharp chest pain weakness hand or finger weakness hand or finger pain shoulder weakness decreased appetite,Thoracic outlet syndrome
neck pain shoulder pain loss of sensation paresthesia sharp chest pain hand or finger weakness back pain hand or finger pain,Thoracic outlet syndrome
knee pain wrist pain skin growth wrist lump or mass hand or finger lump or mass hand or finger pain foot or toe pain knee lump or mass leg swelling knee swelling wrist swelling,Ganglion cyst
knee pain wrist pain hand or finger lump or mass hand or finger pain foot or toe pain knee lump or mass leg swelling knee swelling wrist swelling,Ganglion cyst
knee pain wrist pain skin growth wrist lump or mass hand or finger lump or mass hand or finger pain foot or toe pain knee lump or mass leg swelling,Ganglion cyst
knee pain wrist pain skin growth wrist lump or mass hand or finger lump or mass foot or toe pain knee lump or mass leg swelling knee swelling wrist swelling,Ganglion cyst
knee pain wrist pain hand or finger lump or mass hand or finger pain foot or toe pain leg swelling knee swelling wrist swelling,Ganglion cyst
knee pain wrist pain skin growth wrist lump or mass hand or finger lump or mass foot or toe pain knee lump or mass leg swelling,Ganglion cyst
knee pain knee swelling joint pain knee stiffness or tightness,Dislocation of the knee
knee pain knee swelling,Dislocation of the knee
sharp abdominal pain vomiting nausea burning abdominal pain blood in stool rectal bleeding pain of the anus joint pain stomach bloating heartburn regurgitation,Crohn disease
sharp abdominal pain vomiting blood in stool rectal bleeding pain of the anus joint pain stomach bloating heartburn regurgitation,Crohn disease
sharp abdominal pain vomiting nausea burning abdominal pain blood in stool rectal bleeding pain of the anus joint pain stomach bloating,Crohn disease
sharp abdominal pain vomiting nausea burning abdominal pain blood in stool pain of the anus joint pain stomach bloating heartburn regurgitation,Crohn disease
sharp abdominal pain vomiting blood in stool rectal bleeding pain of the anus stomach bloating heartburn regurgitation,Crohn disease
sharp abdominal pain vomiting nausea burning abdominal pain blood in stool pain of the anus joint pain stomach bloating,Crohn disease
fever sharp abdominal pain skin on leg or foot looks infected skin swelling fluid retention leg swelling skin on arm or hand looks infected jaw swelling recent pregnancy fluid in ear irregular belly button,Postoperative infection
fever sharp abdominal pain fluid retention leg swelling skin on arm or hand looks infected jaw swelling recent pregnancy fluid in ear irregular belly button,Postoperative infection
fever sharp abdominal pain skin on leg or foot looks infected skin swelling fluid retention leg swelling skin on arm or hand looks infected jaw swelling recent pregnancy,Postoperative infection
fever sharp abdominal pain skin on leg or foot looks infected skin swelling fluid retention skin on arm or hand looks infected jaw swelling recent pregnancy fluid in ear irregular belly button,Postoperative infection
fever sharp abdominal pain fluid retention leg swelling skin on arm or hand looks infected recent pregnancy fluid in ear irregular belly button,Postoperative infection
fever sharp abdominal pain skin on leg or foot looks infected skin swelling fluid retention skin on arm or hand looks infected jaw swelling recent pregnancy,Postoperative infection
shortness of breath sharp abdominal pain weakness difficulty breathing fatigue vomiting blood melena delusions or hallucinations joint pain problems during pregnancy increased heart rate,Folate deficiency
shortness of breath sharp abdominal pain fatigue vomiting blood melena delusions or hallucinations joint pain problems during pregnancy increased heart rate,Folate deficiency
shortness of breath sharp abdominal pain weakness difficulty breathing fatigue vomiting blood melena delusions or hallucinations joint pain,Folate deficiency
shortness of breath sharp abdominal pain weakness difficulty breathing fatigue melena delusions or hallucinations joint pain problems during pregnancy increased heart rate,Folate deficiency
shortness of breath sharp abdominal pain fatigue vomiting blood melena joint pain problems during pregnancy increased heart rate,Folate deficiency
shortness of breath sharp abdominal pain weakness difficulty breathing fatigue melena delusions or hallucinations joint pain,Folate deficiency
shortness of breath sharp abdominal pain fluid retention leg swelling nausea difficulty breathing vomiting weakness cough sharp chest pain hand or finger swelling,Fluid overload
shortness of breath sharp abdominal pain nausea difficulty breathing vomiting weakness cough sharp chest pain hand or finger swelling,Fluid overload
shortness of breath sharp abdominal pain fluid retention leg swelling nausea difficulty breathing vomiting weakness cough,Fluid overload
shortness of breath sharp abdominal pain fluid retention leg swelling nausea vomiting weakness cough sharp chest pain hand or finger swelling,Fluid overload
shortness of breath sharp abdominal pain nausea difficulty breathing vomiting cough sharp chest pain hand or finger swelling,Fluid overload
shortness of breath sharp abdominal pain fluid retention leg swelling nausea vomiting weakness cough,Fluid overload
irregular heartbeat palpitations shortness of breath sharp chest pain difficulty breathing dizziness fatigue chest tightness frequent urination swollen lymph nodes feeling hot,Atrial flutter
irregular heartbeat palpitations difficulty breathing dizziness fatigue chest tightness frequent urination swollen lymph nodes feeling hot,Atrial flutter
irregular heartbeat palpitations shortness of breath sharp chest pain difficulty breathing dizziness fatigue chest tightness frequent urination,Atrial flutter
irregular heartbeat palpitations shortness of breath sharp chest pain difficulty breathing fatigue chest tightness frequent urination swollen lymph nodes feeling hot,Atrial flutter
irregular heartbeat palpitations difficulty breathing dizziness fatigue frequent urination swollen lymph nodes feeling hot,Atrial flutter
irregular heartbeat palpitations shortness of breath sharp chest pain difficulty breathing fatigue chest tightness frequent urination,Atrial flutter
spots or clouds in vision lacrimation pain in eye symptoms of eye itchiness of eye eye burns or stings foreign body sensation in eye,Floaters
spots or clouds in vision lacrimation itchiness of eye eye burns or stings foreign body sensation in eye,Floaters
spots or clouds in vision lacrimation pain in eye symptoms of eye itchiness of eye foreign body sensation in eye,Floaters
toothache gum pain ear pain headache mouth pain peripheral edema jaw swelling pain in gums bleeding gums mouth ulcer swollen lymph nodes,Tooth disorder
toothache gum pain mouth pain peripheral edema jaw swelling pain in gums bleeding gums mouth ulcer swollen lymph nodes,Tooth disorder
toothache gum pain ear pain headache mouth pain peripheral edema jaw swelling pain in gums bleeding gums,Tooth disorder
toothache gum pain ear pain headache mouth pain jaw swelling pain in gums bleeding gums mouth ulcer swollen lymph nodes,Tooth disorder
toothache gum pain mouth pain peripheral edema jaw swelling bleeding gums mouth ulcer swollen lymph nodes,Tooth disorder
toothache gum pain ear pain headache mouth pain jaw swelling pain in gums bleeding gums,Tooth disorder
sharp chest pain chest tightness nausea arm pain fainting sweating lower body pain heartburn irregular heartbeat burning chest pain increased heart rate,Heart attack
sharp chest pain chest tightness fainting sweating lower body pain heartburn irregular heartbeat burning chest pain increased heart rate,Heart attack
chest pain  left arm pain sweating chest tightness nausea arm pain fainting sweating lower body pain heartburn irregular heartbeat,Heart attack
sharp chest pain chest tightness nausea arm pain fainting lower body pain heartburn irregular heartbeat burning chest pain increased heart rate,Heart attack
sharp chest pain chest tightness fainting sweating lower body pain irregular heartbeat burning chest pain increased heart rate,Heart attack
sharp chest pain chest tightness nausea arm pain fainting lower body pain heartburn irregular heartbeat,Heart attack
sharp abdominal pain sweating swollen abdomen blindness,Open wound of the abdomen
sharp abdominal pain sweating,Open wound of the abdomen
hip pain knee pain ankle pain problems with movement leg swelling knee swelling ankle swelling leg stiffness or tightness leg weakness knee weakness hip stiffness or tightness,Fracture of the leg
hip pain knee pain leg swelling knee swelling ankle swelling leg stiffness or tightness leg weakness knee weakness hip stiffness or tightness,Fracture of the leg
hip pain knee pain ankle pain problems with movement leg swelling knee swelling ankle swelling leg stiffness or tightness leg weakness,Fracture of the leg
hip pain knee pain ankle pain problems with movement leg swelling ankle swelling leg stiffness or tightness leg weakness knee weakness hip stiffness or tightness,Fracture of the leg
hip pain knee pain leg swelling knee swelling ankle swelling leg weakness knee weakness hip stiffness or tightness,Fracture of the leg
hip pain knee pain ankle pain problems with movement leg swelling ankle swelling leg stiffness or tightness leg weakness,Fracture of the leg
fever cough skin rash sore throat abnormal appearing tongue irritable infant mouth ulcer diaper rash constipation tongue lesions mouth pain,Oral thrush (yeast infection)
fever cough abnormal appearing tongue irritable infant mouth ulcer diaper rash constipation tongue lesions mouth pain,Oral thrush (yeast infection)
fever cough skin rash sore throat abnormal appearing tongue irritable infant mouth ulcer diaper rash constipation,Oral thrush (yeast infection)
fever cough skin rash sore throat abnormal appearing tongue mouth ulcer diaper rash constipation tongue lesions mouth pain,Oral thrush (yeast infection)
fever cough abnormal appearing tongue irritable infant mouth ulcer constipation tongue lesions mouth pain,Oral thrush (yeast infection)
fever cough skin rash sore throat abnormal appearing tongue mouth ulcer diaper rash constipation,Oral thrush (yeast infection)
skin rash abnormal appearing skin skin swelling warts vaginal itching fears and phobias weight gain acne or pimples excessive appetite skin growth dry or flaky scalp,Pityriasis rosea
skin rash abnormal appearing skin vaginal itching fears and phobias weight gain acne or pimples excessive appetite skin growth dry or flaky scalp,Pityriasis rosea
skin rash abnormal appearing skin skin swelling warts vaginal itching fears and phobias weight gain acne or pimples excessive appetite,Pityriasis rosea
skin rash abnormal appearing skin skin swelling warts vaginal itching weight gain acne or pimples excessive appetite skin growth dry or flaky scalp,Pityriasis rosea
skin rash abnormal appearing skin vaginal itching fears and phobias weight gain excessive appetite skin growth dry or flaky scalp,Pityriasis rosea
skin rash abnormal appearing skin skin swelling warts vaginal itching weight gain acne or pimples excessive appetite,Pityriasis rosea
nasal congestion itchiness of eye cough fever sore throat smoking problems acne or pimples peripheral edema abnormal appearing skin cross eyed wrist weakness,Allergy to animals
nasal congestion itchiness of eye sore throat smoking problems acne or pimples peripheral edema abnormal appearing skin cross eyed wrist weakness,Allergy to animals
nasal congestion itchiness of eye cough fever sore throat smoking problems acne or pimples peripheral edema abnormal appearing skin,Allergy to animals
nasal congestion itchiness of eye cough fever sore throat acne or pimples peripheral edema abnormal appearing skin cross eyed wrist weakness,Allergy to animals
nasal congestion itchiness of eye sore throat smoking problems acne or pimples abnormal appearing skin cross eyed wrist weakness,Allergy to animals
nasal congestion itchiness of eye cough fever sore throat acne or pimples peripheral edema abnormal appearing skin,Allergy to animals
dizziness weakness headache sharp chest pain feeling ill fatigue irregular heartbeat increased heart rate hurts to breath abnormal involuntary movements palpitations,Orthostatic hypotension
dizziness weakness feeling ill fatigue irregular heartbeat increased heart rate hurts to breath abnormal involuntary movements palpitations,Orthostatic hypotension
dizziness weakness headache sharp chest pain feeling ill fatigue irregular heartbeat increased heart rate hurts to breath,Orthostatic hypotension
dizziness weakness headache sharp chest pain feeling ill irregular heartbeat increased heart rate hurts to breath abnormal involuntary movements palpitations,Orthostatic hypotension
dizziness weakness feeling ill fatigue irregular heartbeat hurts to breath abnormal involuntary movements palpitations,Orthostatic hypotension
dizziness weakness headache sharp chest pain feeling ill irregular heartbeat increased heart rate hurts to breath,Orthostatic hypotension
abnormal breathing sounds sleepiness difficulty breathing fatigue insomnia shortness of breath abnormal involuntary movements weight gain difficulty in swallowing mouth dryness sweating,Obstructive sleep apnea (OSA)
abnormal breathing sounds sleepiness insomnia shortness of breath abnormal involuntary movements weight gain difficulty in swallowing mouth dryness sweating,Obstructive sleep apnea (OSA)
abnormal breathing sounds sleepiness difficulty breathing fatigue insomnia shortness of breath abnormal involuntary movements weight gain difficulty in swallowing,Obstructive sleep apnea (OSA)
abnormal breathing sounds sleepiness difficulty breathing fatigue insomnia abnormal involuntary movements weight gain difficulty in swallowing mouth dryness sweating,Obstructive sleep apnea (OSA)
abnormal breathing sounds sleepiness insomnia shortness of breath abnormal involuntary movements difficulty in swallowing mouth dryness sweating,Obstructive sleep apnea (OSA)
abnormal breathing sounds sleepiness difficulty breathing fatigue insomnia abnormal involuntary movements weight gain difficulty in swallowing,Obstructive sleep apnea (OSA)
vomiting sharp abdominal pain dizziness sharp chest pain weakness diarrhea shortness of breath fainting fever headache loss of sensation,Hypokalemia
vomiting sharp abdominal pain weakness diarrhea shortness of breath fainting fever headache loss of sensation,Hypokalemia
vomiting sharp abdominal pain dizziness sharp chest pain weakness diarrhea shortness of breath fainting fever,Hypokalemia
vomiting sharp abdominal pain dizziness sharp chest pain weakness shortness of breath fainting fever headache loss of sensation,Hypokalemia
vomiting sharp abdominal pain weakness diarrhea shortness of breath fever headache loss of sensation,Hypokalemia
vomiting sharp abdominal pain dizziness sharp chest pain weakness shortness of breath fainting fever,Hypokalemia
shoulder pain wrist pain shoulder stiffness or tightness arm stiffness or tightness arm swelling redness in or around nose neck mass leg weakness shoulder lump or mass,Dislocation of the shoulder
shoulder pain wrist pain arm swelling redness in or around nose neck mass leg weakness shoulder lump or mass,Dislocation of the shoulder
shoulder pain wrist pain shoulder stiffness or tightness arm stiffness or tightness arm swelling neck mass leg weakness shoulder lump or mass,Dislocation of the shoulder
shoulder pain wrist pain arm swelling redness in or around nose neck mass shoulder lump or mass,Dislocation of the shoulder
sharp abdominal pain diarrhea regurgitation constipation upper abdominal pain blood in stool nausea cross eyed itchy eyelid excessive growth emotional symptoms,Intussusception
sharp abdominal pain diarrhea upper abdominal pain blood in stool nausea cross eyed itchy eyelid excessive growth emotional symptoms,Intussusception
sharp abdominal pain diarrhea regurgitation constipation upper abdominal pain blood in stool nausea cross eyed itchy eyelid,Intussusception
sharp abdominal pain diarrhea regurgitation constipation upper abdominal pain nausea cross eyed itchy eyelid excessive growth emotional symptoms,Intussusception
sharp abdominal pain diarrhea upper abdominal pain blood in stool nausea itchy eyelid excessive growth emotional symptoms,Intussusception
sharp abdominal pain diarrhea regurgitation constipation upper abdominal pain nausea cross eyed itchy eyelid,Intussusception
sharp abdominal pain pelvic pain painful urination lower abdominal pain burning abdominal pain nausea vaginal itching vaginal pain cramps and spasms pain during pregnancy suprapubic pain,Cervicitis
sharp abdominal pain pelvic pain burning abdominal pain nausea vaginal itching vaginal pain cramps and spasms pain during pregnancy suprapubic pain,Cervicitis
sharp abdominal pain pelvic pain painful urination lower abdominal pain burning abdominal pain nausea vaginal itching vaginal pain cramps and spasms,Cervicitis
sharp abdominal pain pelvic pain painful urination lower abdominal pain burning abdominal pain vaginal itching vaginal pain cramps and spasms pain during pregnancy suprapubic pain,Cervicitis
sharp abdominal pain pelvic pain burning abdominal pain nausea vaginal itching cramps and spasms pain during pregnancy suprapubic pain,Cervicitis
sharp abdominal pain pelvic pain painful urination lower abdominal pain burning abdominal pain vaginal itching vaginal pain cramps and spasms,Cervicitis
sore throat nasal congestion cough difficulty in swallowing ear pain headache sharp chest pain coughing up sputum allergic reaction feeling ill throat swelling,Abscess of the pharynx
sore throat nasal congestion ear pain headache sharp chest pain coughing up sputum allergic reaction feeling ill throat swelling,Abscess of the pharynx
sore throat nasal congestion cough difficulty in swallowing ear pain headache sharp chest pain coughing up sputum allergic reaction,Abscess of the pharynx
sore throat nasal congestion cough difficulty in swallowing ear pain sharp chest pain coughing up sputum allergic reaction feeling ill throat swelling,Abscess of the pharynx
sore throat nasal congestion ear pain headache sharp chest pain allergic reaction feeling ill throat swelling,Abscess of the pharynx
sore throat nasal congestion cough difficulty in swallowing ear pain sharp chest pain coughing up sputum allergic reaction,Abscess of the pharynx
dizziness sweating flatulence rectal bleeding fluid retention pain of the anus joint pain muscle pain frequent urination abusing alcohol symptoms of eye,Primary thrombocythemia
dizziness sweating fluid retention pain of the anus joint pain muscle pain frequent urination abusing alcohol symptoms of eye,Primary thrombocythemia
dizziness sweating flatulence rectal bleeding fluid retention pain of the anus joint pain muscle pain frequent urination,Primary thrombocythemia
dizziness sweating flatulence rectal bleeding fluid retention joint pain muscle pain frequent urination abusing alcohol symptoms of eye,Primary thrombocythemia
dizziness sweating fluid retention pain of the anus joint pain frequent urination abusing alcohol symptoms of eye,Primary thrombocythemia
dizziness sweating flatulence rectal bleeding fluid retention joint pain muscle pain frequent urination,Primary thrombocythemia
hip pain low back pain back pain knee pain ache all over groin pain lower body pain problems with movement pelvic pain joint pain hip stiffness or tightness,Arthritis of the hip
hip pain low back pain ache all over groin pain lower body pain problems with movement pelvic pain joint pain hip stiffness or tightness,Arthritis of the hip
hip pain low back pain back pain knee pain ache all over groin pain lower body pain problems with movement pelvic pain,Arthritis of the hip
hip pain low back pain back pain knee pain ache all over lower body pain problems with movement pelvic pain joint pain hip stiffness or tightness,Arthritis of the hip
hip pain low back pain ache all over groin pain lower body pain pelvic pain joint pain hip stiffness or tightness,Arthritis of the hip
hip pain low back pain back pain knee pain ache all over lower body pain problems with movement pelvic pain,Arthritis of the hip
skin lesion skin on leg or foot looks infected skin pain incontinence of stool penis redness disturbance of smell or taste,Decubitus ulcer
skin lesion skin on leg or foot looks infected penis redness disturbance of smell or taste,Decubitus ulcer
skin lesion skin on leg or foot looks infected skin pain incontinence of stool penis redness,Decubitus ulcer
weakness fever fluid retention depressive or psychotic symptoms vomiting shortness of breath ache all over apnea heavy menstrual flow problems with movement fainting,Hypernatremia
weakness fever vomiting shortness of breath ache all over apnea heavy menstrual flow problems with movement fainting,Hypernatremia
weakness fever fluid retention depressive or psychotic symptoms vomiting shortness of breath ache all over apnea heavy menstrual flow,Hypernatremia
weakness fever fluid retention depressive or psychotic symptoms vomiting ache all over apnea heavy menstrual flow problems with movement fainting,Hypernatremia
weakness fever vomiting shortness of breath ache all over heavy menstrual flow problems with movement fainting,Hypernatremia
weakness fever fluid retention depressive or psychotic symptoms vomiting ache all over apnea heavy menstrual flow,Hypernatremia
diminished hearing ringing in ear dizziness ear pain nasal congestion fluid in ear hoarse voice redness in ear itchy ear s throat feels tight neck mass,Sensorineural hearing loss
diminished hearing ringing in ear nasal congestion fluid in ear hoarse voice redness in ear itchy ear s throat feels tight neck mass,Sensorineural hearing loss
diminished hearing ringing in ear dizziness ear pain nasal congestion fluid in ear hoarse voice redness in ear itchy ear s,Sensorineural hearing loss
diminished hearing ringing in ear dizziness ear pain nasal congestion hoarse voice redness in ear itchy ear s throat feels tight neck mass,Sensorineural hearing loss
diminished hearing ringing in ear nasal congestion fluid in ear hoarse voice itchy ear s throat feels tight neck mass,Sensorineural hearing loss
diminished hearing ringing in ear dizziness ear pain nasal congestion hoarse voice redness in ear itchy ear s,Sensorineural hearing loss
skin lesion skin pain,Chronic ulcer
back pain joint pain bones are painful disturbance of memory muscle cramps stomach bloating leg cramps or spasms low back stiffness or tightness melena excessive urination at night,Osteoporosis
back pain joint pain muscle cramps stomach bloating leg cramps or spasms low back stiffness or tightness melena excessive urination at night symptoms,Osteoporosis
back pain joint pain bones are painful disturbance of memory muscle cramps stomach bloating leg cramps or spasms low back stiffness or tightness,Osteoporosis
back pain joint pain muscle cramps stomach bloating leg cramps or spasms low back stiffness or tightness melena excessive urination at night,Osteoporosis
back pain joint pain muscle cramps stomach bloating low back stiffness or tightness melena excessive urination at night symptoms,Osteoporosis
back pain joint pain muscle cramps stomach bloating low back stiffness or tightness melena excessive urination at night,Osteoporosis
sharp abdominal pain nausea diarrhea constipation burning abdominal pain stomach bloating headache side pain lower abdominal pain upper abdominal pain pain of the anus,Ileus
sharp abdominal pain nausea burning abdominal pain stomach bloating headache side pain lower abdominal pain upper abdominal pain pain of the anus,Ileus
sharp abdominal pain nausea diarrhea constipation burning abdominal pain stomach bloating headache side pain lower abdominal pain,Ileus
sharp abdominal pain nausea diarrhea constipation burning abdominal pain headache side pain lower abdominal pain upper abdominal pain pain of the anus,Ileus
sharp abdominal pain nausea burning abdominal pain stomach bloating headache lower abdominal pain upper abdominal pain pain of the anus,Ileus
sharp abdominal pain nausea diarrhea constipation burning abdominal pain headache side pain lower abdominal pain,Ileus
ache all over back pain sharp chest pain arm pain hip pain low back pain sharp abdominal pain knee pain fever vomiting burning abdominal pain,Sickle cell crisis
ache all over back pain hip pain low back pain sharp abdominal pain knee pain fever vomiting burning abdominal pain,Sickle cell crisis
ache all over back pain sharp chest pain arm pain hip pain low back pain sharp abdominal pain knee pain fever,Sickle cell crisis
ache all over back pain sharp chest pain arm pain hip pain sharp abdominal pain knee pain fever vomiting burning abdominal pain,Sickle cell crisis
ache all over back pain hip pain low back pain sharp abdominal pain fever vomiting burning abdominal pain,Sickle cell crisis
ache all over back pain sharp chest pain arm pain hip pain sharp abdominal pain knee pain fever,Sickle cell crisis
painful urination frequent urination sharp abdominal pain blood in urine penis pain retention of urine pain in testicles suprapubic pain pelvic pain vaginal itching itching of skin,Urethritis
painful urination frequent urination penis pain retention of urine pain in testicles suprapubic pain pelvic pain vaginal itching itching of skin,Urethritis
painful urination frequent urination sharp abdominal pain blood in urine penis pain retention of urine pain in testicles suprapubic pain pelvic pain,Urethritis
painful urination frequent urination sharp abdominal pain blood in urine penis pain pain in testicles suprapubic pain pelvic pain vaginal itching itching of skin,Urethritis
painful urination frequent urination penis pain retention of urine pain in testicles pelvic pain vaginal itching itching of skin,Urethritis
painful urination frequent urination sharp abdominal pain blood in urine penis pain pain in testicles suprapubic pain pelvic pain,Urethritis
painful urination retention of urine pain in testicles blood in urine symptoms of prostate sharp abdominal pain fever back pain impotence lower abdominal pain chills,Prostatitis
painful urination retention of urine symptoms of prostate sharp abdominal pain fever back pain impotence lower abdominal pain chills,Prostatitis
painful urination retention of urine pain in testicles blood in urine symptoms of prostate sharp abdominal pain fever back pain impotence,Prostatitis
painful urination retention of urine pain in testicles blood in urine symptoms of prostate fever back pain impotence lower abdominal pain chills,Prostatitis
painful urination retention of urine symptoms of prostate sharp abdominal pain fever impotence lower abdominal pain chills,Prostatitis
painful urination retention of urine pain in testicles blood in urine symptoms of prostate fever back pain impotence,Prostatitis
problems with movement dizziness vomiting feeling ill depression headache difficulty speaking ringing in ear itching of skin pain in eye slurring words,Poisoning due to anticonvulsants
problems with movement dizziness depression headache difficulty speaking ringing in ear itching of skin pain in eye slurring words,Poisoning due to anticonvulsants
problems with movement dizziness vomiting feeling ill depression headache difficulty speaking ringing in ear itching of skin,Poisoning due to anticonvulsants
problems with movement dizziness vomiting feeling ill depression difficulty speaking ringing in ear itching of skin pain in eye slurring words,Poisoning due to anticonvulsants
problems with movement dizziness depression headache difficulty speaking itching of skin pain in eye slurring words,Poisoning due to anticonvulsants
problems with movement dizziness vomiting feeling ill depression difficulty speaking ringing in ear itching of skin,Poisoning due to anticonvulsants
pain in testicles swelling of scrotum sharp abdominal pain back pain burning abdominal pain emotional symptoms elbow cramps or spasms nailbiting itching of scrotum elbow weakness muscle swelling,Testicular torsion
pain in testicles swelling of scrotum burning abdominal pain emotional symptoms elbow cramps or spasms nailbiting itching of scrotum elbow weakness muscle swelling,Testicular torsion
pain in testicles swelling of scrotum sharp abdominal pain back pain burning abdominal pain emotional symptoms elbow cramps or spasms nailbiting itching of scrotum,Testicular torsion
pain in testicles swelling of scrotum sharp abdominal pain back pain burning abdominal pain elbow cramps or spasms nailbiting itching of scrotum elbow weakness muscle swelling,Testicular torsion
pain in testicles swelling of scrotum burning abdominal pain emotional symptoms elbow cramps or spasms itching of scrotum elbow weakness muscle swelling,Testicular torsion
pain in testicles swelling of scrotum sharp abdominal pain back pain burning abdominal pain elbow cramps or spasms nailbiting itching of scrotum,Testicular torsion
anxiety and nervousness back pain excessive growth itchy eyelid cross eyed wrist weakness elbow weakness elbow cramps or spasms emotional symptoms hip stiffness or tightness nailbiting,Tricuspid valve disease
anxiety and nervousness back pain cross eyed wrist weakness elbow weakness elbow cramps or spasms emotional symptoms hip stiffness or tightness nailbiting,Tricuspid valve disease
anxiety and nervousness back pain excessive growth itchy eyelid cross eyed wrist weakness elbow weakness elbow cramps or spasms emotional symptoms,Tricuspid valve disease
anxiety and nervousness back pain excessive growth itchy eyelid cross eyed elbow weakness elbow cramps or spasms emotional symptoms hip stiffness or tightness nailbiting,Tricuspid valve disease
anxiety and nervousness back pain cross eyed wrist weakness elbow weakness emotional symptoms hip stiffness or tightness nailbiting,Tricuspid valve disease
anxiety and nervousness back pain excessive growth itchy eyelid cross eyed elbow weakness elbow cramps or spasms emotional symptoms,Tricuspid valve disease
retention of urine frequent urination suprapubic pain involuntary urination blood in urine symptoms of bladder symptoms of prostate symptoms of the scrotum and testes excessive urination at night penis redness swelling of scrotum,Urethral stricture
retention of urine frequent urination blood in urine symptoms of bladder symptoms of prostate symptoms of the scrotum and testes excessive urination at night penis redness swelling of scrotum,Urethral stricture
retention of urine frequent urination suprapubic pain involuntary urination blood in urine symptoms of bladder symptoms of prostate symptoms of the scrotum and testes excessive urination at night,Urethral stricture
retention of urine frequent urination suprapubic pain involuntary urination blood in urine symptoms of prostate symptoms of the scrotum and testes excessive urination at night penis redness swelling of scrotum,Urethral stricture
retention of urine frequent urination blood in urine symptoms of bladder symptoms of prostate excessive urination at night penis redness swelling of scrotum,Urethral stricture
retention of urine frequent urination suprapubic pain involuntary urination blood in urine symptoms of prostate symptoms of the scrotum and testes excessive urination at night,Urethral stricture
fatigue hot flashes weight gain skin irritation arm stiffness or tightness smoking problems mouth dryness infrequent menstruation feeling hot melena back stiffness or tightness,Vitamin D deficiency
fatigue hot flashes arm stiffness or tightness smoking problems mouth dryness infrequent menstruation feeling hot melena back stiffness or tightness,Vitamin D deficiency
fatigue hot flashes weight gain skin irritation arm stiffness or tightness smoking problems mouth dryness infrequent menstruation feeling hot,Vitamin D deficiency
fatigue hot flashes weight gain skin irritation arm stiffness or tightness mouth dryness infrequent menstruation feeling hot melena back stiffness or tightness,Vitamin D deficiency
fatigue hot flashes arm stiffness or tightness smoking problems mouth dryness feeling hot melena back stiffness or tightness,Vitamin D deficiency
fatigue hot flashes weight gain skin irritation arm stiffness or tightness mouth dryness infrequent menstruation feeling hot,Vitamin D deficiency
spotting or bleeding during pregnancy problems during pregnancy sharp abdominal pain low back pain nausea dizziness vomiting pelvic pain diminished vision side pain burning abdominal pain,Hydatidiform mole
spotting or bleeding during pregnancy problems during pregnancy nausea dizziness vomiting pelvic pain diminished vision side pain burning abdominal pain,Hydatidiform mole
spotting or bleeding during pregnancy problems during pregnancy sharp abdominal pain low back pain nausea dizziness vomiting pelvic pain diminished vision,Hydatidiform mole
spotting or bleeding during pregnancy problems during pregnancy sharp abdominal pain low back pain nausea vomiting pelvic pain diminished vision side pain burning abdominal pain,Hydatidiform mole
spotting or bleeding during pregnancy problems during pregnancy nausea dizziness vomiting diminished vision side pain burning abdominal pain,Hydatidiform mole
spotting or bleeding during pregnancy problems during pregnancy sharp abdominal pain low back pain nausea vomiting pelvic pain diminished vision,Hydatidiform mole
neck pain back pain loss of sensation neck stiffness or tightness shoulder pain low back pain dizziness arm pain paresthesia insomnia disturbance of memory,Pain disorder affecting the neck
neck pain back pain shoulder pain low back pain dizziness arm pain paresthesia insomnia disturbance of memory,Pain disorder affecting the neck
neck pain back pain loss of sensation neck stiffness or tightness shoulder pain low back pain dizziness arm pain paresthesia,Pain disorder affecting the neck
neck pain back pain loss of sensation neck stiffness or tightness shoulder pain dizziness arm pain paresthesia insomnia disturbance of memory,Pain disorder affecting the neck
neck pain back pain shoulder pain low back pain dizziness paresthesia insomnia disturbance of memory,Pain disorder affecting the neck
neck pain back pain loss of sensation neck stiffness or tightness shoulder pain dizziness arm pain paresthesia,Pain disorder affecting the neck
vaginal discharge rectal bleeding back pain recent pregnancy fainting heartburn elbow cramps or spasms nailbiting itching of scrotum muscle swelling elbow weakness,Pelvic fistula
vaginal discharge rectal bleeding fainting heartburn elbow cramps or spasms nailbiting itching of scrotum muscle swelling elbow weakness,Pelvic fistula
vaginal discharge rectal bleeding back pain recent pregnancy fainting heartburn elbow cramps or spasms nailbiting itching of scrotum,Pelvic fistula
vaginal discharge rectal bleeding back pain recent pregnancy fainting elbow cramps or spasms nailbiting itching of scrotum muscle swelling elbow weakness,Pelvic fistula
vaginal discharge rectal bleeding fainting heartburn elbow cramps or spasms itching of scrotum muscle swelling elbow weakness,Pelvic fistula
vaginal discharge rectal bleeding back pain recent pregnancy fainting elbow cramps or spasms nailbiting itching of scrotum,Pelvic fistula
cough nasal congestion wheezing difficulty breathing vomiting coryza shortness of breath decreased appetite irritable infant pulling at ears hurts to breath,Acute bronchiolitis
cough nasal congestion vomiting coryza shortness of breath decreased appetite irritable infant pulling at ears hurts to breath,Acute bronchiolitis
cough nasal congestion wheezing difficulty breathing vomiting coryza shortness of breath decreased appetite irritable infant,Acute bronchiolitis
cough nasal congestion wheezing difficulty breathing vomiting shortness of breath decreased appetite irritable infant pulling at ears hurts to breath,Acute bronchiolitis
cough nasal congestion vomiting coryza shortness of breath irritable infant pulling at ears hurts to breath,Acute bronchiolitis
cough nasal congestion wheezing difficulty breathing vomiting shortness of breath decreased appetite irritable infant,Acute bronchiolitis
diminished vision spots or clouds in vision itchiness of eye eye redness pain in eye eye burns or stings foreign body sensation in eye lacrimation abnormal movement of eyelid mass on eyelid difficulty speaking,Presbyopia
diminished vision spots or clouds in vision pain in eye eye burns or stings foreign body sensation in eye lacrimation abnormal movement of eyelid mass on eyelid difficulty speaking,Presbyopia
diminished vision spots or clouds in vision itchiness of eye eye redness pain in eye eye burns or stings foreign body sensation in eye lacrimation abnormal movement of eyelid,Presbyopia
diminished vision spots or clouds in vision itchiness of eye eye redness pain in eye foreign body sensation in eye lacrimation abnormal movement of eyelid mass on eyelid difficulty speaking,Presbyopia
diminished vision spots or clouds in vision pain in eye eye burns or stings foreign body sensation in eye abnormal movement of eyelid mass on eyelid difficulty speaking,Presbyopia
diminished vision spots or clouds in vision itchiness of eye eye redness pain in eye foreign body sensation in eye lacrimation abnormal movement of eyelid,Presbyopia
disturbance of memory dizziness depressive or psychotic symptoms abnormal involuntary movements paresthesia hostile behavior delusions or hallucinations difficulty speaking insomnia disturbance of smell or taste focal weakness,Dementia
disturbance of memory dizziness paresthesia hostile behavior delusions or hallucinations difficulty speaking insomnia disturbance of smell or taste focal weakness,Dementia
disturbance of memory dizziness depressive or psychotic symptoms abnormal involuntary movements paresthesia hostile behavior delusions or hallucinations difficulty speaking insomnia,Dementia
disturbance of memory dizziness depressive or psychotic symptoms abnormal involuntary movements paresthesia delusions or hallucinations difficulty speaking insomnia disturbance of smell or taste focal weakness,Dementia
disturbance of memory dizziness paresthesia hostile behavior delusions or hallucinations insomnia disturbance of smell or taste focal weakness,Dementia
disturbance of memory dizziness depressive or psychotic symptoms abnormal involuntary movements paresthesia delusions or hallucinations difficulty speaking insomnia,Dementia
skin rash itching of skin skin swelling skin lesion peripheral edema hand or finger swelling arm swelling leg swelling swollen eye fluid retention lip swelling,Insect bite
skin rash itching of skin peripheral edema hand or finger swelling arm swelling leg swelling swollen eye fluid retention lip swelling,Insect bite
skin rash itching of skin skin swelling skin lesion peripheral edema hand or finger swelling arm swelling leg swelling swollen eye,Insect bite
skin rash itching of skin skin swelling skin lesion peripheral edema arm swelling leg swelling swollen eye fluid retention lip swelling,Insect bite
skin rash itching of skin peripheral edema hand or finger swelling arm swelling swollen eye fluid retention lip swelling,Insect bite
skin rash itching of skin skin swelling skin lesion peripheral edema arm swelling leg swelling swollen eye,Insect bite
shortness of breath dizziness palpitations fainting irregular heartbeat fatigue increased heart rate chest tightness weight gain decreased heart rate slurring words,Paroxysmal ventricular tachycardia
shortness of breath dizziness irregular heartbeat fatigue increased heart rate chest tightness weight gain decreased heart rate slurring words,Paroxysmal ventricular tachycardia
shortness of breath dizziness palpitations fainting irregular heartbeat fatigue increased heart rate chest tightness weight gain,Paroxysmal ventricular tachycardia
shortness of breath dizziness palpitations fainting irregular heartbeat increased heart rate chest tightness weight gain decreased heart rate slurring words,Paroxysmal ventricular tachycardia
shortness of breath dizziness irregular heartbeat fatigue increased heart rate weight gain decreased heart rate slurring words,Paroxysmal ventricular tachycardia
shortness of breath dizziness palpitations fainting irregular heartbeat increased heart rate chest tightness weight gain,Paroxysmal ventricular tachycardia
sharp chest pain lymphedema arm swelling infant feeding problem slurring words irregular belly button cross eyed neck cramps or spasms decreased heart rate excessive appetite hand or finger stiffness or tightness,Congenital heart defect
sharp chest pain lymphedema slurring words irregular belly button cross eyed neck cramps or spasms decreased heart rate excessive appetite hand or finger stiffness or tightness,Congenital heart defect
sharp chest pain lymphedema arm swelling infant feeding problem slurring words irregular belly button cross eyed neck cramps or spasms decreased heart rate,Congenital heart defect
sharp chest pain lymphedema arm swelling infant feeding problem slurring words cross eyed neck cramps or spasms decreased heart rate excessive appetite hand or finger stiffness or tightness,Congenital heart defect
sharp chest pain lymphedema slurring words irregular belly button cross eyed decreased heart rate excessive appetite hand or finger stiffness or tightness,Congenital heart defect
sharp chest pain lymphedema arm swelling infant feeding problem slurring words cross eyed neck cramps or spasms decreased heart rate,Congenital heart defect
joint pain fatigue foot or toe pain fever feeling ill paresthesia ache all over arm pain headache lymphedema difficulty in swallowing,Connective tissue disorder
joint pain fatigue feeling ill paresthesia ache all over arm pain headache lymphedema difficulty in swallowing,Connective tissue disorder
joint pain fatigue foot or toe pain fever feeling ill paresthesia ache all over arm pain headache,Connective tissue disorder
joint pain fatigue foot or toe pain fever feeling ill ache all over arm pain headache lymphedema difficulty in swallowing,Connective tissue disorder
joint pain fatigue feeling ill paresthesia ache all over headache lymphedema difficulty in swallowing,Connective tissue disorder
joint pain fatigue foot or toe pain fever feeling ill ache all over arm pain headache,Connective tissue disorder
pain in eye foreign body sensation in eye eye burns or stings lacrimation symptoms of eye swollen eye itchiness of eye white discharge from eye abnormal movement of eyelid eyelid lesion or rash eyelid swelling,Foreign body in the eye
pain in eye foreign body sensation in eye symptoms of eye swollen eye itchiness of eye white discharge from eye abnormal movement of eyelid eyelid lesion or rash eyelid swelling,Foreign body in the eye
pain in eye foreign body sensation in eye eye burns or stings lacrimation symptoms of eye swollen eye itchiness of eye white discharge from eye abnormal movement of eyelid,Foreign body in the eye
pain in eye foreign body sensation in eye eye burns or stings lacrimation symptoms of eye itchiness of eye white discharge from eye abnormal movement of eyelid eyelid lesion or rash eyelid swelling,Foreign body in the eye
pain in eye foreign body sensation in eye symptoms of eye swollen eye itchiness of eye abnormal movement of eyelid eyelid lesion or rash eyelid swelling,Foreign body in the eye
pain in eye foreign body sensation in eye eye burns or stings lacrimation symptoms of eye itchiness of eye white discharge from eye abnormal movement of eyelid,Foreign body in the eye
shortness of breath nausea headache sharp chest pain nasal congestion dizziness difficulty breathing sore throat wheezing fever drainage in throat,Poisoning due to gas
shortness of breath nausea nasal congestion dizziness difficulty breathing sore throat wheezing fever drainage in throat,Poisoning due to gas
shortness of breath nausea headache sharp chest pain nasal congestion dizziness difficulty breathing sore throat wheezing,Poisoning due to gas
shortness of breath nausea headache sharp chest pain nasal congestion difficulty breathing sore throat wheezing fever drainage in throat,Poisoning due to gas
shortness of breath nausea nasal congestion dizziness difficulty breathing wheezing fever drainage in throat,Poisoning due to gas
shortness of breath nausea headache sharp chest pain nasal congestion difficulty breathing sore throat wheezing,Poisoning due to gas
abnormal appearing skin leg pain skin rash leg swelling foot or toe pain skin on leg or foot looks infected peripheral edema skin swelling hand or finger swelling hand or finger pain foot or toe swelling,Pyogenic skin infection
abnormal appearing skin leg pain foot or toe pain skin on leg or foot looks infected peripheral edema skin swelling hand or finger swelling hand or finger pain foot or toe swelling,Pyogenic skin infection
abnormal appearing skin leg pain skin rash leg swelling foot or toe pain skin on leg or foot looks infected peripheral edema skin swelling hand or finger swelling,Pyogenic skin infection
abnormal appearing skin leg pain skin rash leg swelling foot or toe pain peripheral edema skin swelling hand or finger swelling hand or finger pain foot or toe swelling,Pyogenic skin infection
abnormal appearing skin leg pain foot or toe pain skin on leg or foot looks infected peripheral edema hand or finger swelling hand or finger pain foot or toe swelling,Pyogenic skin infection
abnormal appearing skin leg pain skin rash leg swelling foot or toe pain peripheral edema skin swelling hand or finger swelling,Pyogenic skin infection
vaginal bleeding after menopause unpredictable menstruation involuntary urination vaginal discharge pelvic pain pus in sputum muscle swelling elbow cramps or spasms abnormal size or shape of ear back weakness low back weakness,Endometrial hyperplasia
vaginal bleeding after menopause unpredictable menstruation pelvic pain pus in sputum muscle swelling elbow cramps or spasms abnormal size or shape of ear back weakness low back weakness,Endometrial hyperplasia
vaginal bleeding after menopause unpredictable menstruation involuntary urination vaginal discharge pelvic pain pus in sputum muscle swelling elbow cramps or spasms abnormal size or shape of ear,Endometrial hyperplasia
vaginal bleeding after menopause unpredictable menstruation involuntary urination vaginal discharge pelvic pain muscle swelling elbow cramps or spasms abnormal size or shape of ear back weakness low back weakness,Endometrial hyperplasia
vaginal bleeding after menopause unpredictable menstruation pelvic pain pus in sputum muscle swelling abnormal size or shape of ear back weakness low back weakness,Endometrial hyperplasia
vaginal bleeding after menopause unpredictable menstruation involuntary urination vaginal discharge pelvic pain muscle swelling elbow cramps or spasms abnormal size or shape of ear,Endometrial hyperplasia
weight gain allergic reaction acne or pimples infertility skin growth pain or soreness of breast skin moles unwanted hair fluid retention apnea warts,Acanthosis nigricans
weight gain allergic reaction skin growth pain or soreness of breast skin moles unwanted hair fluid retention apnea warts,Acanthosis nigricans
weight gain allergic reaction acne or pimples infertility skin growth pain or soreness of breast skin moles unwanted hair fluid retention,Acanthosis nigricans
weight gain allergic reaction acne or pimples infertility skin growth skin moles unwanted hair fluid retention apnea warts,Acanthosis nigricans
weight gain allergic reaction skin growth pain or soreness of breast skin moles fluid retention apnea warts,Acanthosis nigricans
weight gain allergic reaction acne or pimples infertility skin growth skin moles unwanted hair fluid retention,Acanthosis nigricans
shortness of breath blood in urine excessive urination at night weight gain symptoms of the kidneys muscle pain irregular heartbeat increased heart rate hand or finger cramps or spasms peripheral edema joint pain,Central atherosclerosis
shortness of breath blood in urine symptoms of the kidneys muscle pain irregular heartbeat increased heart rate hand or finger cramps or spasms peripheral edema joint pain,Central atherosclerosis
shortness of breath blood in urine excessive urination at night weight gain symptoms of the kidneys muscle pain irregular heartbeat increased heart rate hand or finger cramps or spasms,Central atherosclerosis
shortness of breath blood in urine excessive urination at night weight gain symptoms of the kidneys irregular heartbeat increased heart rate hand or finger cramps or spasms peripheral edema joint pain,Central atherosclerosis
shortness of breath blood in urine symptoms of the kidneys muscle pain irregular heartbeat hand or finger cramps or spasms peripheral edema joint pain,Central atherosclerosis
shortness of breath blood in urine excessive urination at night weight gain symptoms of the kidneys irregular heartbeat increased heart rate hand or finger cramps or spasms,Central atherosclerosis
skin rash cough nasal congestion vomiting abnormal appearing skin itching of skin decreased appetite pulling at ears skin swelling lip sore flu like syndrome,Viral exanthem
skin rash cough abnormal appearing skin itching of skin decreased appetite pulling at ears skin swelling lip sore flu like syndrome,Viral exanthem
skin rash cough nasal congestion vomiting abnormal appearing skin itching of skin decreased appetite pulling at ears skin swelling,Viral exanthem
skin rash cough nasal congestion vomiting abnormal appearing skin decreased appetite pulling at ears skin swelling lip sore flu like syndrome,Viral exanthem
skin rash cough abnormal appearing skin itching of skin decreased appetite skin swelling lip sore flu like syndrome,Viral exanthem
skin rash cough nasal congestion vomiting abnormal appearing skin decreased appetite pulling at ears skin swelling,Viral exanthem
pain in eye facial pain ankle pain wrist pain pain during pregnancy excessive anger joint stiffness or tightness pain or soreness of breast knee lump or mass fatigue excessive urination at night,Blastomycosis
pain in eye facial pain pain during pregnancy excessive anger joint stiffness or tightness pain or soreness of breast knee lump or mass fatigue excessive urination at night,Blastomycosis
pain in eye facial pain ankle pain wrist pain pain during pregnancy excessive anger joint stiffness or tightness pain or soreness of breast knee lump or mass,Blastomycosis
pain in eye facial pain ankle pain wrist pain pain during pregnancy joint stiffness or tightness pain or soreness of breast knee lump or mass fatigue excessive urination at night,Blastomycosis
pain in eye facial pain pain during pregnancy excessive anger joint stiffness or tightness knee lump or mass fatigue excessive urination at night,Blastomycosis
pain in eye facial pain ankle pain wrist pain pain during pregnancy joint stiffness or tightness pain or soreness of breast knee lump or mass,Blastomycosis
vomiting nausea sharp abdominal pain fever burning abdominal pain headache blood in stool decreased appetite chills fluid retention rectal bleeding,Noninfectious gastroenteritis
vomiting nausea burning abdominal pain headache blood in stool decreased appetite chills fluid retention rectal bleeding,Noninfectious gastroenteritis
vomiting nausea sharp abdominal pain fever burning abdominal pain headache blood in stool decreased appetite chills,Noninfectious gastroenteritis
vomiting nausea sharp abdominal pain fever burning abdominal pain blood in stool decreased appetite chills fluid retention rectal bleeding,Noninfectious gastroenteritis
vomiting nausea burning abdominal pain headache blood in stool chills fluid retention rectal bleeding,Noninfectious gastroenteritis
vomiting nausea sharp abdominal pain fever burning abdominal pain blood in stool decreased appetite chills,Noninfectious gastroenteritis
retention of urine frequent urination blood in urine excessive urination at night impotence involuntary urination symptoms of bladder pain in testicles hesitancy swelling of scrotum low urine output,Benign prostatic hyperplasia (BPH)
retention of urine frequent urination impotence involuntary urination symptoms of bladder pain in testicles hesitancy swelling of scrotum low urine output,Benign prostatic hyperplasia (BPH)
retention of urine frequent urination blood in urine excessive urination at night impotence involuntary urination symptoms of bladder pain in testicles hesitancy,Benign prostatic hyperplasia (BPH)
retention of urine frequent urination blood in urine excessive urination at night impotence symptoms of bladder pain in testicles hesitancy swelling of scrotum low urine output,Benign prostatic hyperplasia (BPH)
retention of urine frequent urination impotence involuntary urination symptoms of bladder hesitancy swelling of scrotum low urine output,Benign prostatic hyperplasia (BPH)
retention of urine frequent urination blood in urine excessive urination at night impotence symptoms of bladder pain in testicles hesitancy,Benign prostatic hyperplasia (BPH)
hot flashes sweating pelvic pain long menstrual periods involuntary urination vaginal dryness vaginal itching weight gain heavy menstrual flow loss of sex drive absence of menstruation,Menopause
hot flashes sweating involuntary urination vaginal dryness vaginal itching weight gain heavy menstrual flow loss of sex drive absence of menstruation,Menopause
hot flashes sweating pelvic pain long menstrual periods involuntary urination vaginal dryness vaginal itching weight gain heavy menstrual flow,Menopause
hot flashes sweating pelvic pain long menstrual periods involuntary urination vaginal itching weight gain heavy menstrual flow loss of sex drive absence of menstruation,Menopause
hot flashes sweating involuntary urination vaginal dryness vaginal itching heavy menstrual flow loss of sex drive absence of menstruation,Menopause
hot flashes sweating pelvic pain long menstrual periods involuntary urination vaginal itching weight gain heavy menstrual flow,Menopause
fatigue frontal headache painful sinuses upper abdominal pain decreased appetite arm stiffness or tightness skin irritation joint pain temper problems mouth ulcer swollen tongue,Primary immunodeficiency
fatigue frontal headache decreased appetite arm stiffness or tightness skin irritation joint pain temper problems mouth ulcer swollen tongue,Primary immunodeficiency
fatigue frontal headache painful sinuses upper abdominal pain decreased appetite arm stiffness or tightness skin irritation joint pain temper problems,Primary immunodeficiency
fatigue frontal headache painful sinuses upper abdominal pain decreased appetite skin irritation joint pain temper problems mouth ulcer swollen tongue,Primary immunodeficiency
fatigue frontal headache decreased appetite arm stiffness or tightness skin irritation temper problems mouth ulcer swollen tongue,Primary immunodeficiency
fatigue frontal headache painful sinuses upper abdominal pain decreased appetite skin irritation joint pain temper problems,Primary immunodeficiency
sharp abdominal pain fluid retention regurgitation stomach bloating groin mass symptoms of the kidneys difficulty eating absence of menstruation,Ovarian cancer
sharp abdominal pain fluid retention groin mass symptoms of the kidneys difficulty eating absence of menstruation,Ovarian cancer
sharp abdominal pain fluid retention regurgitation stomach bloating groin mass difficulty eating absence of menstruation,Ovarian cancer
sharp abdominal pain fluid retention groin mass symptoms of the kidneys difficulty eating,Ovarian cancer
diminished vision symptoms of eye pain in eye lacrimation itchiness of eye blindness foreign body sensation in eye eye burns or stings double vision cloudy eye abnormal movement of eyelid,Cataract
diminished vision symptoms of eye itchiness of eye blindness foreign body sensation in eye eye burns or stings double vision cloudy eye abnormal movement of eyelid,Cataract
diminished vision symptoms of eye pain in eye lacrimation itchiness of eye blindness foreign body sensation in eye eye burns or stings double vision,Cataract
diminished vision symptoms of eye pain in eye lacrimation itchiness of eye foreign body sensation in eye eye burns or stings double vision cloudy eye abnormal movement of eyelid,Cataract
diminished vision symptoms of eye itchiness of eye blindness foreign body sensation in eye double vision cloudy eye abnormal movement of eyelid,Cataract
diminished vision symptoms of eye pain in eye lacrimation itchiness of eye foreign body sensation in eye eye burns or stings double vision,Cataract
hip pain leg pain back pain groin pain hip stiffness or tightness abusing alcohol,Dislocation of the hip
hip pain leg pain hip stiffness or tightness abusing alcohol,Dislocation of the hip
hip pain leg pain back pain groin pain hip stiffness or tightness,Dislocation of the hip
neck pain low back pain shoulder pain headache leg pain arm pain loss of sensation hip pain lower body pain problems with movement paresthesia,Spinal stenosis
neck pain low back pain leg pain arm pain loss of sensation hip pain lower body pain problems with movement paresthesia,Spinal stenosis
neck pain low back pain shoulder pain headache leg pain arm pain loss of sensation hip pain lower body pain,Spinal stenosis
neck pain low back pain shoulder pain headache leg pain loss of sensation hip pain lower body pain problems with movement paresthesia,Spinal stenosis
neck pain low back pain leg pain arm pain loss of sensation lower body pain problems with movement paresthesia,Spinal stenosis
neck pain low back pain shoulder pain headache leg pain loss of sensation hip pain lower body pain,Spinal stenosis
constipation nausea diarrhea vomiting retention of urine burning abdominal pain pain of the anus stomach bloating vomiting blood incontinence of stool vaginal itching,Intestinal obstruction
constipation nausea retention of urine burning abdominal pain pain of the anus stomach bloating vomiting blood incontinence of stool vaginal itching,Intestinal obstruction
constipation nausea diarrhea vomiting retention of urine burning abdominal pain pain of the anus stomach bloating vomiting blood,Intestinal obstruction
constipation nausea diarrhea vomiting retention of urine pain of the anus stomach bloating vomiting blood incontinence of stool vaginal itching,Intestinal obstruction
constipation nausea retention of urine burning abdominal pain pain of the anus vomiting blood incontinence of stool vaginal itching,Intestinal obstruction
constipation nausea diarrhea vomiting retention of urine pain of the anus stomach bloating vomiting blood,Intestinal obstruction
apnea depression fainting itchy eyelid cross eyed excessive growth elbow cramps or spasms wrist weakness elbow weakness hip stiffness or tightness nailbiting,Heart contusion
apnea depression cross eyed excessive growth elbow cramps or spasms wrist weakness elbow weakness hip stiffness or tightness nailbiting,Heart contusion
apnea depression fainting itchy eyelid cross eyed excessive growth elbow cramps or spasms wrist weakness elbow weakness,Heart contusion
apnea depression fainting itchy eyelid cross eyed elbow cramps or spasms wrist weakness elbow weakness hip stiffness or tightness nailbiting,Heart contusion
apnea depression cross eyed excessive growth elbow cramps or spasms elbow weakness hip stiffness or tightness nailbiting,Heart contusion
apnea depression fainting itchy eyelid cross eyed elbow cramps or spasms wrist weakness elbow weakness,Heart contusion
lack of growth gum pain diminished hearing leg stiffness or tightness rib pain fluid retention ringing in ear delusions or hallucinations symptoms of the kidneys difficulty eating groin pain,Congenital malformation syndrome
lack of growth gum pain rib pain fluid retention ringing in ear delusions or hallucinations symptoms of the kidneys difficulty eating groin pain,Congenital malformation syndrome
lack of growth gum pain diminished hearing leg stiffness or tightness rib pain fluid retention ringing in ear delusions or hallucinations symptoms of the kidneys,Congenital malformation syndrome
lack of growth gum pain diminished hearing leg stiffness or tightness rib pain ringing in ear delusions or hallucinations symptoms of the kidneys difficulty eating groin pain,Congenital malformation syndrome
lack of growth gum pain rib pain fluid retention ringing in ear symptoms of the kidneys difficulty eating groin pain,Congenital malformation syndrome
lack of growth gum pain diminished hearing leg stiffness or tightness rib pain ringing in ear delusions or hallucinations symptoms of the kidneys,Congenital malformation syndrome
knee pain shoulder cramps or spasms ankle pain wrist pain pain during pregnancy joint stiffness or tightness excessive anger pain or soreness of breast knee lump or mass facial pain pain in eye,Sporotrichosis
knee pain shoulder cramps or spasms pain during pregnancy joint stiffness or tightness excessive anger pain or soreness of breast knee lump or mass facial pain pain in eye,Sporotrichosis
knee pain shoulder cramps or spasms ankle pain wrist pain pain during pregnancy joint stiffness or tightness excessive anger pain or soreness of breast knee lump or mass,Sporotrichosis
knee pain shoulder cramps or spasms ankle pain wrist pain pain during pregnancy excessive anger pain or soreness of breast knee lump or mass facial pain pain in eye,Sporotrichosis
knee pain shoulder cramps or spasms pain during pregnancy joint stiffness or tightness excessive anger knee lump or mass facial pain pain in eye,Sporotrichosis
knee pain shoulder cramps or spasms ankle pain wrist pain pain during pregnancy excessive anger pain or soreness of breast knee lump or mass,Sporotrichosis
skin on arm or hand looks infected skin on leg or foot looks infected skin on head or neck looks infected foot or toe lump or mass flu like syndrome foot or toe pain facial pain neck pain arm pain abnormal appearing skin skin irritation,Lymphangitis
skin on arm or hand looks infected skin on leg or foot looks infected flu like syndrome foot or toe pain facial pain neck pain arm pain abnormal appearing skin skin irritation,Lymphangitis
skin on arm or hand looks infected skin on leg or foot looks infected skin on head or neck looks infected foot or toe lump or mass flu like syndrome foot or toe pain facial pain neck pain arm pain,Lymphangitis
skin on arm or hand looks infected skin on leg or foot looks infected skin on head or neck looks infected foot or toe lump or mass flu like syndrome facial pain neck pain arm pain abnormal appearing skin skin irritation,Lymphangitis
skin on arm or hand looks infected skin on leg or foot looks infected flu like syndrome foot or toe pain facial pain arm pain abnormal appearing skin skin irritation,Lymphangitis
skin on arm or hand looks infected skin on leg or foot looks infected skin on head or neck looks infected foot or toe lump or mass flu like syndrome facial pain neck pain arm pain,Lymphangitis
depressive or psychotic symptoms delusions or hallucinations leg pain fainting hostile behavior paresthesia arm pain anxiety and nervousness vomiting blood headache disturbance of memory,Wernicke Korsakoff syndrome
depressive or psychotic symptoms delusions or hallucinations hostile behavior paresthesia arm pain anxiety and nervousness vomiting blood headache disturbance of memory,Wernicke Korsakoff syndrome
depressive or psychotic symptoms delusions or hallucinations leg pain fainting hostile behavior paresthesia arm pain anxiety and nervousness vomiting blood,Wernicke Korsakoff syndrome
depressive or psychotic symptoms delusions or hallucinations leg pain fainting hostile behavior arm pain anxiety and nervousness vomiting blood headache disturbance of memory,Wernicke Korsakoff syndrome
depressive or psychotic symptoms delusions or hallucinations hostile behavior paresthesia arm pain vomiting blood headache disturbance of memory,Wernicke Korsakoff syndrome
depressive or psychotic symptoms delusions or hallucinations leg pain fainting hostile behavior arm pain anxiety and nervousness vomiting blood,Wernicke Korsakoff syndrome
sharp abdominal pain diarrhea regurgitation rectal bleeding burning abdominal pain constipation nausea upper abdominal pain sharp chest pain fainting weakness,Intestinal disease
sharp abdominal pain diarrhea burning abdominal pain constipation nausea upper abdominal pain sharp chest pain fainting weakness,Intestinal disease
sharp abdominal pain diarrhea regurgitation rectal bleeding burning abdominal pain constipation nausea upper abdominal pain sharp chest pain,Intestinal disease
sharp abdominal pain diarrhea regurgitation rectal bleeding burning abdominal pain nausea upper abdominal pain sharp chest pain fainting weakness,Intestinal disease
sharp abdominal pain diarrhea burning abdominal pain constipation nausea sharp chest pain fainting weakness,Intestinal disease
sharp abdominal pain diarrhea regurgitation rectal bleeding burning abdominal pain nausea upper abdominal pain sharp chest pain,Intestinal disease
cough fever sore throat shortness of breath coryza sharp chest pain coughing up sputum congestion in chest headache difficulty breathing wheezing,Acute bronchitis
cough fever coryza sharp chest pain coughing up sputum congestion in chest headache difficulty breathing wheezing,Acute bronchitis
cough fever sore throat shortness of breath coryza sharp chest pain coughing up sputum congestion in chest headache,Acute bronchitis
cough fever sore throat shortness of breath coryza coughing up sputum congestion in chest headache difficulty breathing wheezing,Acute bronchitis
cough fever coryza sharp chest pain coughing up sputum headache difficulty breathing wheezing,Acute bronchitis
cough fever sore throat shortness of breath coryza coughing up sputum congestion in chest headache,Acute bronchitis
vomiting sharp abdominal pain diarrhea fever problems during pregnancy headache dizziness cramps and spasms abnormal involuntary movements vomiting blood decreased appetite,Persistent vomiting of unknown cause
vomiting sharp abdominal pain problems during pregnancy headache dizziness cramps and spasms abnormal involuntary movements vomiting blood decreased appetite,Persistent vomiting of unknown cause
vomiting sharp abdominal pain diarrhea fever problems during pregnancy headache dizziness cramps and spasms abnormal involuntary movements,Persistent vomiting of unknown cause
vomiting sharp abdominal pain diarrhea fever problems during pregnancy dizziness cramps and spasms abnormal involuntary movements vomiting blood decreased appetite,Persistent vomiting of unknown cause
vomiting sharp abdominal pain problems during pregnancy headache dizziness abnormal involuntary movements vomiting blood decreased appetite,Persistent vomiting of unknown cause
vomiting sharp abdominal pain diarrhea fever problems during pregnancy dizziness cramps and spasms abnormal involuntary movements,Persistent vomiting of unknown cause
foot or toe pain foot or toe swelling skin on leg or foot looks infected irregular appearing nails foot or toe lump or mass skin pain,Open wound of the foot
foot or toe pain foot or toe swelling foot or toe lump or mass skin pain,Open wound of the foot
foot or toe pain foot or toe swelling skin on leg or foot looks infected irregular appearing nails foot or toe lump or mass,Open wound of the foot
palpitations cough chest tightness fever sharp chest pain weakness diarrhea headache difficulty breathing dizziness coughing up sputum,Myocarditis
palpitations cough sharp chest pain weakness diarrhea headache difficulty breathing dizziness coughing up sputum,Myocarditis
palpitations cough chest tightness fever sharp chest pain weakness diarrhea headache difficulty breathing,Myocarditis
palpitations cough chest tightness fever sharp chest pain diarrhea headache difficulty breathing dizziness coughing up sputum,Myocarditis
palpitations cough sharp chest pain weakness diarrhea difficulty breathing dizziness coughing up sputum,Myocarditis
palpitations cough chest tightness fever sharp chest pain diarrhea headache difficulty breathing,Myocarditis
headache problems during pregnancy sharp abdominal pain uterine contractions lower abdominal pain recent pregnancy spots or clouds in vision cramps and spasms vaginal redness,Preeclampsia
headache problems during pregnancy lower abdominal pain recent pregnancy spots or clouds in vision cramps and spasms vaginal redness,Preeclampsia
headache problems during pregnancy sharp abdominal pain uterine contractions lower abdominal pain spots or clouds in vision cramps and spasms vaginal redness,Preeclampsia
headache problems during pregnancy lower abdominal pain recent pregnancy spots or clouds in vision vaginal redness,Preeclampsia
sharp chest pain difficulty breathing palpitations dizziness fatigue chest tightness peripheral edema lymphedema increased heart rate muscle pain throat feels tight,Ischemic heart disease
sharp chest pain difficulty breathing fatigue chest tightness peripheral edema lymphedema increased heart rate muscle pain throat feels tight,Ischemic heart disease
sharp chest pain difficulty breathing palpitations dizziness fatigue chest tightness peripheral edema lymphedema increased heart rate,Ischemic heart disease
sharp chest pain difficulty breathing palpitations dizziness fatigue peripheral edema lymphedema increased heart rate muscle pain throat feels tight,Ischemic heart disease
sharp chest pain difficulty breathing fatigue chest tightness peripheral edema increased heart rate muscle pain throat feels tight,Ischemic heart disease
sharp chest pain difficulty breathing palpitations dizziness fatigue peripheral edema lymphedema increased heart rate,Ischemic heart disease
headache abnormal involuntary movements diminished hearing leg swelling incontinence of stool leg weakness neck mass mass on vulva warts groin mass foot or toe lump or mass,Neurofibromatosis
headache abnormal involuntary movements incontinence of stool leg weakness neck mass mass on vulva warts groin mass foot or toe lump or mass,Neurofibromatosis
headache abnormal involuntary movements diminished hearing leg swelling incontinence of stool leg weakness neck mass mass on vulva warts,Neurofibromatosis
headache abnormal involuntary movements diminished hearing leg swelling incontinence of stool neck mass mass on vulva warts groin mass foot or toe lump or mass,Neurofibromatosis
headache abnormal involuntary movements incontinence of stool leg weakness neck mass warts groin mass foot or toe lump or mass,Neurofibromatosis
headache abnormal involuntary movements diminished hearing leg swelling incontinence of stool neck mass mass on vulva warts,Neurofibromatosis
skin rash abnormal appearing skin itching of skin ache all over cough skin lesion skin swelling pain in testicles problems during pregnancy irritable infant eye redness,Chickenpox
skin rash abnormal appearing skin cough skin lesion skin swelling pain in testicles problems during pregnancy irritable infant eye redness,Chickenpox
skin rash abnormal appearing skin itching of skin ache all over cough skin lesion skin swelling pain in testicles problems during pregnancy,Chickenpox
skin rash abnormal appearing skin itching of skin ache all over cough skin swelling pain in testicles problems during pregnancy irritable infant eye redness,Chickenpox
skin rash abnormal appearing skin cough skin lesion skin swelling problems during pregnancy irritable infant eye redness,Chickenpox
skin rash abnormal appearing skin itching of skin ache all over cough skin swelling pain in testicles problems during pregnancy,Chickenpox
sharp abdominal pain ache all over fatigue diarrhea jaundice constipation stomach bloating arm swelling elbow swelling irregular appearing scalp vomiting blood,Pancreatic cancer
sharp abdominal pain ache all over jaundice constipation stomach bloating arm swelling elbow swelling irregular appearing scalp vomiting blood,Pancreatic cancer
sharp abdominal pain ache all over fatigue diarrhea jaundice constipation stomach bloating arm swelling elbow swelling,Pancreatic cancer
sharp abdominal pain ache all over fatigue diarrhea jaundice stomach bloating arm swelling elbow swelling irregular appearing scalp vomiting blood,Pancreatic cancer
sharp abdominal pain ache all over jaundice constipation stomach bloating elbow swelling irregular appearing scalp vomiting blood,Pancreatic cancer
sharp abdominal pain ache all over fatigue diarrhea jaundice stomach bloating arm swelling elbow swelling,Pancreatic cancer
loss of sensation paresthesia problems with movement sharp abdominal pain cough nausea weakness vomiting facial pain fatigue hand or finger pain,Neuropathy due to drugs
loss of sensation paresthesia cough nausea weakness vomiting facial pain fatigue hand or finger pain,Neuropathy due to drugs
loss of sensation paresthesia problems with movement sharp abdominal pain cough nausea weakness vomiting facial pain,Neuropathy due to drugs
loss of sensation paresthesia problems with movement sharp abdominal pain cough weakness vomiting facial pain fatigue hand or finger pain,Neuropathy due to drugs
loss of sensation paresthesia cough nausea weakness facial pain fatigue hand or finger pain,Neuropathy due to drugs
loss of sensation paresthesia problems with movement sharp abdominal pain cough weakness vomiting facial pain,Neuropathy due to drugs
cough difficulty breathing nasal congestion wheezing shortness of breath vomiting sore throat coryza hoarse voice abnormal breathing sounds pulling at ears,Croup
cough difficulty breathing shortness of breath vomiting sore throat coryza hoarse voice abnormal breathing sounds pulling at ears,Croup
cough difficulty breathing nasal congestion wheezing shortness of breath vomiting sore throat coryza hoarse voice,Croup
cough difficulty breathing nasal congestion wheezing shortness of breath sore throat coryza hoarse voice abnormal breathing sounds pulling at ears,Croup
cough difficulty breathing shortness of breath vomiting sore throat hoarse voice abnormal breathing sounds pulling at ears,Croup
cough difficulty breathing nasal congestion wheezing shortness of breath sore throat coryza hoarse voice,Croup
heavy menstrual flow pelvic pain sharp abdominal pain painful menstruation long menstrual periods intermenstrual bleeding blood clots during menstrual periods frequent menstruation cramps and spasms vaginal discharge involuntary urination,Idiopathic excessive menstruation
heavy menstrual flow pelvic pain long menstrual periods intermenstrual bleeding blood clots during menstrual periods frequent menstruation cramps and spasms vaginal discharge involuntary urination,Idiopathic excessive menstruation
heavy menstrual flow pelvic pain sharp abdominal pain painful menstruation long menstrual periods intermenstrual bleeding blood clots during menstrual periods frequent menstruation cramps and spasms,Idiopathic excessive menstruation
heavy menstrual flow pelvic pain sharp abdominal pain painful menstruation long menstrual periods blood clots during menstrual periods frequent menstruation cramps and spasms vaginal discharge involuntary urination,Idiopathic excessive menstruation
heavy menstrual flow pelvic pain long menstrual periods intermenstrual bleeding blood clots during menstrual periods cramps and spasms vaginal discharge involuntary urination,Idiopathic excessive menstruation
heavy menstrual flow pelvic pain sharp abdominal pain painful menstruation long menstrual periods blood clots during menstrual periods frequent menstruation cramps and spasms,Idiopathic excessive menstruation
diminished vision pain in eye foreign body sensation in eye cross eyed spots or clouds in vision pus draining from ear white discharge from eye neck stiffness or tightness abnormal movement of eyelid itchiness of eye eye moves abnormally,Amblyopia
diminished vision pain in eye spots or clouds in vision pus draining from ear white discharge from eye neck stiffness or tightness abnormal movement of eyelid itchiness of eye eye moves abnormally,Amblyopia
diminished vision pain in eye foreign body sensation in eye cross eyed spots or clouds in vision pus draining from ear white discharge from eye neck stiffness or tightness abnormal movement of eyelid,Amblyopia
diminished vision pain in eye foreign body sensation in eye cross eyed spots or clouds in vision white discharge from eye neck stiffness or tightness abnormal movement of eyelid itchiness of eye eye moves abnormally,Amblyopia
diminished vision pain in eye spots or clouds in vision pus draining from ear white discharge from eye abnormal movement of eyelid itchiness of eye eye moves abnormally,Amblyopia
diminished vision pain in eye foreign body sensation in eye cross eyed spots or clouds in vision white discharge from eye neck stiffness or tightness abnormal movement of eyelid,Amblyopia
upper abdominal pain knee lump or mass excessive growth pelvic pressure vulvar sore loss of sex drive bedwetting neck cramps or spasms shoulder swelling eye strain joint stiffness or tightness,Meckel diverticulum
upper abdominal pain knee lump or mass vulvar sore loss of sex drive bedwetting neck cramps or spasms shoulder swelling eye strain joint stiffness or tightness,Meckel diverticulum
upper abdominal pain knee lump or mass excessive growth pelvic pressure vulvar sore loss of sex drive bedwetting neck cramps or spasms shoulder swelling,Meckel diverticulum
upper abdominal pain knee lump or mass excessive growth pelvic pressure vulvar sore bedwetting neck cramps or spasms shoulder swelling eye strain joint stiffness or tightness,Meckel diverticulum
upper abdominal pain knee lump or mass vulvar sore loss of sex drive bedwetting shoulder swelling eye strain joint stiffness or tightness,Meckel diverticulum
upper abdominal pain knee lump or mass excessive growth pelvic pressure vulvar sore bedwetting neck cramps or spasms shoulder swelling,Meckel diverticulum
arm pain hand or finger swelling hand or finger pain depression arm stiffness or tightness wrist pain elbow weakness wrist weakness eye strain feeling hot and cold nailbiting,Dislocation of the wrist
arm pain hand or finger swelling arm stiffness or tightness wrist pain elbow weakness wrist weakness eye strain feeling hot and cold nailbiting,Dislocation of the wrist
arm pain hand or finger swelling hand or finger pain depression arm stiffness or tightness wrist pain elbow weakness wrist weakness eye strain,Dislocation of the wrist
arm pain hand or finger swelling hand or finger pain depression arm stiffness or tightness elbow weakness wrist weakness eye strain feeling hot and cold nailbiting,Dislocation of the wrist
arm pain hand or finger swelling arm stiffness or tightness wrist pain elbow weakness eye strain feeling hot and cold nailbiting,Dislocation of the wrist
arm pain hand or finger swelling hand or finger pain depression arm stiffness or tightness elbow weakness wrist weakness eye strain,Dislocation of the wrist
ear pain fluid in ear redness in ear bleeding from ear nasal congestion cough plugged feeling in ear ringing in ear pulling at ears pus draining from ear flu like syndrome,Ear drum damage
ear pain fluid in ear nasal congestion cough plugged feeling in ear ringing in ear pulling at ears pus draining from ear flu like syndrome,Ear drum damage
ear pain fluid in ear redness in ear bleeding from ear nasal congestion cough plugged feeling in ear ringing in ear pulling at ears,Ear drum damage
ear pain fluid in ear redness in ear bleeding from ear nasal congestion plugged feeling in ear ringing in ear pulling at ears pus draining from ear flu like syndrome,Ear drum damage
ear pain fluid in ear nasal congestion cough plugged feeling in ear pulling at ears pus draining from ear flu like syndrome,Ear drum damage
ear pain fluid in ear redness in ear bleeding from ear nasal congestion plugged feeling in ear ringing in ear pulling at ears,Ear drum damage
impotence symptoms of prostate frequent urination blood in urine pain in testicles loss of sex drive excessive urination at night involuntary urination premature ejaculation penis pain pain during intercourse,Erectile dysfunction
impotence symptoms of prostate pain in testicles loss of sex drive excessive urination at night involuntary urination premature ejaculation penis pain pain during intercourse,Erectile dysfunction
impotence symptoms of prostate frequent urination blood in urine pain in testicles loss of sex drive excessive urination at night involuntary urination premature ejaculation,Erectile dysfunction
impotence symptoms of prostate frequent urination blood in urine pain in testicles excessive urination at night involuntary urination premature ejaculation penis pain pain during intercourse,Erectile dysfunction
impotence symptoms of prostate pain in testicles loss of sex drive excessive urination at night premature ejaculation penis pain pain during intercourse,Erectile dysfunction
impotence symptoms of prostate frequent urination blood in urine pain in testicles excessive urination at night involuntary urination premature ejaculation,Erectile dysfunction
blood in urine side pain painful urination retention of urine suprapubic pain back pain frequent urination lower abdominal pain involuntary urination symptoms of bladder regurgitation,Temporary or benign blood in urine
blood in urine side pain suprapubic pain back pain frequent urination lower abdominal pain involuntary urination symptoms of bladder regurgitation,Temporary or benign blood in urine
blood in urine side pain painful urination retention of urine suprapubic pain back pain frequent urination lower abdominal pain involuntary urination,Temporary or benign blood in urine
blood in urine side pain painful urination retention of urine suprapubic pain frequent urination lower abdominal pain involuntary urination symptoms of bladder regurgitation,Temporary or benign blood in urine
blood in urine side pain suprapubic pain back pain frequent urination involuntary urination symptoms of bladder regurgitation,Temporary or benign blood in urine
blood in urine side pain painful urination retention of urine suprapubic pain frequent urination lower abdominal pain involuntary urination,Temporary or benign blood in urine
shortness of breath difficulty speaking incontinence of stool foot or toe cramps or spasms unusual color or odor to urine excessive appetite polyuria too little hair stuttering or stammering feeling cold,Kidney disease due to longstanding hypertension
shortness of breath difficulty speaking unusual color or odor to urine excessive appetite polyuria too little hair stuttering or stammering feeling cold,Kidney disease due to longstanding hypertension
shortness of breath difficulty speaking incontinence of stool foot or toe cramps or spasms unusual color or odor to urine excessive appetite polyuria too little hair stuttering or stammering,Kidney disease due to longstanding hypertension
shortness of breath difficulty speaking incontinence of stool foot or toe cramps or spasms unusual color or odor to urine polyuria too little hair stuttering or stammering feeling cold,Kidney disease due to longstanding hypertension
shortness of breath difficulty speaking unusual color or odor to urine excessive appetite polyuria stuttering or stammering feeling cold,Kidney disease due to longstanding hypertension
shortness of breath difficulty speaking incontinence of stool foot or toe cramps or spasms unusual color or odor to urine polyuria too little hair stuttering or stammering,Kidney disease due to longstanding hypertension
knee pain knee swelling knee stiffness or tightness problems with movement knee weakness joint pain elbow pain bones are painful,Chondromalacia of the patella
knee pain knee swelling knee weakness joint pain elbow pain bones are painful,Chondromalacia of the patella
knee pain knee swelling knee stiffness or tightness problems with movement knee weakness elbow pain bones are painful,Chondromalacia of the patella
knee pain knee swelling knee weakness joint pain elbow pain,Chondromalacia of the patella
painful urination retention of urine frequent urination sharp abdominal pain suprapubic pain vomiting pelvic pain blood in urine symptoms of bladder side pain abusing alcohol,Urethral disorder
painful urination retention of urine suprapubic pain vomiting pelvic pain blood in urine symptoms of bladder side pain abusing alcohol,Urethral disorder
painful urination retention of urine frequent urination sharp abdominal pain suprapubic pain vomiting pelvic pain blood in urine symptoms of bladder,Urethral disorder
painful urination retention of urine frequent urination sharp abdominal pain suprapubic pain pelvic pain blood in urine symptoms of bladder side pain abusing alcohol,Urethral disorder
painful urination retention of urine suprapubic pain vomiting pelvic pain symptoms of bladder side pain abusing alcohol,Urethral disorder
painful urination retention of urine frequent urination sharp abdominal pain suprapubic pain pelvic pain blood in urine symptoms of bladder,Urethral disorder
fever headache fatigue abnormal appearing skin loss of sensation depressive or psychotic symptoms joint pain chills hip pain hand or finger pain symptoms of the face,Lyme disease
fever headache loss of sensation depressive or psychotic symptoms joint pain chills hip pain hand or finger pain symptoms of the face,Lyme disease
fever headache fatigue abnormal appearing skin loss of sensation depressive or psychotic symptoms joint pain chills hip pain,Lyme disease
fever headache fatigue abnormal appearing skin loss of sensation joint pain chills hip pain hand or finger pain symptoms of the face,Lyme disease
fever headache loss of sensation depressive or psychotic symptoms joint pain hip pain hand or finger pain symptoms of the face,Lyme disease
fever headache fatigue abnormal appearing skin loss of sensation joint pain chills hip pain,Lyme disease
fatigue dizziness heavy menstrual flow rectal bleeding blood in stool weight gain melena heartburn regurgitation intermenstrual bleeding absence of menstruation,Iron deficiency anemia
fatigue dizziness blood in stool weight gain melena heartburn regurgitation intermenstrual bleeding absence of menstruation,Iron deficiency anemia
fatigue dizziness heavy menstrual flow rectal bleeding blood in stool weight gain melena heartburn regurgitation,Iron deficiency anemia
fatigue dizziness heavy menstrual flow rectal bleeding blood in stool melena heartburn regurgitation intermenstrual bleeding absence of menstruation,Iron deficiency anemia
fatigue dizziness blood in stool weight gain melena regurgitation intermenstrual bleeding absence of menstruation,Iron deficiency anemia
fatigue dizziness heavy menstrual flow rectal bleeding blood in stool melena heartburn regurgitation,Iron deficiency anemia
shortness of breath cough sharp chest pain depressive or psychotic symptoms fever wheezing hurts to breath chest tightness chills coughing up sputum congestion in chest,Acute respiratory distress syndrome (ARDS)
shortness of breath cough fever wheezing hurts to breath chest tightness chills coughing up sputum congestion in chest,Acute respiratory distress syndrome (ARDS)
shortness of breath cough sharp chest pain depressive or psychotic symptoms fever wheezing hurts to breath chest tightness chills,Acute respiratory distress syndrome (ARDS)
shortness of breath cough sharp chest pain depressive or psychotic symptoms fever hurts to breath chest tightness chills coughing up sputum congestion in chest,Acute respiratory distress syndrome (ARDS)
shortness of breath cough fever wheezing hurts to breath chills coughing up sputum congestion in chest,Acute respiratory distress syndrome (ARDS)
shortness of breath cough sharp chest pain depressive or psychotic symptoms fever hurts to breath chest tightness chills,Acute respiratory distress syndrome (ARDS)
fatigue double vision sweating involuntary urination abnormal movement of eyelid foreign body sensation in eye spots or clouds in vision leg cramps or spasms irregular heartbeat sinus congestion neck swelling,Toxic multinodular goiter
fatigue double vision abnormal movement of eyelid foreign body sensation in eye spots or clouds in vision leg cramps or spasms irregular heartbeat sinus congestion neck swelling,Toxic multinodular goiter
fatigue double vision sweating involuntary urination abnormal movement of eyelid foreign body sensation in eye spots or clouds in vision leg cramps or spasms irregular heartbeat,Toxic multinodular goiter
fatigue double vision sweating involuntary urination abnormal movement of eyelid spots or clouds in vision leg cramps or spasms irregular heartbeat sinus congestion neck swelling,Toxic multinodular goiter
fatigue double vision abnormal movement of eyelid foreign body sensation in eye spots or clouds in vision irregular heartbeat sinus congestion neck swelling,Toxic multinodular goiter
fatigue double vision sweating involuntary urination abnormal movement of eyelid spots or clouds in vision leg cramps or spasms irregular heartbeat,Toxic multinodular goiter
hand or finger pain skin on arm or hand looks infected hand or finger stiffness or tightness,Open wound of the finger
hand or finger pain skin on arm or hand looks infected,Open wound of the finger
leg pain headache skin lesion back pain fainting dizziness fatigue pupils unequal decreased appetite peripheral edema difficulty in swallowing,Autonomic nervous system disorder
leg pain headache fainting dizziness fatigue pupils unequal decreased appetite peripheral edema difficulty in swallowing,Autonomic nervous system disorder
leg pain headache skin lesion back pain fainting dizziness fatigue pupils unequal decreased appetite,Autonomic nervous system disorder
leg pain headache skin lesion back pain fainting fatigue pupils unequal decreased appetite peripheral edema difficulty in swallowing,Autonomic nervous system disorder
leg pain headache fainting dizziness fatigue decreased appetite peripheral edema difficulty in swallowing,Autonomic nervous system disorder
leg pain headache skin lesion back pain fainting fatigue pupils unequal decreased appetite,Autonomic nervous system disorder
impotence loss of sex drive depression knee pain pain during intercourse fatigue fears and phobias problems with orgasm muscle pain involuntary urination symptoms of prostate,Psychosexual disorder
impotence loss of sex drive pain during intercourse fatigue fears and phobias problems with orgasm muscle pain involuntary urination symptoms of prostate,Psychosexual disorder
impotence loss of sex drive depression knee pain pain during intercourse fatigue fears and phobias problems with orgasm muscle pain,Psychosexual disorder
impotence loss of sex drive depression knee pain pain during intercourse fears and phobias problems with orgasm muscle pain involuntary urination symptoms of prostate,Psychosexual disorder
impotence loss of sex drive pain during intercourse fatigue fears and phobias muscle pain involuntary urination symptoms of prostate,Psychosexual disorder
impotence loss of sex drive depression knee pain pain during intercourse fears and phobias problems with orgasm muscle pain,Psychosexual disorder
fatigue dizziness shortness of breath nosebleed heavy menstrual flow melena unpredictable menstruation vomiting blood changes in stool appearance recent pregnancy too little hair,Anemia
fatigue dizziness heavy menstrual flow melena unpredictable menstruation vomiting blood changes in stool appearance recent pregnancy too little hair,Anemia
fatigue dizziness shortness of breath nosebleed heavy menstrual flow melena unpredictable menstruation vomiting blood changes in stool appearance,Anemia
fatigue dizziness shortness of breath nosebleed heavy menstrual flow unpredictable menstruation vomiting blood changes in stool appearance recent pregnancy too little hair,Anemia
fatigue dizziness heavy menstrual flow melena unpredictable menstruation changes in stool appearance recent pregnancy too little hair,Anemia
fatigue dizziness shortness of breath nosebleed heavy menstrual flow unpredictable menstruation vomiting blood changes in stool appearance,Anemia
hip pain knee pain wrist pain foot or toe pain hand or finger pain leg pain elbow pain ankle pain arm pain hand or finger swelling joint pain,Tendinitis
hip pain knee pain hand or finger pain leg pain elbow pain ankle pain arm pain hand or finger swelling joint pain,Tendinitis
hip pain knee pain wrist pain foot or toe pain hand or finger pain leg pain elbow pain ankle pain arm pain,Tendinitis
hip pain knee pain wrist pain foot or toe pain hand or finger pain elbow pain ankle pain arm pain hand or finger swelling joint pain,Tendinitis
hip pain knee pain hand or finger pain leg pain elbow pain arm pain hand or finger swelling joint pain,Tendinitis
hip pain knee pain wrist pain foot or toe pain hand or finger pain elbow pain ankle pain arm pain,Tendinitis
cough fever nasal congestion coryza ear pain headache vomiting wheezing congestion in chest chills flu like syndrome,Common cold
cough fever ear pain headache vomiting wheezing congestion in chest chills flu like syndrome,Common cold
cough fever nasal congestion coryza ear pain headache vomiting wheezing congestion in chest,Common cold
cough fever nasal congestion coryza ear pain vomiting wheezing congestion in chest chills flu like syndrome,Common cold
cough fever ear pain headache vomiting congestion in chest chills flu like syndrome,Common cold
cough fever nasal congestion coryza ear pain vomiting wheezing congestion in chest,Common cold
weakness difficulty speaking problems with movement abnormal involuntary movements back pain difficulty in swallowing hand or finger weakness leg pain muscle weakness fatigue leg cramps or spasms,Amyotrophic lateral sclerosis (ALS)
weakness difficulty speaking back pain difficulty in swallowing hand or finger weakness leg pain muscle weakness fatigue leg cramps or spasms,Amyotrophic lateral sclerosis (ALS)
weakness difficulty speaking problems with movement abnormal involuntary movements back pain difficulty in swallowing hand or finger weakness leg pain muscle weakness,Amyotrophic lateral sclerosis (ALS)
weakness difficulty speaking problems with movement abnormal involuntary movements back pain hand or finger weakness leg pain muscle weakness fatigue leg cramps or spasms,Amyotrophic lateral sclerosis (ALS)
weakness difficulty speaking back pain difficulty in swallowing hand or finger weakness muscle weakness fatigue leg cramps or spasms,Amyotrophic lateral sclerosis (ALS)
weakness difficulty speaking problems with movement abnormal involuntary movements back pain hand or finger weakness leg pain muscle weakness,Amyotrophic lateral sclerosis (ALS)
diminished vision spots or clouds in vision symptoms of eye pain in eye foreign body sensation in eye elbow pain irregular heartbeat eye deviation double vision,Central retinal artery or vein occlusion
diminished vision spots or clouds in vision foreign body sensation in eye elbow pain irregular heartbeat eye deviation double vision,Central retinal artery or vein occlusion
diminished vision spots or clouds in vision symptoms of eye pain in eye foreign body sensation in eye irregular heartbeat eye deviation double vision,Central retinal artery or vein occlusion
diminished vision spots or clouds in vision foreign body sensation in eye elbow pain irregular heartbeat double vision,Central retinal artery or vein occlusion
palpitations increased heart rate irregular heartbeat shortness of breath dizziness weakness chest tightness symptoms of the face sweating bladder mass involuntary urination,Paroxysmal supraventricular tachycardia
palpitations increased heart rate dizziness weakness chest tightness symptoms of the face sweating bladder mass involuntary urination,Paroxysmal supraventricular tachycardia
palpitations increased heart rate irregular heartbeat shortness of breath dizziness weakness chest tightness symptoms of the face sweating,Paroxysmal supraventricular tachycardia
palpitations increased heart rate irregular heartbeat shortness of breath dizziness chest tightness symptoms of the face sweating bladder mass involuntary urination,Paroxysmal supraventricular tachycardia
palpitations increased heart rate dizziness weakness chest tightness sweating bladder mass involuntary urination,Paroxysmal supraventricular tachycardia
palpitations increased heart rate irregular heartbeat shortness of breath dizziness chest tightness symptoms of the face sweating,Paroxysmal supraventricular tachycardia
skin lesion leg pain peripheral edema abnormal appearing skin leg cramps or spasms fluid retention lymphedema skin on leg or foot looks infected ankle swelling poor circulation burning chest pain,Venous insufficiency
skin lesion leg pain leg cramps or spasms fluid retention lymphedema skin on leg or foot looks infected ankle swelling poor circulation burning chest pain,Venous insufficiency
skin lesion leg pain peripheral edema abnormal appearing skin leg cramps or spasms fluid retention lymphedema skin on leg or foot looks infected ankle swelling,Venous insufficiency
skin lesion leg pain peripheral edema abnormal appearing skin leg cramps or spasms lymphedema skin on leg or foot looks infected ankle swelling poor circulation burning chest pain,Venous insufficiency
skin lesion leg pain leg cramps or spasms fluid retention lymphedema ankle swelling poor circulation burning chest pain,Venous insufficiency
skin lesion leg pain peripheral edema abnormal appearing skin leg cramps or spasms lymphedema skin on leg or foot looks infected ankle swelling,Venous insufficiency
vaginal discharge vomiting pelvic pain painful urination nausea lower abdominal pain vaginal itching burning abdominal pain side pain pain during pregnancy unpredictable menstruation,Trichomonas infection
vaginal discharge vomiting nausea lower abdominal pain vaginal itching burning abdominal pain side pain pain during pregnancy unpredictable menstruation,Trichomonas infection
vaginal discharge vomiting pelvic pain painful urination nausea lower abdominal pain vaginal itching burning abdominal pain side pain,Trichomonas infection
vaginal discharge vomiting pelvic pain painful urination nausea vaginal itching burning abdominal pain side pain pain during pregnancy unpredictable menstruation,Trichomonas infection
vaginal discharge vomiting nausea lower abdominal pain vaginal itching side pain pain during pregnancy unpredictable menstruation,Trichomonas infection
vaginal discharge vomiting pelvic pain painful urination nausea vaginal itching burning abdominal pain side pain,Trichomonas infection
depression anxiety and nervousness insomnia abusing alcohol drug abuse delusions or hallucinations excessive anger disturbance of memory low self esteem hostile behavior temper problems,Depression
depression anxiety and nervousness drug abuse delusions or hallucinations excessive anger disturbance of memory low self esteem hostile behavior temper problems,Depression
depression anxiety and nervousness insomnia abusing alcohol drug abuse delusions or hallucinations excessive anger disturbance of memory low self esteem,Depression
depression anxiety and nervousness insomnia abusing alcohol drug abuse excessive anger disturbance of memory low self esteem hostile behavior temper problems,Depression
depression anxiety and nervousness drug abuse delusions or hallucinations excessive anger low self esteem hostile behavior temper problems,Depression
depression anxiety and nervousness insomnia abusing alcohol drug abuse excessive anger disturbance of memory low self esteem,Depression
drug abuse depression abusing alcohol anxiety and nervousness delusions or hallucinations antisocial behavior sweating hostile behavior excessive anger fears and phobias smoking problems,Drug abuse
drug abuse depression delusions or hallucinations antisocial behavior sweating hostile behavior excessive anger fears and phobias smoking problems,Drug abuse
drug abuse depression abusing alcohol anxiety and nervousness delusions or hallucinations antisocial behavior sweating hostile behavior excessive anger,Drug abuse
drug abuse depression abusing alcohol anxiety and nervousness delusions or hallucinations sweating hostile behavior excessive anger fears and phobias smoking problems,Drug abuse
drug abuse depression delusions or hallucinations antisocial behavior sweating excessive anger fears and phobias smoking problems,Drug abuse
drug abuse depression abusing alcohol anxiety and nervousness delusions or hallucinations sweating hostile behavior excessive anger,Drug abuse
retention of urine side pain frequent urination symptoms of prostate sharp abdominal pain back pain suprapubic pain symptoms of bladder excessive urination at night painful urination involuntary urination,Urinary tract obstruction
retention of urine side pain sharp abdominal pain back pain suprapubic pain symptoms of bladder excessive urination at night painful urination involuntary urination,Urinary tract obstruction
retention of urine side pain frequent urination symptoms of prostate sharp abdominal pain back pain suprapubic pain symptoms of bladder excessive urination at night,Urinary tract obstruction
retention of urine side pain frequent urination symptoms of prostate sharp abdominal pain suprapubic pain symptoms of bladder excessive urination at night painful urination involuntary urination,Urinary tract obstruction
retention of urine side pain sharp abdominal pain back pain suprapubic pain excessive urination at night painful urination involuntary urination,Urinary tract obstruction
retention of urine side pain frequent urination symptoms of prostate sharp abdominal pain suprapubic pain symptoms of bladder excessive urination at night,Urinary tract obstruction
excessive appetite difficulty in swallowing frequent urination dizziness itchy eyelid emotional symptoms wrist weakness elbow cramps or spasms elbow weakness nailbiting hip stiffness or tightness,Diabetes insipidus
excessive appetite difficulty in swallowing itchy eyelid emotional symptoms wrist weakness elbow cramps or spasms elbow weakness nailbiting hip stiffness or tightness,Diabetes insipidus
excessive appetite difficulty in swallowing frequent urination dizziness itchy eyelid emotional symptoms wrist weakness elbow cramps or spasms elbow weakness,Diabetes insipidus
excessive appetite difficulty in swallowing frequent urination dizziness itchy eyelid wrist weakness elbow cramps or spasms elbow weakness nailbiting hip stiffness or tightness,Diabetes insipidus
excessive appetite difficulty in swallowing itchy eyelid emotional symptoms wrist weakness elbow weakness nailbiting hip stiffness or tightness,Diabetes insipidus
excessive appetite difficulty in swallowing frequent urination dizziness itchy eyelid wrist weakness elbow cramps or spasms elbow weakness,Diabetes insipidus
pain in eye eye redness headache spots or clouds in vision symptoms of eye swollen eye lacrimation foreign body sensation in eye itchiness of eye eye burns or stings cloudy eye,Iridocyclitis
pain in eye eye redness symptoms of eye swollen eye lacrimation foreign body sensation in eye itchiness of eye eye burns or stings cloudy eye,Iridocyclitis
pain in eye eye redness headache spots or clouds in vision symptoms of eye swollen eye lacrimation foreign body sensation in eye itchiness of eye,Iridocyclitis
pain in eye eye redness headache spots or clouds in vision symptoms of eye lacrimation foreign body sensation in eye itchiness of eye eye burns or stings cloudy eye,Iridocyclitis
pain in eye eye redness symptoms of eye swollen eye lacrimation itchiness of eye eye burns or stings cloudy eye,Iridocyclitis
pain in eye eye redness headache spots or clouds in vision symptoms of eye lacrimation foreign body sensation in eye itchiness of eye,Iridocyclitis
pain in testicles symptoms of the scrotum and testes groin pain swelling of scrotum infertility lower abdominal pain involuntary urination impotence skin growth penis pain pain of the anus,Varicocele of the testicles
pain in testicles symptoms of the scrotum and testes infertility lower abdominal pain involuntary urination impotence skin growth penis pain pain of the anus,Varicocele of the testicles
pain in testicles symptoms of the scrotum and testes groin pain swelling of scrotum infertility lower abdominal pain involuntary urination impotence skin growth,Varicocele of the testicles
pain in testicles symptoms of the scrotum and testes groin pain swelling of scrotum infertility involuntary urination impotence skin growth penis pain pain of the anus,Varicocele of the testicles
pain in testicles symptoms of the scrotum and testes infertility lower abdominal pain involuntary urination skin growth penis pain pain of the anus,Varicocele of the testicles
pain in testicles symptoms of the scrotum and testes groin pain swelling of scrotum infertility involuntary urination impotence skin growth,Varicocele of the testicles
sharp abdominal pain burning abdominal pain constipation nausea anxiety and nervousness lower abdominal pain upper abdominal pain regurgitation insomnia rectal bleeding flatulence,Irritable bowel syndrome
sharp abdominal pain burning abdominal pain anxiety and nervousness lower abdominal pain upper abdominal pain regurgitation insomnia rectal bleeding flatulence,Irritable bowel syndrome
sharp abdominal pain burning abdominal pain constipation nausea anxiety and nervousness lower abdominal pain upper abdominal pain regurgitation insomnia,Irritable bowel syndrome
sharp abdominal pain burning abdominal pain constipation nausea anxiety and nervousness upper abdominal pain regurgitation insomnia rectal bleeding flatulence,Irritable bowel syndrome
sharp abdominal pain burning abdominal pain anxiety and nervousness lower abdominal pain upper abdominal pain insomnia rectal bleeding flatulence,Irritable bowel syndrome
sharp abdominal pain burning abdominal pain constipation nausea anxiety and nervousness upper abdominal pain regurgitation insomnia,Irritable bowel syndrome
foot or toe pain foot or toe swelling ankle swelling foot or toe weakness foot or toe stiffness or tightness,Fracture of the foot
foot or toe pain foot or toe swelling foot or toe stiffness or tightness,Fracture of the foot
sharp abdominal pain pelvic pain vomiting side pain nausea burning abdominal pain painful menstruation vaginal discharge skin growth intermenstrual bleeding cramps and spasms,Ovarian cyst
sharp abdominal pain pelvic pain nausea burning abdominal pain painful menstruation vaginal discharge skin growth intermenstrual bleeding cramps and spasms,Ovarian cyst
sharp abdominal pain pelvic pain vomiting side pain nausea burning abdominal pain painful menstruation vaginal discharge skin growth,Ovarian cyst
sharp abdominal pain pelvic pain vomiting side pain nausea painful menstruation vaginal discharge skin growth intermenstrual bleeding cramps and spasms,Ovarian cyst
sharp abdominal pain pelvic pain nausea burning abdominal pain painful menstruation skin growth intermenstrual bleeding cramps and spasms,Ovarian cyst
sharp abdominal pain pelvic pain vomiting side pain nausea painful menstruation vaginal discharge skin growth,Ovarian cyst
penile discharge sharp abdominal pain painful urination vaginal pain vaginal itching itching of skin frequent urination lower abdominal pain pelvic pain groin pain penis pain,Chlamydia
penile discharge sharp abdominal pain vaginal itching itching of skin frequent urination lower abdominal pain pelvic pain groin pain penis pain,Chlamydia
penile discharge sharp abdominal pain painful urination vaginal pain vaginal itching itching of skin frequent urination lower abdominal pain pelvic pain,Chlamydia
penile discharge sharp abdominal pain painful urination vaginal pain vaginal itching frequent urination lower abdominal pain pelvic pain groin pain penis pain,Chlamydia
penile discharge sharp abdominal pain vaginal itching itching of skin frequent urination pelvic pain groin pain penis pain,Chlamydia
penile discharge sharp abdominal pain painful urination vaginal pain vaginal itching frequent urination lower abdominal pain pelvic pain,Chlamydia
sharp abdominal pain cough fever hand or finger swelling abnormal appearing skin coughing up sputum swollen lymph nodes retention of urine itching of skin vaginal pain painful sinuses,Parasitic disease
sharp abdominal pain cough abnormal appearing skin coughing up sputum swollen lymph nodes retention of urine itching of skin vaginal pain painful sinuses,Parasitic disease
sharp abdominal pain cough fever hand or finger swelling abnormal appearing skin coughing up sputum swollen lymph nodes retention of urine itching of skin,Parasitic disease
sharp abdominal pain cough fever hand or finger swelling abnormal appearing skin swollen lymph nodes retention of urine itching of skin vaginal pain painful sinuses,Parasitic disease
sharp abdominal pain cough abnormal appearing skin coughing up sputum swollen lymph nodes itching of skin vaginal pain painful sinuses,Parasitic disease
sharp abdominal pain cough fever hand or finger swelling abnormal appearing skin swollen lymph nodes retention of urine itching of skin,Parasitic disease
facial pain jaw swelling mouth pain pain in eye bleeding gums swollen eye bones are painful redness in ear bleeding in mouth gum pain skin irritation,Fracture of the jaw
facial pain jaw swelling bleeding gums swollen eye bones are painful redness in ear bleeding in mouth gum pain skin irritation,Fracture of the jaw
facial pain jaw swelling mouth pain pain in eye bleeding gums swollen eye bones are painful redness in ear bleeding in mouth,Fracture of the jaw
facial pain jaw swelling mouth pain pain in eye bleeding gums bones are painful redness in ear bleeding in mouth gum pain skin irritation,Fracture of the jaw
facial pain jaw swelling bleeding gums swollen eye bones are painful bleeding in mouth gum pain skin irritation,Fracture of the jaw
facial pain jaw swelling mouth pain pain in eye bleeding gums bones are painful redness in ear bleeding in mouth,Fracture of the jaw
pain in eye facial pain ankle pain wrist pain pain during pregnancy excessive anger joint stiffness or tightness pain or soreness of breast knee lump or mass fatigue excessive urination at night,Cytomegalovirus infection
pain in eye facial pain pain during pregnancy excessive anger joint stiffness or tightness pain or soreness of breast knee lump or mass fatigue excessive urination at night,Cytomegalovirus infection
pain in eye facial pain ankle pain wrist pain pain during pregnancy excessive anger joint stiffness or tightness pain or soreness of breast knee lump or mass,Cytomegalovirus infection
pain in eye facial pain ankle pain wrist pain pain during pregnancy joint stiffness or tightness pain or soreness of breast knee lump or mass fatigue excessive urination at night,Cytomegalovirus infection
pain in eye facial pain pain during pregnancy excessive anger joint stiffness or tightness knee lump or mass fatigue excessive urination at night,Cytomegalovirus infection
pain in eye facial pain ankle pain wrist pain pain during pregnancy joint stiffness or tightness pain or soreness of breast knee lump or mass,Cytomegalovirus infection
skin swelling arm lump or mass neck mass shoulder lump or mass skin growth skin lesion abnormal appearing skin groin mass leg lump or mass lump or mass of breast bones are painful,Lipoma
skin swelling arm lump or mass skin growth skin lesion abnormal appearing skin groin mass leg lump or mass lump or mass of breast bones are painful,Lipoma
skin swelling arm lump or mass neck mass shoulder lump or mass skin growth skin lesion abnormal appearing skin groin mass leg lump or mass,Lipoma
skin swelling arm lump or mass neck mass shoulder lump or mass skin growth abnormal appearing skin groin mass leg lump or mass lump or mass of breast bones are painful,Lipoma
skin swelling arm lump or mass skin growth skin lesion abnormal appearing skin leg lump or mass lump or mass of breast bones are painful,Lipoma
skin swelling arm lump or mass neck mass shoulder lump or mass skin growth abnormal appearing skin groin mass leg lump or mass,Lipoma
vaginal pain skin lesion fever vaginal discharge skin growth vulvar sore spotting or bleeding during pregnancy pelvic pain mass on vulva skin swelling groin pain,Female genitalia infection
vaginal pain skin lesion skin growth vulvar sore spotting or bleeding during pregnancy pelvic pain mass on vulva skin swelling groin pain,Female genitalia infection
vaginal pain skin lesion fever vaginal discharge skin growth vulvar sore spotting or bleeding during pregnancy pelvic pain mass on vulva,Female genitalia infection
vaginal pain skin lesion fever vaginal discharge skin growth spotting or bleeding during pregnancy pelvic pain mass on vulva skin swelling groin pain,Female genitalia infection
vaginal pain skin lesion skin growth vulvar sore spotting or bleeding during pregnancy mass on vulva skin swelling groin pain,Female genitalia infection
vaginal pain skin lesion fever vaginal discharge skin growth spotting or bleeding during pregnancy pelvic pain mass on vulva,Female genitalia infection
shortness of breath fatigue sharp chest pain cough feeling ill wheezing peripheral edema apnea hurts to breath palpitations hemoptysis,Pulmonary hypertension
shortness of breath fatigue feeling ill wheezing peripheral edema apnea hurts to breath palpitations hemoptysis,Pulmonary hypertension
shortness of breath fatigue sharp chest pain cough feeling ill wheezing peripheral edema apnea hurts to breath,Pulmonary hypertension
shortness of breath fatigue sharp chest pain cough feeling ill peripheral edema apnea hurts to breath palpitations hemoptysis,Pulmonary hypertension
shortness of breath fatigue feeling ill wheezing peripheral edema hurts to breath palpitations hemoptysis,Pulmonary hypertension
shortness of breath fatigue sharp chest pain cough feeling ill peripheral edema apnea hurts to breath,Pulmonary hypertension
difficulty in swallowing neck mass throat feels tight hoarse voice neck swelling lump in throat sleepiness weight gain diminished hearing abnormal movement of eyelid back weakness,Thyroid nodule
difficulty in swallowing neck mass neck swelling lump in throat sleepiness weight gain diminished hearing abnormal movement of eyelid back weakness,Thyroid nodule
difficulty in swallowing neck mass throat feels tight hoarse voice neck swelling lump in throat sleepiness weight gain diminished hearing,Thyroid nodule
difficulty in swallowing neck mass throat feels tight hoarse voice neck swelling sleepiness weight gain diminished hearing abnormal movement of eyelid back weakness,Thyroid nodule
difficulty in swallowing neck mass neck swelling lump in throat sleepiness diminished hearing abnormal movement of eyelid back weakness,Thyroid nodule
difficulty in swallowing neck mass throat feels tight hoarse voice neck swelling sleepiness weight gain diminished hearing,Thyroid nodule
toothache gum pain lip swelling mouth pain bleeding in mouth peripheral edema bleeding gums difficulty eating slurring words dry lips lump over jaw,Broken tooth
toothache gum pain bleeding in mouth peripheral edema bleeding gums difficulty eating slurring words dry lips lump over jaw,Broken tooth
toothache gum pain lip swelling mouth pain bleeding in mouth peripheral edema bleeding gums difficulty eating slurring words,Broken tooth
toothache gum pain lip swelling mouth pain bleeding in mouth bleeding gums difficulty eating slurring words dry lips lump over jaw,Broken tooth
toothache gum pain bleeding in mouth peripheral edema bleeding gums slurring words dry lips lump over jaw,Broken tooth
toothache gum pain lip swelling mouth pain bleeding in mouth bleeding gums difficulty eating slurring words,Broken tooth
nausea fatigue upper abdominal pain ear pain headache diarrhea weight gain vulvar sore excessive growth knee lump or mass itchy eyelid,Dumping syndrome
nausea fatigue headache diarrhea weight gain vulvar sore excessive growth knee lump or mass itchy eyelid,Dumping syndrome
nausea fatigue upper abdominal pain ear pain headache diarrhea weight gain vulvar sore excessive growth,Dumping syndrome
nausea fatigue upper abdominal pain ear pain headache weight gain vulvar sore excessive growth knee lump or mass itchy eyelid,Dumping syndrome
nausea fatigue headache diarrhea weight gain excessive growth knee lump or mass itchy eyelid,Dumping syndrome
nausea fatigue upper abdominal pain ear pain headache weight gain vulvar sore excessive growth,Dumping syndrome
sore throat sharp abdominal pain swollen lymph nodes neck pain neck mass neck swelling ear pain cough headache vomiting skin swelling,Lymphadenitis
sore throat sharp abdominal pain neck mass neck swelling ear pain cough headache vomiting skin swelling,Lymphadenitis
sore throat sharp abdominal pain swollen lymph nodes neck pain neck mass neck swelling ear pain cough headache,Lymphadenitis
sore throat sharp abdominal pain swollen lymph nodes neck pain neck mass ear pain cough headache vomiting skin swelling,Lymphadenitis
sore throat sharp abdominal pain neck mass neck swelling ear pain headache vomiting skin swelling,Lymphadenitis
sore throat sharp abdominal pain swollen lymph nodes neck pain neck mass ear pain cough headache,Lymphadenitis
neck pain facial pain ear pain bleeding from ear nosebleed mouth pain bleeding in mouth neck stiffness or tightness swollen eye redness in or around nose diminished hearing,Injury to the face
neck pain facial pain nosebleed mouth pain bleeding in mouth neck stiffness or tightness swollen eye redness in or around nose diminished hearing,Injury to the face
neck pain facial pain ear pain bleeding from ear nosebleed mouth pain bleeding in mouth neck stiffness or tightness swollen eye,Injury to the face
neck pain facial pain ear pain bleeding from ear nosebleed bleeding in mouth neck stiffness or tightness swollen eye redness in or around nose diminished hearing,Injury to the face
neck pain facial pain nosebleed mouth pain bleeding in mouth swollen eye redness in or around nose diminished hearing,Injury to the face
neck pain facial pain ear pain bleeding from ear nosebleed bleeding in mouth neck stiffness or tightness swollen eye,Injury to the face
shortness of breath sharp chest pain difficulty breathing palpitations fainting peripheral edema lymphedema increased heart rate irregular heartbeat leg cramps or spasms groin mass,Aortic valve disease
shortness of breath sharp chest pain fainting peripheral edema lymphedema increased heart rate irregular heartbeat leg cramps or spasms groin mass,Aortic valve disease
shortness of breath sharp chest pain difficulty breathing palpitations fainting peripheral edema lymphedema increased heart rate irregular heartbeat,Aortic valve disease
shortness of breath sharp chest pain difficulty breathing palpitations fainting lymphedema increased heart rate irregular heartbeat leg cramps or spasms groin mass,Aortic valve disease
shortness of breath sharp chest pain fainting peripheral edema lymphedema irregular heartbeat leg cramps or spasms groin mass,Aortic valve disease
shortness of breath sharp chest pain difficulty breathing palpitations fainting lymphedema increased heart rate irregular heartbeat,Aortic valve disease
joint pain ache all over hand or finger pain wrist pain peripheral edema hand or finger swelling joint swelling hand or finger weakness elbow swelling wrist swelling stiffness all over,Rheumatoid arthritis
joint pain ache all over peripheral edema hand or finger swelling joint swelling hand or finger weakness elbow swelling wrist swelling stiffness all over,Rheumatoid arthritis
joint pain ache all over hand or finger pain wrist pain peripheral edema hand or finger swelling joint swelling hand or finger weakness elbow swelling,Rheumatoid arthritis
joint pain ache all over hand or finger pain wrist pain peripheral edema joint swelling hand or finger weakness elbow swelling wrist swelling stiffness all over,Rheumatoid arthritis
joint pain ache all over peripheral edema hand or finger swelling joint swelling elbow swelling wrist swelling stiffness all over,Rheumatoid arthritis
joint pain ache all over hand or finger pain wrist pain peripheral edema joint swelling hand or finger weakness elbow swelling,Rheumatoid arthritis
pain in testicles swelling of scrotum retention of urine groin pain frequent urination skin growth impotence leg lump or mass muscle swelling low back weakness elbow weakness,Spermatocele
pain in testicles swelling of scrotum frequent urination skin growth impotence leg lump or mass muscle swelling low back weakness elbow weakness,Spermatocele
pain in testicles swelling of scrotum retention of urine groin pain frequent urination skin growth impotence leg lump or mass muscle swelling,Spermatocele
pain in testicles swelling of scrotum retention of urine groin pain frequent urination impotence leg lump or mass muscle swelling low back weakness elbow weakness,Spermatocele
pain in testicles swelling of scrotum frequent urination skin growth impotence muscle swelling low back weakness elbow weakness,Spermatocele
pain in testicles swelling of scrotum retention of urine groin pain frequent urination impotence leg lump or mass muscle swelling,Spermatocele
skin rash fever abnormal appearing skin cough itching of skin nasal congestion skin swelling skin on head or neck looks infected peripheral edema mouth ulcer sore in nose,Impetigo
skin rash fever itching of skin nasal congestion skin swelling skin on head or neck looks infected peripheral edema mouth ulcer sore in nose,Impetigo
skin rash fever abnormal appearing skin cough itching of skin nasal congestion skin swelling skin on head or neck looks infected peripheral edema,Impetigo
skin rash fever abnormal appearing skin cough itching of skin skin swelling skin on head or neck looks infected peripheral edema mouth ulcer sore in nose,Impetigo
skin rash fever itching of skin nasal congestion skin swelling peripheral edema mouth ulcer sore in nose,Impetigo
skin rash fever abnormal appearing skin cough itching of skin skin swelling skin on head or neck looks infected peripheral edema,Impetigo
pain of the anus blood in stool rectal bleeding low back cramps or spasms lower body pain discharge in stools constipation mass or swelling around the anus incontinence of stool mass in scrotum,Anal fistula
pain of the anus blood in stool lower body pain discharge in stools constipation mass or swelling around the anus incontinence of stool mass in scrotum,Anal fistula
pain of the anus blood in stool rectal bleeding low back cramps or spasms lower body pain discharge in stools constipation mass or swelling around the anus incontinence of stool,Anal fistula
pain of the anus blood in stool rectal bleeding low back cramps or spasms lower body pain constipation mass or swelling around the anus incontinence of stool mass in scrotum,Anal fistula
pain of the anus blood in stool lower body pain discharge in stools constipation incontinence of stool mass in scrotum,Anal fistula
pain of the anus blood in stool rectal bleeding low back cramps or spasms lower body pain constipation mass or swelling around the anus incontinence of stool,Anal fistula
depressive or psychotic symptoms leg stiffness or tightness skin rash vomiting leg swelling loss of sensation fainting elbow weakness wrist weakness feeling hot and cold emotional symptoms,Hypothermia
depressive or psychotic symptoms leg stiffness or tightness leg swelling loss of sensation fainting elbow weakness wrist weakness feeling hot and cold emotional symptoms,Hypothermia
depressive or psychotic symptoms leg stiffness or tightness skin rash vomiting leg swelling loss of sensation fainting elbow weakness wrist weakness,Hypothermia
depressive or psychotic symptoms leg stiffness or tightness skin rash vomiting leg swelling fainting elbow weakness wrist weakness feeling hot and cold emotional symptoms,Hypothermia
depressive or psychotic symptoms leg stiffness or tightness leg swelling loss of sensation fainting wrist weakness feeling hot and cold emotional symptoms,Hypothermia
depressive or psychotic symptoms leg stiffness or tightness skin rash vomiting leg swelling fainting elbow weakness wrist weakness,Hypothermia
depressive or psychotic symptoms hostile behavior restlessness fainting temper problems antisocial behavior obsessions and compulsions nightmares low self esteem low urine output,Oppositional disorder
depressive or psychotic symptoms hostile behavior temper problems antisocial behavior obsessions and compulsions nightmares low self esteem low urine output,Oppositional disorder
depressive or psychotic symptoms hostile behavior restlessness fainting temper problems antisocial behavior obsessions and compulsions nightmares low self esteem,Oppositional disorder
depressive or psychotic symptoms hostile behavior restlessness fainting temper problems obsessions and compulsions nightmares low self esteem low urine output,Oppositional disorder
depressive or psychotic symptoms hostile behavior temper problems antisocial behavior obsessions and compulsions low self esteem low urine output,Oppositional disorder
depressive or psychotic symptoms hostile behavior restlessness fainting temper problems obsessions and compulsions nightmares low self esteem,Oppositional disorder
headache vomiting dizziness diminished vision disturbance of memory spots or clouds in vision symptoms of the face blindness long menstrual periods,Migraine
headache vomiting disturbance of memory spots or clouds in vision symptoms of the face blindness long menstrual periods,Migraine
headache vomiting dizziness diminished vision disturbance of memory symptoms of the face blindness long menstrual periods,Migraine
headache vomiting disturbance of memory spots or clouds in vision symptoms of the face long menstrual periods,Migraine
skin lesion loss of sensation leg pain paresthesia problems with movement foot or toe swelling lymphedema skin on leg or foot looks infected poor circulation foot or toe stiffness or tightness hand or finger cramps or spasms,Diabetic peripheral neuropathy
skin lesion loss of sensation problems with movement foot or toe swelling lymphedema skin on leg or foot looks infected poor circulation foot or toe stiffness or tightness hand or finger cramps or spasms,Diabetic peripheral neuropathy
skin lesion loss of sensation leg pain paresthesia problems with movement foot or toe swelling lymphedema skin on leg or foot looks infected poor circulation,Diabetic peripheral neuropathy
skin lesion loss of sensation leg pain paresthesia problems with movement lymphedema skin on leg or foot looks infected poor circulation foot or toe stiffness or tightness hand or finger cramps or spasms,Diabetic peripheral neuropathy
skin lesion loss of sensation problems with movement foot or toe swelling lymphedema poor circulation foot or toe stiffness or tightness hand or finger cramps or spasms,Diabetic peripheral neuropathy
skin lesion loss of sensation leg pain paresthesia problems with movement lymphedema skin on leg or foot looks infected poor circulation,Diabetic peripheral neuropathy
impotence loss of sex drive symptoms of prostate symptoms of the scrotum and testes pain in testicles excessive urination at night skin moles excessive anger hoarse voice regurgitation mass in scrotum,Testicular disorder
impotence loss of sex drive pain in testicles excessive urination at night skin moles excessive anger hoarse voice regurgitation mass in scrotum,Testicular disorder
impotence loss of sex drive symptoms of prostate symptoms of the scrotum and testes pain in testicles excessive urination at night skin moles excessive anger hoarse voice,Testicular disorder
impotence loss of sex drive symptoms of prostate symptoms of the scrotum and testes pain in testicles skin moles excessive anger hoarse voice regurgitation mass in scrotum,Testicular disorder
impotence loss of sex drive pain in testicles excessive urination at night skin moles hoarse voice regurgitation mass in scrotum,Testicular disorder
impotence loss of sex drive symptoms of prostate symptoms of the scrotum and testes pain in testicles skin moles excessive anger hoarse voice,Testicular disorder
problems during pregnancy uterine contractions pelvic pressure itching of the anus hip stiffness or tightness excessive appetite mass on vulva vaginal redness,Gestational diabetes
problems during pregnancy uterine contractions hip stiffness or tightness excessive appetite mass on vulva vaginal redness,Gestational diabetes
problems during pregnancy uterine contractions pelvic pressure itching of the anus hip stiffness or tightness mass on vulva vaginal redness,Gestational diabetes
problems during pregnancy uterine contractions hip stiffness or tightness excessive appetite mass on vulva,Gestational diabetes
arm pain skin rash skin growth skin on arm or hand looks infected skin lesion skin swelling lower body pain groin mass acne or pimples arm swelling lump or mass of breast,Hidradenitis suppurativa
arm pain skin rash skin lesion skin swelling lower body pain groin mass acne or pimples arm swelling lump or mass of breast,Hidradenitis suppurativa
arm pain skin rash skin growth skin on arm or hand looks infected skin lesion skin swelling lower body pain groin mass acne or pimples,Hidradenitis suppurativa
arm pain skin rash skin growth skin on arm or hand looks infected skin lesion lower body pain groin mass acne or pimples arm swelling lump or mass of breast,Hidradenitis suppurativa
arm pain skin rash skin lesion skin swelling lower body pain acne or pimples arm swelling lump or mass of breast,Hidradenitis suppurativa
arm pain skin rash skin growth skin on arm or hand looks infected skin lesion lower body pain groin mass acne or pimples,Hidradenitis suppurativa
fever joint pain fatigue chills back pain ache all over hurts to breath hand or finger pain shoulder swelling hip stiffness or tightness vulvar sore,Valley fever
fever joint pain back pain ache all over hurts to breath hand or finger pain shoulder swelling hip stiffness or tightness vulvar sore,Valley fever
fever joint pain fatigue chills back pain ache all over hurts to breath hand or finger pain shoulder swelling,Valley fever
fever joint pain fatigue chills back pain hurts to breath hand or finger pain shoulder swelling hip stiffness or tightness vulvar sore,Valley fever
fever joint pain back pain ache all over hurts to breath shoulder swelling hip stiffness or tightness vulvar sore,Valley fever
fever joint pain fatigue chills back pain hurts to breath hand or finger pain shoulder swelling,Valley fever
eye redness pain in eye fever white discharge from eye nasal congestion itchiness of eye ear pain sore throat coryza symptoms of eye abnormal appearing skin,Conjunctivitis due to bacteria
eye redness pain in eye nasal congestion itchiness of eye ear pain sore throat coryza symptoms of eye abnormal appearing skin,Conjunctivitis due to bacteria
eye redness pain in eye fever white discharge from eye nasal congestion itchiness of eye ear pain sore throat coryza,Conjunctivitis due to bacteria
eye redness pain in eye fever white discharge from eye nasal congestion ear pain sore throat coryza symptoms of eye abnormal appearing skin,Conjunctivitis due to bacteria
eye redness pain in eye nasal congestion itchiness of eye ear pain coryza symptoms of eye abnormal appearing skin,Conjunctivitis due to bacteria
eye redness pain in eye fever white discharge from eye nasal congestion ear pain sore throat coryza,Conjunctivitis due to bacteria
disturbance of memory abnormal involuntary movements problems with movement loss of sensation depressive or psychotic symptoms dizziness weakness seizures rectal bleeding hostile behavior paresthesia,Lewy body dementia
disturbance of memory abnormal involuntary movements depressive or psychotic symptoms dizziness weakness seizures rectal bleeding hostile behavior paresthesia,Lewy body dementia
disturbance of memory abnormal involuntary movements problems with movement loss of sensation depressive or psychotic symptoms dizziness weakness seizures rectal bleeding,Lewy body dementia
disturbance of memory abnormal involuntary movements problems with movement loss of sensation depressive or psychotic symptoms weakness seizures rectal bleeding hostile behavior paresthesia,Lewy body dementia
disturbance of memory abnormal involuntary movements depressive or psychotic symptoms dizziness weakness rectal bleeding hostile behavior paresthesia,Lewy body dementia
disturbance of memory abnormal involuntary movements problems with movement loss of sensation depressive or psychotic symptoms weakness seizures rectal bleeding,Lewy body dementia
heartburn anxiety and nervousness increased heart rate stomach bloating ache all over itching of the anus depression focal weakness shoulder pain skin swelling emotional symptoms,Marfan syndrome
heartburn anxiety and nervousness ache all over itching of the anus depression focal weakness shoulder pain skin swelling emotional symptoms,Marfan syndrome
heartburn anxiety and nervousness increased heart rate stomach bloating ache all over itching of the anus depression focal weakness shoulder pain,Marfan syndrome
heartburn anxiety and nervousness increased heart rate stomach bloating ache all over depression focal weakness shoulder pain skin swelling emotional symptoms,Marfan syndrome
heartburn anxiety and nervousness ache all over itching of the anus depression shoulder pain skin swelling emotional symptoms,Marfan syndrome
heartburn anxiety and nervousness increased heart rate stomach bloating ache all over depression focal weakness shoulder pain,Marfan syndrome
weakness chills problems with movement disturbance of memory lip swelling stiffness all over hip lump or mass muscle pain swollen abdomen impotence symptoms of the face,Multiple myeloma
weakness chills lip swelling stiffness all over hip lump or mass muscle pain swollen abdomen impotence symptoms of the face,Multiple myeloma
weakness chills problems with movement disturbance of memory lip swelling stiffness all over hip lump or mass muscle pain swollen abdomen,Multiple myeloma
weakness chills problems with movement disturbance of memory lip swelling hip lump or mass muscle pain swollen abdomen impotence symptoms of the face,Multiple myeloma
weakness chills lip swelling stiffness all over hip lump or mass swollen abdomen impotence symptoms of the face,Multiple myeloma
weakness chills problems with movement disturbance of memory lip swelling hip lump or mass muscle pain swollen abdomen,Multiple myeloma
sharp abdominal pain vomiting fatigue weakness diarrhea burning abdominal pain fluid retention difficulty in swallowing constipation peripheral edema heartburn,Stomach cancer
sharp abdominal pain vomiting diarrhea burning abdominal pain fluid retention difficulty in swallowing constipation peripheral edema heartburn,Stomach cancer
sharp abdominal pain vomiting fatigue weakness diarrhea burning abdominal pain fluid retention difficulty in swallowing constipation,Stomach cancer
sharp abdominal pain vomiting fatigue weakness diarrhea fluid retention difficulty in swallowing constipation peripheral edema heartburn,Stomach cancer
sharp abdominal pain vomiting diarrhea burning abdominal pain fluid retention constipation peripheral edema heartburn,Stomach cancer
sharp abdominal pain vomiting fatigue weakness diarrhea fluid retention difficulty in swallowing constipation,Stomach cancer
depressive or psychotic symptoms hostile behavior lack of growth difficulty speaking temper problems obsessions and compulsions delusions or hallucinations restlessness excessive anger antisocial behavior fears and phobias,Developmental disability
depressive or psychotic symptoms hostile behavior temper problems obsessions and compulsions delusions or hallucinations restlessness excessive anger antisocial behavior fears and phobias,Developmental disability
depressive or psychotic symptoms hostile behavior lack of growth difficulty speaking temper problems obsessions and compulsions delusions or hallucinations restlessness excessive anger,Developmental disability
depressive or psychotic symptoms hostile behavior lack of growth difficulty speaking temper problems delusions or hallucinations restlessness excessive anger antisocial behavior fears and phobias,Developmental disability
depressive or psychotic symptoms hostile behavior temper problems obsessions and compulsions delusions or hallucinations excessive anger antisocial behavior fears and phobias,Developmental disability
depressive or psychotic symptoms hostile behavior lack of growth difficulty speaking temper problems delusions or hallucinations restlessness excessive anger,Developmental disability
anxiety and nervousness headache depressive or psychotic symptoms depression insomnia dizziness shortness of breath fatigue burning abdominal pain abnormal involuntary movements chest tightness,Acute stress reaction
anxiety and nervousness headache insomnia dizziness shortness of breath fatigue burning abdominal pain abnormal involuntary movements chest tightness,Acute stress reaction
anxiety and nervousness headache depressive or psychotic symptoms depression insomnia dizziness shortness of breath fatigue burning abdominal pain,Acute stress reaction
anxiety and nervousness headache depressive or psychotic symptoms depression insomnia shortness of breath fatigue burning abdominal pain abnormal involuntary movements chest tightness,Acute stress reaction
anxiety and nervousness headache insomnia dizziness shortness of breath burning abdominal pain abnormal involuntary movements chest tightness,Acute stress reaction
anxiety and nervousness headache depressive or psychotic symptoms depression insomnia shortness of breath fatigue burning abdominal pain,Acute stress reaction
disturbance of memory depression problems with movement hostile behavior delusions or hallucinations abnormal involuntary movements focal weakness difficulty speaking hysterical behavior disturbance of smell or taste slurring words,Delirium
disturbance of memory depression delusions or hallucinations abnormal involuntary movements focal weakness difficulty speaking hysterical behavior disturbance of smell or taste slurring words,Delirium
disturbance of memory depression problems with movement hostile behavior delusions or hallucinations abnormal involuntary movements focal weakness difficulty speaking hysterical behavior,Delirium
disturbance of memory depression problems with movement hostile behavior delusions or hallucinations focal weakness difficulty speaking hysterical behavior disturbance of smell or taste slurring words,Delirium
disturbance of memory depression delusions or hallucinations abnormal involuntary movements focal weakness hysterical behavior disturbance of smell or taste slurring words,Delirium
disturbance of memory depression problems with movement hostile behavior delusions or hallucinations focal weakness difficulty speaking hysterical behavior,Delirium
leg weakness loss of sensation fever ache all over dizziness paresthesia hand or finger pain weakness difficulty speaking problems with movement facial pain,Guillain Barre syndrome
leg weakness loss of sensation dizziness paresthesia hand or finger pain weakness difficulty speaking problems with movement facial pain,Guillain Barre syndrome
leg weakness loss of sensation fever ache all over dizziness paresthesia hand or finger pain weakness difficulty speaking,Guillain Barre syndrome
leg weakness loss of sensation fever ache all over dizziness hand or finger pain weakness difficulty speaking problems with movement facial pain,Guillain Barre syndrome
leg weakness loss of sensation dizziness paresthesia hand or finger pain difficulty speaking problems with movement facial pain,Guillain Barre syndrome
leg weakness loss of sensation fever ache all over dizziness hand or finger pain weakness difficulty speaking,Guillain Barre syndrome
low back pain leg pain neck pain hip pain lower body pain side pain back cramps or spasms muscle pain low back stiffness or tightness low back cramps or spasms,Lumbago
low back pain leg pain lower body pain side pain back cramps or spasms muscle pain low back stiffness or tightness low back cramps or spasms,Lumbago
low back pain leg pain neck pain hip pain lower body pain side pain back cramps or spasms muscle pain low back stiffness or tightness,Lumbago
low back pain leg pain neck pain hip pain lower body pain back cramps or spasms muscle pain low back stiffness or tightness low back cramps or spasms,Lumbago
low back pain leg pain lower body pain side pain back cramps or spasms low back stiffness or tightness low back cramps or spasms,Lumbago
low back pain leg pain neck pain hip pain lower body pain back cramps or spasms muscle pain low back stiffness or tightness,Lumbago
nasal congestion headache allergic reaction difficulty breathing painful sinuses apnea sore throat facial pain frontal headache plugged feeling in ear nosebleed,Deviated nasal septum
nasal congestion headache painful sinuses apnea sore throat facial pain frontal headache plugged feeling in ear nosebleed,Deviated nasal septum
nasal congestion headache allergic reaction difficulty breathing painful sinuses apnea sore throat facial pain frontal headache,Deviated nasal septum
nasal congestion headache allergic reaction difficulty breathing painful sinuses sore throat facial pain frontal headache plugged feeling in ear nosebleed,Deviated nasal septum
nasal congestion headache painful sinuses apnea sore throat frontal headache plugged feeling in ear nosebleed,Deviated nasal septum
nasal congestion headache allergic reaction difficulty breathing painful sinuses sore throat facial pain frontal headache,Deviated nasal septum
joint stiffness or tightness eye strain excessive growth pelvic pressure vulvar sore bedwetting loss of sex drive neck cramps or spasms shoulder swelling nailbiting shoulder cramps or spasms,Patau syndrome
joint stiffness or tightness eye strain vulvar sore bedwetting loss of sex drive neck cramps or spasms shoulder swelling nailbiting shoulder cramps or spasms,Patau syndrome
joint stiffness or tightness eye strain excessive growth pelvic pressure vulvar sore bedwetting loss of sex drive neck cramps or spasms shoulder swelling,Patau syndrome
joint stiffness or tightness eye strain excessive growth pelvic pressure vulvar sore loss of sex drive neck cramps or spasms shoulder swelling nailbiting shoulder cramps or spasms,Patau syndrome
joint stiffness or tightness eye strain vulvar sore bedwetting loss of sex drive shoulder swelling nailbiting shoulder cramps or spasms,Patau syndrome
joint stiffness or tightness eye strain excessive growth pelvic pressure vulvar sore loss of sex drive neck cramps or spasms shoulder swelling,Patau syndrome
skin lesion foot or toe pain poor circulation lymphedema leg cramps or spasms feeling cold hemoptysis symptoms of the kidneys,Peripheral arterial disease
skin lesion foot or toe pain leg cramps or spasms feeling cold hemoptysis symptoms of the kidneys,Peripheral arterial disease
skin lesion foot or toe pain poor circulation lymphedema leg cramps or spasms hemoptysis symptoms of the kidneys,Peripheral arterial disease
skin lesion foot or toe pain leg cramps or spasms feeling cold hemoptysis,Peripheral arterial disease
back pain leg pain neck pain hip pain loss of sensation side pain lower body pain groin pain back cramps or spasms leg weakness back stiffness or tightness,Chronic back pain
back pain leg pain loss of sensation side pain lower body pain groin pain back cramps or spasms leg weakness back stiffness or tightness,Chronic back pain
back pain leg pain neck pain hip pain loss of sensation side pain lower body pain groin pain back cramps or spasms,Chronic back pain
back pain leg pain neck pain hip pain loss of sensation lower body pain groin pain back cramps or spasms leg weakness back stiffness or tightness,Chronic back pain
back pain leg pain loss of sensation side pain lower body pain back cramps or spasms leg weakness back stiffness or tightness,Chronic back pain
back pain leg pain neck pain hip pain loss of sensation lower body pain groin pain back cramps or spasms,Chronic back pain
shortness of breath difficulty breathing peripheral edema cough weakness chest tightness leg swelling weight gain fluid retention palpitations hurts to breath,Heart failure
shortness of breath difficulty breathing weakness chest tightness leg swelling weight gain fluid retention palpitations hurts to breath,Heart failure
shortness of breath difficulty breathing peripheral edema cough weakness chest tightness leg swelling weight gain fluid retention,Heart failure
shortness of breath difficulty breathing peripheral edema cough weakness leg swelling weight gain fluid retention palpitations hurts to breath,Heart failure
shortness of breath difficulty breathing weakness chest tightness leg swelling fluid retention palpitations hurts to breath,Heart failure
shortness of breath difficulty breathing peripheral edema cough weakness leg swelling weight gain fluid retention,Heart failure
eye redness cough nasal congestion fever itchiness of eye swollen eye white discharge from eye lacrimation symptoms of eye sore throat coryza,Conjunctivitis
eye redness cough itchiness of eye swollen eye white discharge from eye lacrimation symptoms of eye sore throat coryza,Conjunctivitis
eye redness cough nasal congestion fever itchiness of eye swollen eye white discharge from eye lacrimation symptoms of eye,Conjunctivitis
eye redness cough nasal congestion fever itchiness of eye white discharge from eye lacrimation symptoms of eye sore throat coryza,Conjunctivitis
eye redness cough itchiness of eye swollen eye white discharge from eye symptoms of eye sore throat coryza,Conjunctivitis
eye redness cough nasal congestion fever itchiness of eye white discharge from eye lacrimation symptoms of eye,Conjunctivitis
low back pain leg pain neck pain loss of sensation shoulder pain hip pain lower body pain arm pain paresthesia leg weakness arm weakness,Herniated disk
low back pain leg pain shoulder pain hip pain lower body pain arm pain paresthesia leg weakness arm weakness,Herniated disk
low back pain leg pain neck pain loss of sensation shoulder pain hip pain lower body pain arm pain paresthesia,Herniated disk
low back pain leg pain neck pain loss of sensation shoulder pain lower body pain arm pain paresthesia leg weakness arm weakness,Herniated disk
low back pain leg pain shoulder pain hip pain lower body pain paresthesia leg weakness arm weakness,Herniated disk
low back pain leg pain neck pain loss of sensation shoulder pain lower body pain arm pain paresthesia,Herniated disk
sharp chest pain arm pain fatigue loss of sensation leg pain peripheral edema weakness vomiting ache all over headache hoarse voice,Rhabdomyolysis
sharp chest pain arm pain leg pain peripheral edema weakness vomiting ache all over headache hoarse voice,Rhabdomyolysis
sharp chest pain arm pain fatigue loss of sensation leg pain peripheral edema weakness vomiting ache all over,Rhabdomyolysis
sharp chest pain arm pain fatigue loss of sensation leg pain weakness vomiting ache all over headache hoarse voice,Rhabdomyolysis
sharp chest pain arm pain leg pain peripheral edema weakness ache all over headache hoarse voice,Rhabdomyolysis
sharp chest pain arm pain fatigue loss of sensation leg pain weakness vomiting ache all over,Rhabdomyolysis
pain or soreness of breast abnormal appearing skin fever bleeding or discharge from nipple postpartum problems of the breast recent pregnancy chills bones are painful skin growth long menstrual periods mouth dryness,Breast infection (mastitis)
pain or soreness of breast abnormal appearing skin postpartum problems of the breast recent pregnancy chills bones are painful skin growth long menstrual periods mouth dryness,Breast infection (mastitis)
pain or soreness of breast abnormal appearing skin fever bleeding or discharge from nipple postpartum problems of the breast recent pregnancy chills bones are painful skin growth,Breast infection (mastitis)
pain or soreness of breast abnormal appearing skin fever bleeding or discharge from nipple postpartum problems of the breast chills bones are painful skin growth long menstrual periods mouth dryness,Breast infection (mastitis)
pain or soreness of breast abnormal appearing skin postpartum problems of the breast recent pregnancy chills skin growth long menstrual periods mouth dryness,Breast infection (mastitis)
pain or soreness of breast abnormal appearing skin fever bleeding or discharge from nipple postpartum problems of the breast chills bones are painful skin growth,Breast infection (mastitis)
sharp abdominal pain shortness of breath sharp chest pain side pain burning abdominal pain swollen abdomen palpitations retention of urine arm swelling groin pain pallor,Abdominal aortic aneurysm
sharp abdominal pain shortness of breath burning abdominal pain swollen abdomen palpitations retention of urine arm swelling groin pain pallor,Abdominal aortic aneurysm
sharp abdominal pain shortness of breath sharp chest pain side pain burning abdominal pain swollen abdomen palpitations retention of urine arm swelling,Abdominal aortic aneurysm
sharp abdominal pain shortness of breath sharp chest pain side pain burning abdominal pain palpitations retention of urine arm swelling groin pain pallor,Abdominal aortic aneurysm
sharp abdominal pain shortness of breath burning abdominal pain swollen abdomen palpitations arm swelling groin pain pallor,Abdominal aortic aneurysm
sharp abdominal pain shortness of breath sharp chest pain side pain burning abdominal pain palpitations retention of urine arm swelling,Abdominal aortic aneurysm
shortness of breath difficulty breathing cough leg pain back pain side pain weakness chest tightness hemoptysis leg swelling sweating,Pulmonary embolism
shortness of breath difficulty breathing back pain side pain weakness chest tightness hemoptysis leg swelling sweating,Pulmonary embolism
shortness of breath difficulty breathing cough leg pain back pain side pain weakness chest tightness hemoptysis,Pulmonary embolism
shortness of breath difficulty breathing cough leg pain back pain weakness chest tightness hemoptysis leg swelling sweating,Pulmonary embolism
shortness of breath difficulty breathing back pain side pain weakness hemoptysis leg swelling sweating,Pulmonary embolism
shortness of breath difficulty breathing cough leg pain back pain weakness chest tightness hemoptysis,Pulmonary embolism
depressive or psychotic symptoms excessive anger seizures depression fainting temper problems abusing alcohol restlessness hysterical behavior delusions or hallucinations lack of growth,Conduct disorder
depressive or psychotic symptoms excessive anger fainting temper problems abusing alcohol restlessness hysterical behavior delusions or hallucinations lack of growth,Conduct disorder
depressive or psychotic symptoms excessive anger seizures depression fainting temper problems abusing alcohol restlessness hysterical behavior,Conduct disorder
depressive or psychotic symptoms excessive anger seizures depression fainting abusing alcohol restlessness hysterical behavior delusions or hallucinations lack of growth,Conduct disorder
depressive or psychotic symptoms excessive anger fainting temper problems abusing alcohol hysterical behavior delusions or hallucinations lack of growth,Conduct disorder
depressive or psychotic symptoms excessive anger seizures depression fainting abusing alcohol restlessness hysterical behavior,Conduct disorder
pain in eye facial pain ankle pain wrist pain pain during pregnancy excessive anger joint stiffness or tightness pain or soreness of breast knee lump or mass fatigue excessive urination at night,Air embolism
pain in eye facial pain pain during pregnancy excessive anger joint stiffness or tightness pain or soreness of breast knee lump or mass fatigue excessive urination at night,Air embolism
pain in eye facial pain ankle pain wrist pain pain during pregnancy excessive anger joint stiffness or tightness pain or soreness of breast knee lump or mass,Air embolism
pain in eye facial pain ankle pain wrist pain pain during pregnancy joint stiffness or tightness pain or soreness of breast knee lump or mass fatigue excessive urination at night,Air embolism
pain in eye facial pain pain during pregnancy excessive anger joint stiffness or tightness knee lump or mass fatigue excessive urination at night,Air embolism
pain in eye facial pain ankle pain wrist pain pain during pregnancy joint stiffness or tightness pain or soreness of breast knee lump or mass,Air embolism
lump or mass of breast problems with shape or size of breast skin swelling arm stiffness or tightness smoking problems burning chest pain regurgitation leg cramps or spasms swollen lymph nodes heartburn hand or finger stiffness or tightness,Mastectomy
lump or mass of breast problems with shape or size of breast smoking problems burning chest pain regurgitation leg cramps or spasms swollen lymph nodes heartburn hand or finger stiffness or tightness,Mastectomy
lump or mass of breast problems with shape or size of breast skin swelling arm stiffness or tightness smoking problems burning chest pain regurgitation leg cramps or spasms swollen lymph nodes,Mastectomy
lump or mass of breast problems with shape or size of breast skin swelling arm stiffness or tightness smoking problems regurgitation leg cramps or spasms swollen lymph nodes heartburn hand or finger stiffness or tightness,Mastectomy
lump or mass of breast problems with shape or size of breast smoking problems burning chest pain regurgitation swollen lymph nodes heartburn hand or finger stiffness or tightness,Mastectomy
lump or mass of breast problems with shape or size of breast skin swelling arm stiffness or tightness smoking problems regurgitation leg cramps or spasms swollen lymph nodes,Mastectomy
pain in testicles groin pain sharp abdominal pain side pain lower abdominal pain painful urination blood in urine retention of urine lower body pain swollen abdomen mass in scrotum,Epididymitis
pain in testicles groin pain lower abdominal pain painful urination blood in urine retention of urine lower body pain swollen abdomen mass in scrotum,Epididymitis
pain in testicles groin pain sharp abdominal pain side pain lower abdominal pain painful urination blood in urine retention of urine lower body pain,Epididymitis
pain in testicles groin pain sharp abdominal pain side pain lower abdominal pain blood in urine retention of urine lower body pain swollen abdomen mass in scrotum,Epididymitis
pain in testicles groin pain lower abdominal pain painful urination blood in urine lower body pain swollen abdomen mass in scrotum,Epididymitis
pain in testicles groin pain sharp abdominal pain side pain lower abdominal pain blood in urine retention of urine lower body pain,Epididymitis
uterine contractions weight gain seizures spotting or bleeding during pregnancy coryza sharp abdominal pain muscle swelling low back weakness elbow weakness abnormal size or shape of ear back weakness,Premature rupture of amniotic membrane
uterine contractions weight gain coryza sharp abdominal pain muscle swelling low back weakness elbow weakness abnormal size or shape of ear back weakness,Premature rupture of amniotic membrane
uterine contractions weight gain seizures spotting or bleeding during pregnancy coryza sharp abdominal pain muscle swelling low back weakness elbow weakness,Premature rupture of amniotic membrane
uterine contractions weight gain seizures spotting or bleeding during pregnancy coryza muscle swelling low back weakness elbow weakness abnormal size or shape of ear back weakness,Premature rupture of amniotic membrane
uterine contractions weight gain coryza sharp abdominal pain muscle swelling elbow weakness abnormal size or shape of ear back weakness,Premature rupture of amniotic membrane
uterine contractions weight gain seizures spotting or bleeding during pregnancy coryza muscle swelling low back weakness elbow weakness,Premature rupture of amniotic membrane
skin rash skin lesion warts itching of skin arm lump or mass abnormal appearing skin acne or pimples skin growth bumps on penis knee lump or mass skin dryness,Molluscum contagiosum
skin rash skin lesion arm lump or mass abnormal appearing skin acne or pimples skin growth bumps on penis knee lump or mass skin dryness,Molluscum contagiosum
skin rash skin lesion warts itching of skin arm lump or mass abnormal appearing skin acne or pimples skin growth bumps on penis,Molluscum contagiosum
skin rash skin lesion warts itching of skin arm lump or mass acne or pimples skin growth bumps on penis knee lump or mass skin dryness,Molluscum contagiosum
skin rash skin lesion arm lump or mass abnormal appearing skin acne or pimples bumps on penis knee lump or mass skin dryness,Molluscum contagiosum
skin rash skin lesion warts itching of skin arm lump or mass acne or pimples skin growth bumps on penis,Molluscum contagiosum
leg pain peripheral edema hand or finger pain vaginal pain arm swelling skin lesion abnormal appearing skin leg swelling elbow cramps or spasms elbow weakness excessive growth,Necrotizing fasciitis
leg pain peripheral edema arm swelling skin lesion abnormal appearing skin leg swelling elbow cramps or spasms elbow weakness excessive growth,Necrotizing fasciitis
leg pain peripheral edema hand or finger pain vaginal pain arm swelling skin lesion abnormal appearing skin leg swelling elbow cramps or spasms,Necrotizing fasciitis
leg pain peripheral edema hand or finger pain vaginal pain arm swelling abnormal appearing skin leg swelling elbow cramps or spasms elbow weakness excessive growth,Necrotizing fasciitis
leg pain peripheral edema arm swelling skin lesion abnormal appearing skin elbow cramps or spasms elbow weakness excessive growth,Necrotizing fasciitis
leg pain peripheral edema hand or finger pain vaginal pain arm swelling abnormal appearing skin leg swelling elbow cramps or spasms,Necrotizing fasciitis
vaginal discharge vaginal itching problems during pregnancy burning abdominal pain painful urination pelvic pain vaginal pain suprapubic pain pain during pregnancy frequent urination vaginal redness,Benign vaginal discharge (leukorrhea)
vaginal discharge vaginal itching painful urination pelvic pain vaginal pain suprapubic pain pain during pregnancy frequent urination vaginal redness,Benign vaginal discharge (leukorrhea)
vaginal discharge vaginal itching problems during pregnancy burning abdominal pain painful urination pelvic pain vaginal pain suprapubic pain pain during pregnancy,Benign vaginal discharge (leukorrhea)
vaginal discharge vaginal itching problems during pregnancy burning abdominal pain painful urination vaginal pain suprapubic pain pain during pregnancy frequent urination vaginal redness,Benign vaginal discharge (leukorrhea)
vaginal discharge vaginal itching painful urination pelvic pain vaginal pain pain during pregnancy frequent urination vaginal redness,Benign vaginal discharge (leukorrhea)
vaginal discharge vaginal itching problems during pregnancy burning abdominal pain painful urination vaginal pain suprapubic pain pain during pregnancy,Benign vaginal discharge (leukorrhea)
retention of urine impotence frequent urination symptoms of prostate suprapubic pain blood in urine hesitancy peripheral edema involuntary urination excessive urination at night bedwetting,Bladder obstruction
retention of urine impotence suprapubic pain blood in urine hesitancy peripheral edema involuntary urination excessive urination at night bedwetting,Bladder obstruction
retention of urine impotence frequent urination symptoms of prostate suprapubic pain blood in urine hesitancy peripheral edema involuntary urination,Bladder obstruction
retention of urine impotence frequent urination symptoms of prostate suprapubic pain hesitancy peripheral edema involuntary urination excessive urination at night bedwetting,Bladder obstruction
retention of urine impotence suprapubic pain blood in urine hesitancy involuntary urination excessive urination at night bedwetting,Bladder obstruction
retention of urine impotence frequent urination symptoms of prostate suprapubic pain hesitancy peripheral edema involuntary urination,Bladder obstruction
skin lesion skin moles irregular appearing scalp skin swelling skin growth swollen lymph nodes back mass or lump skin irritation skin dryness,Melanoma
skin lesion skin moles skin growth swollen lymph nodes back mass or lump skin irritation skin dryness,Melanoma
skin lesion skin moles irregular appearing scalp skin swelling skin growth back mass or lump skin irritation skin dryness,Melanoma
skin lesion skin moles skin growth swollen lymph nodes back mass or lump skin dryness,Melanoma
sharp abdominal pain pelvic pain vaginal discharge vaginal itching intermenstrual bleeding painful urination painful menstruation pain during intercourse vaginal pain hot flashes focal weakness,Cervical disorder
sharp abdominal pain pelvic pain intermenstrual bleeding painful urination painful menstruation pain during intercourse vaginal pain hot flashes focal weakness,Cervical disorder
sharp abdominal pain pelvic pain vaginal discharge vaginal itching intermenstrual bleeding painful urination painful menstruation pain during intercourse vaginal pain,Cervical disorder
sharp abdominal pain pelvic pain vaginal discharge vaginal itching intermenstrual bleeding painful menstruation pain during intercourse vaginal pain hot flashes focal weakness,Cervical disorder
sharp abdominal pain pelvic pain intermenstrual bleeding painful urination painful menstruation vaginal pain hot flashes focal weakness,Cervical disorder
sharp abdominal pain pelvic pain vaginal discharge vaginal itching intermenstrual bleeding painful menstruation pain during intercourse vaginal pain,Cervical disorder
sore throat cough nasal congestion fever coryza ear pain difficulty in swallowing throat feels tight allergic reaction sinus congestion difficulty speaking,Laryngitis
sore throat cough coryza ear pain difficulty in swallowing throat feels tight allergic reaction sinus congestion difficulty speaking,Laryngitis
sore throat cough nasal congestion fever coryza ear pain difficulty in swallowing throat feels tight allergic reaction,Laryngitis
sore throat cough nasal congestion fever coryza difficulty in swallowing throat feels tight allergic reaction sinus congestion difficulty speaking,Laryngitis
sore throat cough coryza ear pain difficulty in swallowing allergic reaction sinus congestion difficulty speaking,Laryngitis
sore throat cough nasal congestion fever coryza difficulty in swallowing throat feels tight allergic reaction,Laryngitis
depressive or psychotic symptoms arm pain slurring words dizziness vomiting difficulty speaking abusing alcohol feeling ill sleepiness arm weakness problems with movement,Poisoning due to opioids
depressive or psychotic symptoms arm pain vomiting difficulty speaking abusing alcohol feeling ill sleepiness arm weakness problems with movement,Poisoning due to opioids
depressive or psychotic symptoms arm pain slurring words dizziness vomiting difficulty speaking abusing alcohol feeling ill sleepiness,Poisoning due to opioids
depressive or psychotic symptoms arm pain slurring words dizziness vomiting abusing alcohol feeling ill sleepiness arm weakness problems with movement,Poisoning due to opioids
depressive or psychotic symptoms arm pain vomiting difficulty speaking abusing alcohol sleepiness arm weakness problems with movement,Poisoning due to opioids
depressive or psychotic symptoms arm pain slurring words dizziness vomiting abusing alcohol feeling ill sleepiness,Poisoning due to opioids
diaper rash diarrhea fever cough nasal congestion vomiting blood in stool irritable infant pulling at ears redness in ear temper problems,Diaper rash
diaper rash diarrhea nasal congestion vomiting blood in stool irritable infant pulling at ears redness in ear temper problems,Diaper rash
diaper rash diarrhea fever cough nasal congestion vomiting blood in stool irritable infant pulling at ears,Diaper rash
diaper rash diarrhea fever cough nasal congestion blood in stool irritable infant pulling at ears redness in ear temper problems,Diaper rash
diaper rash diarrhea nasal congestion vomiting blood in stool pulling at ears redness in ear temper problems,Diaper rash
diaper rash diarrhea fever cough nasal congestion blood in stool irritable infant pulling at ears,Diaper rash
sharp abdominal pain nausea burning abdominal pain upper abdominal pain vomiting blood sharp chest pain headache blood in stool changes in stool appearance melena heartburn,Gastroduodenal ulcer
sharp abdominal pain nausea vomiting blood sharp chest pain headache blood in stool changes in stool appearance melena heartburn,Gastroduodenal ulcer
sharp abdominal pain nausea burning abdominal pain upper abdominal pain vomiting blood sharp chest pain headache blood in stool changes in stool appearance,Gastroduodenal ulcer
sharp abdominal pain nausea burning abdominal pain upper abdominal pain vomiting blood headache blood in stool changes in stool appearance melena heartburn,Gastroduodenal ulcer
sharp abdominal pain nausea vomiting blood sharp chest pain headache changes in stool appearance melena heartburn,Gastroduodenal ulcer
sharp abdominal pain nausea burning abdominal pain upper abdominal pain vomiting blood headache blood in stool changes in stool appearance,Gastroduodenal ulcer
groin pain sharp abdominal pain lower abdominal pain ache all over swollen abdomen swelling of scrotum pain in testicles mass in scrotum symptoms of the scrotum and testes penis redness,Inguinal hernia
groin pain sharp abdominal pain swollen abdomen swelling of scrotum pain in testicles mass in scrotum symptoms of the scrotum and testes penis redness,Inguinal hernia
groin pain sharp abdominal pain lower abdominal pain ache all over swollen abdomen swelling of scrotum pain in testicles mass in scrotum symptoms of the scrotum and testes,Inguinal hernia
groin pain sharp abdominal pain lower abdominal pain ache all over swollen abdomen pain in testicles mass in scrotum symptoms of the scrotum and testes penis redness,Inguinal hernia
groin pain sharp abdominal pain swollen abdomen swelling of scrotum pain in testicles symptoms of the scrotum and testes penis redness,Inguinal hernia
groin pain sharp abdominal pain lower abdominal pain ache all over swollen abdomen pain in testicles mass in scrotum symptoms of the scrotum and testes,Inguinal hernia
depressive or psychotic symptoms depression temper problems lack of growth fainting antisocial behavior delusions or hallucinations hostile behavior excessive anger obsessions and compulsions nightmares,Asperger syndrome
depressive or psychotic symptoms depression fainting antisocial behavior delusions or hallucinations hostile behavior excessive anger obsessions and compulsions nightmares,Asperger syndrome
depressive or psychotic symptoms depression temper problems lack of growth fainting antisocial behavior delusions or hallucinations hostile behavior excessive anger,Asperger syndrome
depressive or psychotic symptoms depression temper problems lack of growth fainting delusions or hallucinations hostile behavior excessive anger obsessions and compulsions nightmares,Asperger syndrome
depressive or psychotic symptoms depression fainting antisocial behavior delusions or hallucinations excessive anger obsessions and compulsions nightmares,Asperger syndrome
depressive or psychotic symptoms depression temper problems lack of growth fainting delusions or hallucinations hostile behavior excessive anger,Asperger syndrome
fever sore throat decreased appetite mouth pain tongue lesions gum pain difficulty in swallowing vomiting irritable infant swollen tongue tongue pain,Mucositis
fever sore throat tongue lesions gum pain difficulty in swallowing vomiting irritable infant swollen tongue tongue pain,Mucositis
fever sore throat decreased appetite mouth pain tongue lesions gum pain difficulty in swallowing vomiting irritable infant,Mucositis
fever sore throat decreased appetite mouth pain tongue lesions difficulty in swallowing vomiting irritable infant swollen tongue tongue pain,Mucositis
fever sore throat tongue lesions gum pain difficulty in swallowing irritable infant swollen tongue tongue pain,Mucositis
fever sore throat decreased appetite mouth pain tongue lesions difficulty in swallowing vomiting irritable infant,Mucositis
hand or finger pain irregular appearing nails hand or finger swelling foot or toe pain abnormal appearing skin skin on leg or foot looks infected foot or toe swelling hand or finger lump or mass sinus congestion nailbiting skin dryness,Paronychia
hand or finger pain irregular appearing nails abnormal appearing skin skin on leg or foot looks infected foot or toe swelling hand or finger lump or mass sinus congestion nailbiting skin dryness,Paronychia
hand or finger pain irregular appearing nails hand or finger swelling foot or toe pain abnormal appearing skin skin on leg or foot looks infected foot or toe swelling hand or finger lump or mass sinus congestion,Paronychia
hand or finger pain irregular appearing nails hand or finger swelling foot or toe pain abnormal appearing skin foot or toe swelling hand or finger lump or mass sinus congestion nailbiting skin dryness,Paronychia
hand or finger pain irregular appearing nails abnormal appearing skin skin on leg or foot looks infected foot or toe swelling sinus congestion nailbiting skin dryness,Paronychia
hand or finger pain irregular appearing nails hand or finger swelling foot or toe pain abnormal appearing skin foot or toe swelling hand or finger lump or mass sinus congestion,Paronychia
facial pain symptoms of the face wrist swelling mouth pain,Open wound of the jaw
facial pain symptoms of the face,Open wound of the jaw
fever sharp abdominal pain nausea cough diarrhea weakness fatigue chills fluid retention mouth pain heartburn,White blood cell disease
fever sharp abdominal pain diarrhea weakness fatigue chills fluid retention mouth pain heartburn,White blood cell disease
fever sharp abdominal pain nausea cough diarrhea weakness fatigue chills fluid retention,White blood cell disease
fever sharp abdominal pain nausea cough diarrhea fatigue chills fluid retention mouth pain heartburn,White blood cell disease
fever sharp abdominal pain diarrhea weakness fatigue fluid retention mouth pain heartburn,White blood cell disease
fever sharp abdominal pain nausea cough diarrhea fatigue chills fluid retention,White blood cell disease
leg pain cough lip swelling skin lesion depression sharp abdominal pain elbow cramps or spasms elbow weakness excessive growth underweight low back weakness,Kaposi sarcoma
leg pain cough depression sharp abdominal pain elbow cramps or spasms elbow weakness excessive growth underweight low back weakness,Kaposi sarcoma
leg pain cough lip swelling skin lesion depression sharp abdominal pain elbow cramps or spasms elbow weakness excessive growth,Kaposi sarcoma
leg pain cough lip swelling skin lesion depression elbow cramps or spasms elbow weakness excessive growth underweight low back weakness,Kaposi sarcoma
leg pain cough depression sharp abdominal pain elbow cramps or spasms excessive growth underweight low back weakness,Kaposi sarcoma
leg pain cough lip swelling skin lesion depression elbow cramps or spasms elbow weakness excessive growth,Kaposi sarcoma
low back pain leg pain hip pain lower body pain neck pain loss of sensation paresthesia problems with movement leg weakness leg cramps or spasms pain or soreness of breast,Spondylolisthesis
low back pain leg pain neck pain loss of sensation paresthesia problems with movement leg weakness leg cramps or spasms pain or soreness of breast,Spondylolisthesis
low back pain leg pain hip pain lower body pain neck pain loss of sensation paresthesia problems with movement leg weakness,Spondylolisthesis
low back pain leg pain hip pain lower body pain neck pain paresthesia problems with movement leg weakness leg cramps or spasms pain or soreness of breast,Spondylolisthesis
low back pain leg pain neck pain loss of sensation paresthesia leg weakness leg cramps or spasms pain or soreness of breast,Spondylolisthesis
low back pain leg pain hip pain lower body pain neck pain paresthesia problems with movement leg weakness,Spondylolisthesis
headache dizziness pain in eye fluid retention hot flashes skin swelling diminished hearing regurgitation spots or clouds in vision abnormal involuntary movements slurring words,Pseudotumor cerebri
headache dizziness hot flashes skin swelling diminished hearing regurgitation spots or clouds in vision abnormal involuntary movements slurring words,Pseudotumor cerebri
headache dizziness pain in eye fluid retention hot flashes skin swelling diminished hearing regurgitation spots or clouds in vision,Pseudotumor cerebri
headache dizziness pain in eye fluid retention hot flashes diminished hearing regurgitation spots or clouds in vision abnormal involuntary movements slurring words,Pseudotumor cerebri
headache dizziness hot flashes skin swelling diminished hearing spots or clouds in vision abnormal involuntary movements slurring words,Pseudotumor cerebri
headache dizziness pain in eye fluid retention hot flashes diminished hearing regurgitation spots or clouds in vision,Pseudotumor cerebri
eye redness itchiness of eye fever swollen eye nasal congestion white discharge from eye cough lacrimation coryza eye burns or stings diminished vision,Conjunctivitis due to virus
eye redness itchiness of eye nasal congestion white discharge from eye cough lacrimation coryza eye burns or stings diminished vision,Conjunctivitis due to virus
eye redness itchiness of eye fever swollen eye nasal congestion white discharge from eye cough lacrimation coryza,Conjunctivitis due to virus
eye redness itchiness of eye fever swollen eye nasal congestion cough lacrimation coryza eye burns or stings diminished vision,Conjunctivitis due to virus
eye redness itchiness of eye nasal congestion white discharge from eye cough coryza eye burns or stings diminished vision,Conjunctivitis due to virus
eye redness itchiness of eye fever swollen eye nasal congestion cough lacrimation coryza,Conjunctivitis due to virus
headache facial pain hot flashes sleepiness sore in nose diminished hearing neck weakness knee weakness,Open wound of the nose
headache facial pain sore in nose diminished hearing neck weakness knee weakness,Open wound of the nose
headache facial pain hot flashes sleepiness sore in nose neck weakness knee weakness,Open wound of the nose
headache facial pain sore in nose diminished hearing neck weakness,Open wound of the nose
headache dizziness back pain fainting facial pain lip swelling ringing in ear double vision redness in or around nose,Head injury
headache dizziness facial pain lip swelling ringing in ear double vision redness in or around nose,Head injury
headache dizziness back pain fainting facial pain ringing in ear double vision redness in or around nose,Head injury
headache dizziness facial pain lip swelling ringing in ear redness in or around nose,Head injury
sharp abdominal pain jaundice nausea diarrhea vomiting shortness of breath upper abdominal pain retention of urine painful urination stomach bloating vaginal itching,Ascending cholangitis
sharp abdominal pain jaundice vomiting shortness of breath upper abdominal pain retention of urine painful urination stomach bloating vaginal itching,Ascending cholangitis
sharp abdominal pain jaundice nausea diarrhea vomiting shortness of breath upper abdominal pain retention of urine painful urination,Ascending cholangitis
sharp abdominal pain jaundice nausea diarrhea vomiting upper abdominal pain retention of urine painful urination stomach bloating vaginal itching,Ascending cholangitis
sharp abdominal pain jaundice vomiting shortness of breath upper abdominal pain painful urination stomach bloating vaginal itching,Ascending cholangitis
sharp abdominal pain jaundice nausea diarrhea vomiting upper abdominal pain retention of urine painful urination,Ascending cholangitis
unpredictable menstruation heavy menstrual flow long menstrual periods pelvic pain lower abdominal pain intermenstrual bleeding painful menstruation blood clots during menstrual periods cramps and spasms frequent menstruation infertility,Idiopathic irregular menstrual cycle
unpredictable menstruation heavy menstrual flow lower abdominal pain intermenstrual bleeding painful menstruation blood clots during menstrual periods cramps and spasms frequent menstruation infertility,Idiopathic irregular menstrual cycle
unpredictable menstruation heavy menstrual flow long menstrual periods pelvic pain lower abdominal pain intermenstrual bleeding painful menstruation blood clots during menstrual periods cramps and spasms,Idiopathic irregular menstrual cycle
unpredictable menstruation heavy menstrual flow long menstrual periods pelvic pain lower abdominal pain painful menstruation blood clots during menstrual periods cramps and spasms frequent menstruation infertility,Idiopathic irregular menstrual cycle
unpredictable menstruation heavy menstrual flow lower abdominal pain intermenstrual bleeding painful menstruation cramps and spasms frequent menstruation infertility,Idiopathic irregular menstrual cycle
unpredictable menstruation heavy menstrual flow long menstrual periods pelvic pain lower abdominal pain painful menstruation blood clots during menstrual periods cramps and spasms,Idiopathic irregular menstrual cycle
cough nasal congestion coryza sore throat shortness of breath difficulty breathing sleepiness abnormal breathing sounds headache ear pain wheezing,Interstitial lung disease
cough nasal congestion shortness of breath difficulty breathing sleepiness abnormal breathing sounds headache ear pain wheezing,Interstitial lung disease
cough nasal congestion coryza sore throat shortness of breath difficulty breathing sleepiness abnormal breathing sounds headache,Interstitial lung disease
cough nasal congestion coryza sore throat shortness of breath sleepiness abnormal breathing sounds headache ear pain wheezing,Interstitial lung disease
cough nasal congestion shortness of breath difficulty breathing sleepiness headache ear pain wheezing,Interstitial lung disease
cough nasal congestion coryza sore throat shortness of breath sleepiness abnormal breathing sounds headache,Interstitial lung disease
loss of sensation paresthesia leg pain arm pain low back pain hand or finger pain elbow pain shoulder pain ankle pain wrist pain hand or finger weakness,Mononeuritis
loss of sensation paresthesia low back pain hand or finger pain elbow pain shoulder pain ankle pain wrist pain hand or finger weakness,Mononeuritis
loss of sensation paresthesia leg pain arm pain low back pain hand or finger pain elbow pain shoulder pain ankle pain,Mononeuritis
loss of sensation paresthesia leg pain arm pain low back pain elbow pain shoulder pain ankle pain wrist pain hand or finger weakness,Mononeuritis
loss of sensation paresthesia low back pain hand or finger pain elbow pain ankle pain wrist pain hand or finger weakness,Mononeuritis
loss of sensation paresthesia leg pain arm pain low back pain elbow pain shoulder pain ankle pain,Mononeuritis
headache ache all over weakness vomiting back pain fainting vulvar sore excessive growth knee lump or mass itchy eyelid wrist weakness,Malaria
headache ache all over back pain fainting vulvar sore excessive growth knee lump or mass itchy eyelid wrist weakness,Malaria
headache ache all over weakness vomiting back pain fainting vulvar sore excessive growth knee lump or mass,Malaria
headache ache all over weakness vomiting back pain vulvar sore excessive growth knee lump or mass itchy eyelid wrist weakness,Malaria
headache ache all over back pain fainting vulvar sore knee lump or mass itchy eyelid wrist weakness,Malaria
headache ache all over weakness vomiting back pain vulvar sore excessive growth knee lump or mass,Malaria
anxiety and nervousness depressive or psychotic symptoms ache all over dizziness sharp abdominal pain insomnia feeling ill fainting fatigue difficulty breathing weakness,Somatization disorder
anxiety and nervousness depressive or psychotic symptoms sharp abdominal pain insomnia feeling ill fainting fatigue difficulty breathing weakness,Somatization disorder
anxiety and nervousness depressive or psychotic symptoms ache all over dizziness sharp abdominal pain insomnia feeling ill fainting fatigue,Somatization disorder
anxiety and nervousness depressive or psychotic symptoms ache all over dizziness sharp abdominal pain feeling ill fainting fatigue difficulty breathing weakness,Somatization disorder
anxiety and nervousness depressive or psychotic symptoms sharp abdominal pain insomnia feeling ill fatigue difficulty breathing weakness,Somatization disorder
anxiety and nervousness depressive or psychotic symptoms ache all over dizziness sharp abdominal pain feeling ill fainting fatigue,Somatization disorder
vomiting nausea fever dizziness weakness sharp abdominal pain fainting headache fluid retention decreased appetite feeling ill,Hypovolemia
vomiting nausea weakness sharp abdominal pain fainting headache fluid retention decreased appetite feeling ill,Hypovolemia
vomiting nausea fever dizziness weakness sharp abdominal pain fainting headache fluid retention,Hypovolemia
vomiting nausea fever dizziness weakness fainting headache fluid retention decreased appetite feeling ill,Hypovolemia
vomiting nausea weakness sharp abdominal pain fainting fluid retention decreased appetite feeling ill,Hypovolemia
vomiting nausea fever dizziness weakness fainting headache fluid retention,Hypovolemia
depressive or psychotic symptoms depression anxiety and nervousness hostile behavior fears and phobias drug abuse insomnia temper problems excessive anger hysterical behavior low self esteem,Schizophrenia
depressive or psychotic symptoms depression fears and phobias drug abuse insomnia temper problems excessive anger hysterical behavior low self esteem,Schizophrenia
depressive or psychotic symptoms depression anxiety and nervousness hostile behavior fears and phobias drug abuse insomnia temper problems excessive anger,Schizophrenia
depressive or psychotic symptoms depression anxiety and nervousness hostile behavior fears and phobias insomnia temper problems excessive anger hysterical behavior low self esteem,Schizophrenia
depressive or psychotic symptoms depression fears and phobias drug abuse insomnia excessive anger hysterical behavior low self esteem,Schizophrenia
depressive or psychotic symptoms depression anxiety and nervousness hostile behavior fears and phobias insomnia temper problems excessive anger,Schizophrenia
knee pain knee stiffness or tightness knee weakness leg stiffness or tightness leg weakness stiffness all over joint swelling knee lump or mass foot or toe cramps or spasms knee cramps or spasms,Knee ligament or meniscus tear
knee pain knee stiffness or tightness leg weakness stiffness all over joint swelling knee lump or mass foot or toe cramps or spasms knee cramps or spasms,Knee ligament or meniscus tear
knee pain knee stiffness or tightness knee weakness leg stiffness or tightness leg weakness stiffness all over joint swelling knee lump or mass foot or toe cramps or spasms,Knee ligament or meniscus tear
knee pain knee stiffness or tightness knee weakness leg stiffness or tightness leg weakness joint swelling knee lump or mass foot or toe cramps or spasms knee cramps or spasms,Knee ligament or meniscus tear
knee pain knee stiffness or tightness leg weakness stiffness all over joint swelling foot or toe cramps or spasms knee cramps or spasms,Knee ligament or meniscus tear
knee pain knee stiffness or tightness knee weakness leg stiffness or tightness leg weakness joint swelling knee lump or mass foot or toe cramps or spasms,Knee ligament or meniscus tear
shortness of breath sharp chest pain palpitations fatigue weakness increased heart rate irregular heartbeat leg swelling lower body pain pain or soreness of breast chills,Endocarditis
shortness of breath sharp chest pain weakness increased heart rate irregular heartbeat leg swelling lower body pain pain or soreness of breast chills,Endocarditis
shortness of breath sharp chest pain palpitations fatigue weakness increased heart rate irregular heartbeat leg swelling lower body pain,Endocarditis
shortness of breath sharp chest pain palpitations fatigue weakness irregular heartbeat leg swelling lower body pain pain or soreness of breast chills,Endocarditis
shortness of breath sharp chest pain weakness increased heart rate irregular heartbeat lower body pain pain or soreness of breast chills,Endocarditis
shortness of breath sharp chest pain palpitations fatigue weakness irregular heartbeat leg swelling lower body pain,Endocarditis
fever shortness of breath weakness vomiting difficulty breathing cough sharp abdominal pain chills decreased appetite feeling ill suprapubic pain,Sepsis
fever shortness of breath difficulty breathing cough sharp abdominal pain chills decreased appetite feeling ill suprapubic pain,Sepsis
fever shortness of breath weakness vomiting difficulty breathing cough sharp abdominal pain chills decreased appetite,Sepsis
fever shortness of breath weakness vomiting difficulty breathing sharp abdominal pain chills decreased appetite feeling ill suprapubic pain,Sepsis
fever shortness of breath difficulty breathing cough sharp abdominal pain decreased appetite feeling ill suprapubic pain,Sepsis
fever shortness of breath weakness vomiting difficulty breathing sharp abdominal pain chills decreased appetite,Sepsis
feeling hot fainting vomiting leg pain palpitations fever feeling ill dizziness nausea loss of sensation nailbiting,Heat stroke
feeling hot fainting palpitations fever feeling ill dizziness nausea loss of sensation nailbiting,Heat stroke
feeling hot fainting vomiting leg pain palpitations fever feeling ill dizziness nausea,Heat stroke
feeling hot fainting vomiting leg pain palpitations feeling ill dizziness nausea loss of sensation nailbiting,Heat stroke
feeling hot fainting palpitations fever feeling ill nausea loss of sensation nailbiting,Heat stroke
feeling hot fainting vomiting leg pain palpitations feeling ill dizziness nausea,Heat stroke
sharp abdominal pain nausea vomiting sharp chest pain back pain side pain burning abdominal pain lower body pain regurgitation stomach bloating symptoms of the kidneys,Cholecystitis
sharp abdominal pain nausea back pain side pain burning abdominal pain lower body pain regurgitation stomach bloating symptoms of the kidneys,Cholecystitis
sharp abdominal pain nausea vomiting sharp chest pain back pain side pain burning abdominal pain lower body pain regurgitation,Cholecystitis
sharp abdominal pain nausea vomiting sharp chest pain back pain burning abdominal pain lower body pain regurgitation stomach bloating symptoms of the kidneys,Cholecystitis
sharp abdominal pain nausea back pain side pain burning abdominal pain regurgitation stomach bloating symptoms of the kidneys,Cholecystitis
sharp abdominal pain nausea vomiting sharp chest pain back pain burning abdominal pain lower body pain regurgitation,Cholecystitis
shortness of breath sharp chest pain weakness increased heart rate irregular heartbeat focal weakness palpitations hurts to breath decreased heart rate arm swelling pallor,Cardiac arrest
shortness of breath sharp chest pain irregular heartbeat focal weakness palpitations hurts to breath decreased heart rate arm swelling pallor,Cardiac arrest
shortness of breath sharp chest pain weakness increased heart rate irregular heartbeat focal weakness palpitations hurts to breath decreased heart rate,Cardiac arrest
shortness of breath sharp chest pain weakness increased heart rate irregular heartbeat palpitations hurts to breath decreased heart rate arm swelling pallor,Cardiac arrest
shortness of breath sharp chest pain irregular heartbeat focal weakness palpitations decreased heart rate arm swelling pallor,Cardiac arrest
shortness of breath sharp chest pain weakness increased heart rate irregular heartbeat palpitations hurts to breath decreased heart rate,Cardiac arrest
shortness of breath fatigue peripheral edema palpitations chest tightness weight gain irregular heartbeat heartburn excessive urination at night decreased heart rate muscle weakness,Cardiomyopathy
shortness of breath fatigue chest tightness weight gain irregular heartbeat heartburn excessive urination at night decreased heart rate muscle weakness,Cardiomyopathy
shortness of breath fatigue peripheral edema palpitations chest tightness weight gain irregular heartbeat heartburn excessive urination at night,Cardiomyopathy
shortness of breath fatigue peripheral edema palpitations chest tightness irregular heartbeat heartburn excessive urination at night decreased heart rate muscle weakness,Cardiomyopathy
shortness of breath fatigue chest tightness weight gain irregular heartbeat excessive urination at night decreased heart rate muscle weakness,Cardiomyopathy
shortness of breath fatigue peripheral edema palpitations chest tightness irregular heartbeat heartburn excessive urination at night,Cardiomyopathy
anxiety and nervousness depressive or psychotic symptoms fears and phobias insomnia abusing alcohol low self esteem delusions or hallucinations temper problems excessive anger obsessions and compulsions excessive appetite,Social phobia
anxiety and nervousness depressive or psychotic symptoms abusing alcohol low self esteem delusions or hallucinations temper problems excessive anger obsessions and compulsions excessive appetite,Social phobia
anxiety and nervousness depressive or psychotic symptoms fears and phobias insomnia abusing alcohol low self esteem delusions or hallucinations temper problems excessive anger,Social phobia
anxiety and nervousness depressive or psychotic symptoms fears and phobias insomnia abusing alcohol delusions or hallucinations temper problems excessive anger obsessions and compulsions excessive appetite,Social phobia
anxiety and nervousness depressive or psychotic symptoms abusing alcohol low self esteem delusions or hallucinations excessive anger obsessions and compulsions excessive appetite,Social phobia
anxiety and nervousness depressive or psychotic symptoms fears and phobias insomnia abusing alcohol delusions or hallucinations temper problems excessive anger,Social phobia
headache vomiting neck pain ache all over back pain seizures nausea low back pain cough leg pain neck stiffness or tightness,Meningitis
headache vomiting back pain seizures nausea low back pain cough leg pain neck stiffness or tightness,Meningitis
headache vomiting neck pain ache all over back pain seizures nausea low back pain cough,Meningitis
headache vomiting neck pain ache all over back pain nausea low back pain cough leg pain neck stiffness or tightness,Meningitis
headache vomiting back pain seizures nausea cough leg pain neck stiffness or tightness,Meningitis
headache vomiting neck pain ache all over back pain nausea low back pain cough,Meningitis
skin rash fever leg pain neck pain jaundice sharp abdominal pain elbow cramps or spasms elbow weakness excessive growth low back weakness wrist weakness,Spherocytosis
skin rash fever jaundice sharp abdominal pain elbow cramps or spasms elbow weakness excessive growth low back weakness wrist weakness,Spherocytosis
skin rash fever leg pain neck pain jaundice sharp abdominal pain elbow cramps or spasms elbow weakness excessive growth,Spherocytosis
skin rash fever leg pain neck pain jaundice elbow cramps or spasms elbow weakness excessive growth low back weakness wrist weakness,Spherocytosis
skin rash fever jaundice sharp abdominal pain elbow cramps or spasms excessive growth low back weakness wrist weakness,Spherocytosis
skin rash fever leg pain neck pain jaundice elbow cramps or spasms elbow weakness excessive growth,Spherocytosis
excessive growth weight gain symptoms of eye unpredictable menstruation hot flashes acne or pimples lump or mass of breast loss of sex drive painful menstruation frontal headache lack of growth,Hormone disorder
excessive growth weight gain hot flashes acne or pimples lump or mass of breast loss of sex drive painful menstruation frontal headache lack of growth,Hormone disorder
excessive growth weight gain symptoms of eye unpredictable menstruation hot flashes acne or pimples lump or mass of breast loss of sex drive painful menstruation,Hormone disorder
excessive growth weight gain symptoms of eye unpredictable menstruation hot flashes lump or mass of breast loss of sex drive painful menstruation frontal headache lack of growth,Hormone disorder
excessive growth weight gain hot flashes acne or pimples lump or mass of breast painful menstruation frontal headache lack of growth,Hormone disorder
excessive growth weight gain symptoms of eye unpredictable menstruation hot flashes lump or mass of breast loss of sex drive painful menstruation,Hormone disorder
loss of sensation abnormal appearing skin paresthesia poor circulation symptoms of eye ache all over hand or finger pain skin lesion muscle pain wrist swelling back pain,Raynaud disease
loss of sensation abnormal appearing skin symptoms of eye ache all over hand or finger pain skin lesion muscle pain wrist swelling back pain,Raynaud disease
loss of sensation abnormal appearing skin paresthesia poor circulation symptoms of eye ache all over hand or finger pain skin lesion muscle pain,Raynaud disease
loss of sensation abnormal appearing skin paresthesia poor circulation symptoms of eye hand or finger pain skin lesion muscle pain wrist swelling back pain,Raynaud disease
loss of sensation abnormal appearing skin symptoms of eye ache all over hand or finger pain muscle pain wrist swelling back pain,Raynaud disease
loss of sensation abnormal appearing skin paresthesia poor circulation symptoms of eye hand or finger pain skin lesion muscle pain,Raynaud disease
knee pain hip pain back pain vulvar sore loss of sex drive knee lump or mass nailbiting excessive growth wrist weakness shoulder swelling neck cramps or spasms,Reactive arthritis
knee pain hip pain loss of sex drive knee lump or mass nailbiting excessive growth wrist weakness shoulder swelling neck cramps or spasms,Reactive arthritis
knee pain hip pain back pain vulvar sore loss of sex drive knee lump or mass nailbiting excessive growth wrist weakness,Reactive arthritis
knee pain hip pain back pain vulvar sore loss of sex drive nailbiting excessive growth wrist weakness shoulder swelling neck cramps or spasms,Reactive arthritis
knee pain hip pain loss of sex drive knee lump or mass nailbiting wrist weakness shoulder swelling neck cramps or spasms,Reactive arthritis
knee pain hip pain back pain vulvar sore loss of sex drive nailbiting excessive growth wrist weakness,Reactive arthritis
plugged feeling in ear diminished hearing cough nasal congestion fever ringing in ear fluid in ear redness in ear pulling at ears painful sinuses sinus congestion,Ear wax impaction
plugged feeling in ear diminished hearing fever ringing in ear fluid in ear redness in ear pulling at ears painful sinuses sinus congestion,Ear wax impaction
plugged feeling in ear diminished hearing cough nasal congestion fever ringing in ear fluid in ear redness in ear pulling at ears,Ear wax impaction
plugged feeling in ear diminished hearing cough nasal congestion fever fluid in ear redness in ear pulling at ears painful sinuses sinus congestion,Ear wax impaction
plugged feeling in ear diminished hearing fever ringing in ear fluid in ear pulling at ears painful sinuses sinus congestion,Ear wax impaction
plugged feeling in ear diminished hearing cough nasal congestion fever fluid in ear redness in ear pulling at ears,Ear wax impaction
problems during pregnancy pain during pregnancy uterine contractions spotting or bleeding during pregnancy cramps and spasms painful sinuses unusual color or odor to urine absence of menstruation heartburn pelvic pressure,Hypertension of pregnancy
problems during pregnancy pain during pregnancy cramps and spasms painful sinuses unusual color or odor to urine absence of menstruation heartburn pelvic pressure,Hypertension of pregnancy
problems during pregnancy pain during pregnancy uterine contractions spotting or bleeding during pregnancy cramps and spasms painful sinuses unusual color or odor to urine absence of menstruation heartburn,Hypertension of pregnancy
problems during pregnancy pain during pregnancy uterine contractions spotting or bleeding during pregnancy cramps and spasms unusual color or odor to urine absence of menstruation heartburn pelvic pressure,Hypertension of pregnancy
problems during pregnancy pain during pregnancy cramps and spasms painful sinuses unusual color or odor to urine heartburn pelvic pressure,Hypertension of pregnancy
problems during pregnancy pain during pregnancy uterine contractions spotting or bleeding during pregnancy cramps and spasms unusual color or odor to urine absence of menstruation heartburn,Hypertension of pregnancy
leg pain leg swelling abnormal appearing skin foot or toe pain leg stiffness or tightness lymphedema poor circulation paresthesia groin pain long menstrual periods knee swelling,Peripheral arterial embolism
leg pain leg swelling leg stiffness or tightness lymphedema poor circulation paresthesia groin pain long menstrual periods knee swelling,Peripheral arterial embolism
leg pain leg swelling abnormal appearing skin foot or toe pain leg stiffness or tightness lymphedema poor circulation paresthesia groin pain,Peripheral arterial embolism
leg pain leg swelling abnormal appearing skin foot or toe pain leg stiffness or tightness poor circulation paresthesia groin pain long menstrual periods knee swelling,Peripheral arterial embolism
leg pain leg swelling leg stiffness or tightness lymphedema poor circulation groin pain long menstrual periods knee swelling,Peripheral arterial embolism
leg pain leg swelling abnormal appearing skin foot or toe pain leg stiffness or tightness poor circulation paresthesia groin pain,Peripheral arterial embolism
headache vomiting depressive or psychotic symptoms fainting neck pain nausea diminished hearing symptoms of the face drug abuse ringing in ear nosebleed,Fracture of the skull
headache vomiting neck pain nausea diminished hearing symptoms of the face drug abuse ringing in ear nosebleed,Fracture of the skull
headache vomiting depressive or psychotic symptoms fainting neck pain nausea diminished hearing symptoms of the face drug abuse,Fracture of the skull
headache vomiting depressive or psychotic symptoms fainting neck pain diminished hearing symptoms of the face drug abuse ringing in ear nosebleed,Fracture of the skull
headache vomiting neck pain nausea diminished hearing drug abuse ringing in ear nosebleed,Fracture of the skull
headache vomiting depressive or psychotic symptoms fainting neck pain diminished hearing symptoms of the face drug abuse,Fracture of the skull
diminished vision upper abdominal pain eye redness elbow cramps or spasms wrist weakness nailbiting hip stiffness or tightness vulvar sore elbow weakness cross eyed itchy eyelid,Uveitis
diminished vision upper abdominal pain wrist weakness nailbiting hip stiffness or tightness vulvar sore elbow weakness cross eyed itchy eyelid,Uveitis
diminished vision upper abdominal pain eye redness elbow cramps or spasms wrist weakness nailbiting hip stiffness or tightness vulvar sore elbow weakness,Uveitis
diminished vision upper abdominal pain eye redness elbow cramps or spasms wrist weakness hip stiffness or tightness vulvar sore elbow weakness cross eyed itchy eyelid,Uveitis
diminished vision upper abdominal pain wrist weakness nailbiting hip stiffness or tightness elbow weakness cross eyed itchy eyelid,Uveitis
diminished vision upper abdominal pain eye redness elbow cramps or spasms wrist weakness hip stiffness or tightness vulvar sore elbow weakness,Uveitis
facial pain pain in eye nosebleed swollen eye peripheral edema redness in or around nose abusing alcohol double vision hemoptysis difficulty eating lip swelling,Fracture of the facial bones
facial pain pain in eye peripheral edema redness in or around nose abusing alcohol double vision hemoptysis difficulty eating lip swelling,Fracture of the facial bones
facial pain pain in eye nosebleed swollen eye peripheral edema redness in or around nose abusing alcohol double vision hemoptysis,Fracture of the facial bones
facial pain pain in eye nosebleed swollen eye peripheral edema abusing alcohol double vision hemoptysis difficulty eating lip swelling,Fracture of the facial bones
facial pain pain in eye peripheral edema redness in or around nose abusing alcohol hemoptysis difficulty eating lip swelling,Fracture of the facial bones
facial pain pain in eye nosebleed swollen eye peripheral edema abusing alcohol double vision hemoptysis,Fracture of the facial bones
cough fever coryza hoarse voice nasal congestion ear pain difficulty breathing headache plugged feeling in ear shortness of breath sneezing,Tracheitis
cough fever nasal congestion ear pain difficulty breathing headache plugged feeling in ear shortness of breath sneezing,Tracheitis
cough fever coryza hoarse voice nasal congestion ear pain difficulty breathing headache plugged feeling in ear,Tracheitis
cough fever coryza hoarse voice nasal congestion difficulty breathing headache plugged feeling in ear shortness of breath sneezing,Tracheitis
cough fever nasal congestion ear pain difficulty breathing plugged feeling in ear shortness of breath sneezing,Tracheitis
cough fever coryza hoarse voice nasal congestion difficulty breathing headache plugged feeling in ear,Tracheitis
toothache gum pain jaw swelling headache peripheral edema mouth pain neck mass symptoms of the face difficulty in swallowing pain in gums jaw pain,Jaw disorder
toothache gum pain peripheral edema mouth pain neck mass symptoms of the face difficulty in swallowing pain in gums jaw pain,Jaw disorder
toothache gum pain jaw swelling headache peripheral edema mouth pain neck mass symptoms of the face difficulty in swallowing,Jaw disorder
toothache gum pain jaw swelling headache peripheral edema neck mass symptoms of the face difficulty in swallowing pain in gums jaw pain,Jaw disorder
toothache gum pain peripheral edema mouth pain neck mass difficulty in swallowing pain in gums jaw pain,Jaw disorder
toothache gum pain jaw swelling headache peripheral edema neck mass symptoms of the face difficulty in swallowing,Jaw disorder
pain of the anus skin swelling lower body pain fluid retention skin lesion skin growth abnormal appearing skin rectal bleeding acne or pimples pain in testicles swelling of scrotum,Perirectal infection
pain of the anus skin swelling skin lesion skin growth abnormal appearing skin rectal bleeding acne or pimples pain in testicles swelling of scrotum,Perirectal infection
pain of the anus skin swelling lower body pain fluid retention skin lesion skin growth abnormal appearing skin rectal bleeding acne or pimples,Perirectal infection
pain of the anus skin swelling lower body pain fluid retention skin lesion abnormal appearing skin rectal bleeding acne or pimples pain in testicles swelling of scrotum,Perirectal infection
pain of the anus skin swelling skin lesion skin growth abnormal appearing skin acne or pimples pain in testicles swelling of scrotum,Perirectal infection
pain of the anus skin swelling lower body pain fluid retention skin lesion abnormal appearing skin rectal bleeding acne or pimples,Perirectal infection
lump or mass of breast bleeding or discharge from nipple skin growth neck mass warts irregular belly button coughing up sputum vaginal dryness arm lump or mass,Breast cyst
lump or mass of breast bleeding or discharge from nipple warts irregular belly button coughing up sputum vaginal dryness arm lump or mass,Breast cyst
lump or mass of breast bleeding or discharge from nipple skin growth neck mass warts coughing up sputum vaginal dryness arm lump or mass,Breast cyst
lump or mass of breast bleeding or discharge from nipple warts irregular belly button coughing up sputum arm lump or mass,Breast cyst
anxiety and nervousness depressive or psychotic symptoms insomnia delusions or hallucinations drug abuse excessive anger temper problems abusing alcohol low self esteem hostile behavior fears and phobias,Post-traumatic stress disorder (PTSD)
anxiety and nervousness depressive or psychotic symptoms drug abuse excessive anger temper problems abusing alcohol low self esteem hostile behavior fears and phobias,Post-traumatic stress disorder (PTSD)
anxiety and nervousness depressive or psychotic symptoms insomnia delusions or hallucinations drug abuse excessive anger temper problems abusing alcohol low self esteem,Post-traumatic stress disorder (PTSD)
anxiety and nervousness depressive or psychotic symptoms insomnia delusions or hallucinations drug abuse temper problems abusing alcohol low self esteem hostile behavior fears and phobias,Post-traumatic stress disorder (PTSD)
anxiety and nervousness depressive or psychotic symptoms drug abuse excessive anger temper problems low self esteem hostile behavior fears and phobias,Post-traumatic stress disorder (PTSD)
anxiety and nervousness depressive or psychotic symptoms insomnia delusions or hallucinations drug abuse temper problems abusing alcohol low self esteem,Post-traumatic stress disorder (PTSD)
kidney mass blood in urine symptoms of the kidneys symptoms of prostate excessive urination at night involuntary urination increased heart rate drainage in throat groin mass changes in stool appearance bedwetting,Kidney cancer
kidney mass blood in urine excessive urination at night involuntary urination increased heart rate drainage in throat groin mass changes in stool appearance bedwetting,Kidney cancer
kidney mass blood in urine symptoms of the kidneys symptoms of prostate excessive urination at night involuntary urination increased heart rate drainage in throat groin mass,Kidney cancer
kidney mass blood in urine symptoms of the kidneys symptoms of prostate excessive urination at night increased heart rate drainage in throat groin mass changes in stool appearance bedwetting,Kidney cancer
kidney mass blood in urine excessive urination at night involuntary urination increased heart rate groin mass changes in stool appearance bedwetting,Kidney cancer
kidney mass blood in urine symptoms of the kidneys symptoms of prostate excessive urination at night increased heart rate drainage in throat groin mass,Kidney cancer
back pain pelvic pain abnormal involuntary movements insomnia lump or mass of breast weakness fluid retention peripheral edema feeling ill emotional symptoms elbow weakness,Vulvar cancer
back pain pelvic pain lump or mass of breast weakness fluid retention peripheral edema feeling ill emotional symptoms elbow weakness,Vulvar cancer
back pain pelvic pain abnormal involuntary movements insomnia lump or mass of breast weakness fluid retention peripheral edema feeling ill,Vulvar cancer
back pain pelvic pain abnormal involuntary movements insomnia lump or mass of breast fluid retention peripheral edema feeling ill emotional symptoms elbow weakness,Vulvar cancer
back pain pelvic pain lump or mass of breast weakness fluid retention feeling ill emotional symptoms elbow weakness,Vulvar cancer
back pain pelvic pain abnormal involuntary movements insomnia lump or mass of breast fluid retention peripheral edema feeling ill,Vulvar cancer
diminished vision pain in eye itchiness of eye swollen eye symptoms of eye lacrimation spots or clouds in vision eyelid swelling white discharge from eye eye burns or stings eyelid lesion or rash,Blepharitis
diminished vision pain in eye symptoms of eye lacrimation spots or clouds in vision eyelid swelling white discharge from eye eye burns or stings eyelid lesion or rash,Blepharitis
diminished vision pain in eye itchiness of eye swollen eye symptoms of eye lacrimation spots or clouds in vision eyelid swelling white discharge from eye,Blepharitis
diminished vision pain in eye itchiness of eye swollen eye symptoms of eye spots or clouds in vision eyelid swelling white discharge from eye eye burns or stings eyelid lesion or rash,Blepharitis
diminished vision pain in eye symptoms of eye lacrimation spots or clouds in vision white discharge from eye eye burns or stings eyelid lesion or rash,Blepharitis
diminished vision pain in eye itchiness of eye swollen eye symptoms of eye spots or clouds in vision eyelid swelling white discharge from eye,Blepharitis
sharp abdominal pain regurgitation fatigue vomiting nausea allergic reaction sharp chest pain fears and phobias peripheral edema leg lump or mass constipation,Celiac disease
sharp abdominal pain regurgitation nausea allergic reaction sharp chest pain fears and phobias peripheral edema leg lump or mass constipation,Celiac disease
sharp abdominal pain regurgitation fatigue vomiting nausea allergic reaction sharp chest pain fears and phobias peripheral edema,Celiac disease
sharp abdominal pain regurgitation fatigue vomiting nausea sharp chest pain fears and phobias peripheral edema leg lump or mass constipation,Celiac disease
sharp abdominal pain regurgitation nausea allergic reaction sharp chest pain peripheral edema leg lump or mass constipation,Celiac disease
sharp abdominal pain regurgitation fatigue vomiting nausea sharp chest pain fears and phobias peripheral edema,Celiac disease
painful urination frequent urination blood in urine sharp abdominal pain back pain retention of urine side pain lower abdominal pain pelvic pain involuntary urination symptoms of bladder,Cystitis
painful urination frequent urination back pain retention of urine side pain lower abdominal pain pelvic pain involuntary urination symptoms of bladder,Cystitis
painful urination frequent urination blood in urine sharp abdominal pain back pain retention of urine side pain lower abdominal pain pelvic pain,Cystitis
painful urination frequent urination blood in urine sharp abdominal pain back pain side pain lower abdominal pain pelvic pain involuntary urination symptoms of bladder,Cystitis
painful urination frequent urination back pain retention of urine side pain pelvic pain involuntary urination symptoms of bladder,Cystitis
painful urination frequent urination blood in urine sharp abdominal pain back pain side pain lower abdominal pain pelvic pain,Cystitis
ache all over fever back pain joint pain pulling at ears temper problems muscle cramps irregular belly button swollen tongue penis pain,Sickle cell anemia
ache all over fever pulling at ears temper problems muscle cramps irregular belly button swollen tongue penis pain symptoms,Sickle cell anemia
ache all over fever back pain joint pain pulling at ears temper problems muscle cramps irregular belly button,Sickle cell anemia
ache all over fever pulling at ears temper problems muscle cramps irregular belly button swollen tongue penis pain,Sickle cell anemia
ache all over fever back pain joint pain pulling at ears muscle cramps irregular belly button swollen tongue penis pain,Sickle cell anemia
ache all over fever back pain joint pain pulling at ears muscle cramps irregular belly button,Sickle cell anemia
pain in eye diminished vision symptoms of eye headache swollen eye bleeding from eye facial pain eyelid swelling blindness foreign body sensation in eye eye burns or stings,Subconjunctival hemorrhage
pain in eye diminished vision swollen eye bleeding from eye facial pain eyelid swelling blindness foreign body sensation in eye eye burns or stings,Subconjunctival hemorrhage
pain in eye diminished vision symptoms of eye headache swollen eye bleeding from eye facial pain eyelid swelling blindness,Subconjunctival hemorrhage
pain in eye diminished vision symptoms of eye headache swollen eye facial pain eyelid swelling blindness foreign body sensation in eye eye burns or stings,Subconjunctival hemorrhage
pain in eye diminished vision swollen eye bleeding from eye facial pain blindness foreign body sensation in eye eye burns or stings,Subconjunctival hemorrhage
pain in eye diminished vision symptoms of eye headache swollen eye facial pain eyelid swelling blindness,Subconjunctival hemorrhage
rectal bleeding blood in stool constipation sharp abdominal pain mass or swelling around the anus itching of the anus lower body pain melena changes in stool appearance heartburn vaginal pain,Hemorrhoids
rectal bleeding blood in stool mass or swelling around the anus itching of the anus lower body pain melena changes in stool appearance heartburn vaginal pain,Hemorrhoids
rectal bleeding blood in stool constipation sharp abdominal pain mass or swelling around the anus itching of the anus lower body pain melena changes in stool appearance,Hemorrhoids
rectal bleeding blood in stool constipation sharp abdominal pain mass or swelling around the anus lower body pain melena changes in stool appearance heartburn vaginal pain,Hemorrhoids
rectal bleeding blood in stool mass or swelling around the anus itching of the anus lower body pain changes in stool appearance heartburn vaginal pain,Hemorrhoids
rectal bleeding blood in stool constipation sharp abdominal pain mass or swelling around the anus lower body pain melena changes in stool appearance,Hemorrhoids
sharp chest pain shortness of breath palpitations increased heart rate fainting decreased heart rate weakness irregular heartbeat chest tightness fatigue feeling ill,Sinus bradycardia
sharp chest pain shortness of breath fainting decreased heart rate weakness irregular heartbeat chest tightness fatigue feeling ill,Sinus bradycardia
sharp chest pain shortness of breath palpitations increased heart rate fainting decreased heart rate weakness irregular heartbeat chest tightness,Sinus bradycardia
sharp chest pain shortness of breath palpitations increased heart rate fainting weakness irregular heartbeat chest tightness fatigue feeling ill,Sinus bradycardia
sharp chest pain shortness of breath fainting decreased heart rate weakness chest tightness fatigue feeling ill,Sinus bradycardia
sharp chest pain shortness of breath palpitations increased heart rate fainting weakness irregular heartbeat chest tightness,Sinus bradycardia
sharp chest pain,High blood pressure
sharp abdominal pain lower abdominal pain vaginal discharge nausea vomiting side pain burning abdominal pain back pain painful urination suprapubic pain intermenstrual bleeding,Pelvic inflammatory disease
sharp abdominal pain lower abdominal pain vomiting side pain burning abdominal pain back pain painful urination suprapubic pain intermenstrual bleeding,Pelvic inflammatory disease
sharp abdominal pain lower abdominal pain vaginal discharge nausea vomiting side pain burning abdominal pain back pain painful urination,Pelvic inflammatory disease
sharp abdominal pain lower abdominal pain vaginal discharge nausea vomiting burning abdominal pain back pain painful urination suprapubic pain intermenstrual bleeding,Pelvic inflammatory disease
sharp abdominal pain lower abdominal pain vomiting side pain burning abdominal pain painful urination suprapubic pain intermenstrual bleeding,Pelvic inflammatory disease
sharp abdominal pain lower abdominal pain vaginal discharge nausea vomiting burning abdominal pain back pain painful urination,Pelvic inflammatory disease
sharp abdominal pain upper abdominal pain diarrhea shortness of breath nausea weakness side pain peripheral edema blood in stool unusual color or odor to urine heartburn,Liver disease
sharp abdominal pain upper abdominal pain nausea weakness side pain peripheral edema blood in stool unusual color or odor to urine heartburn,Liver disease
sharp abdominal pain upper abdominal pain diarrhea shortness of breath nausea weakness side pain peripheral edema blood in stool,Liver disease
sharp abdominal pain upper abdominal pain diarrhea shortness of breath nausea side pain peripheral edema blood in stool unusual color or odor to urine heartburn,Liver disease
sharp abdominal pain upper abdominal pain nausea weakness side pain blood in stool unusual color or odor to urine heartburn,Liver disease
sharp abdominal pain upper abdominal pain diarrhea shortness of breath nausea side pain peripheral edema blood in stool,Liver disease
constipation burning abdominal pain vomiting nausea lower abdominal pain rectal bleeding blood in stool pain of the anus retention of urine stomach bloating changes in stool appearance,Chronic constipation
constipation burning abdominal pain lower abdominal pain rectal bleeding blood in stool pain of the anus retention of urine stomach bloating changes in stool appearance,Chronic constipation
constipation burning abdominal pain vomiting nausea lower abdominal pain rectal bleeding blood in stool pain of the anus retention of urine,Chronic constipation
constipation burning abdominal pain vomiting nausea lower abdominal pain blood in stool pain of the anus retention of urine stomach bloating changes in stool appearance,Chronic constipation
constipation burning abdominal pain lower abdominal pain rectal bleeding blood in stool retention of urine stomach bloating changes in stool appearance,Chronic constipation
constipation burning abdominal pain vomiting nausea lower abdominal pain blood in stool pain of the anus retention of urine,Chronic constipation
fatigue neck mass leg weakness stiffness all over neck swelling swollen lymph nodes arm weakness delusions or hallucinations,Thyroid cancer
fatigue neck mass neck swelling swollen lymph nodes arm weakness delusions or hallucinations,Thyroid cancer
fatigue neck mass leg weakness stiffness all over neck swelling arm weakness delusions or hallucinations,Thyroid cancer
fatigue neck mass neck swelling swollen lymph nodes arm weakness,Thyroid cancer
fever sore throat nasal congestion ache all over flu like syndrome headache vomiting chills coryza nausea diarrhea,Flu
fever sore throat flu like syndrome headache vomiting chills coryza nausea diarrhea,Flu
fever sore throat nasal congestion ache all over flu like syndrome headache vomiting chills coryza,Flu
fever sore throat nasal congestion ache all over flu like syndrome vomiting chills coryza nausea diarrhea,Flu
fever sore throat flu like syndrome headache vomiting coryza nausea diarrhea,Flu
fever sore throat nasal congestion ache all over flu like syndrome vomiting chills coryza,Flu
ear pain peripheral edema wheezing arm weakness arm pain cough shoulder swelling vulvar sore knee lump or mass back stiffness or tightness itchy eyelid,Friedrich ataxia
ear pain peripheral edema arm pain cough shoulder swelling vulvar sore knee lump or mass back stiffness or tightness itchy eyelid,Friedrich ataxia
ear pain peripheral edema wheezing arm weakness arm pain cough shoulder swelling vulvar sore knee lump or mass,Friedrich ataxia
ear pain peripheral edema wheezing arm weakness arm pain shoulder swelling vulvar sore knee lump or mass back stiffness or tightness itchy eyelid,Friedrich ataxia
ear pain peripheral edema arm pain cough shoulder swelling knee lump or mass back stiffness or tightness itchy eyelid,Friedrich ataxia
ear pain peripheral edema wheezing arm weakness arm pain shoulder swelling vulvar sore knee lump or mass,Friedrich ataxia
abnormal involuntary movements abnormal movement of eyelid seizures depressive or psychotic symptoms symptoms of eye problems with movement cramps and spasms excessive anger stiffness all over groin pain temper problems,Tic (movement) disorder
abnormal involuntary movements abnormal movement of eyelid symptoms of eye problems with movement cramps and spasms excessive anger stiffness all over groin pain temper problems,Tic (movement) disorder
abnormal involuntary movements abnormal movement of eyelid seizures depressive or psychotic symptoms symptoms of eye problems with movement cramps and spasms excessive anger stiffness all over,Tic (movement) disorder
abnormal involuntary movements abnormal movement of eyelid seizures depressive or psychotic symptoms symptoms of eye cramps and spasms excessive anger stiffness all over groin pain temper problems,Tic (movement) disorder
abnormal involuntary movements abnormal movement of eyelid symptoms of eye problems with movement cramps and spasms stiffness all over groin pain temper problems,Tic (movement) disorder
abnormal involuntary movements abnormal movement of eyelid seizures depressive or psychotic symptoms symptoms of eye cramps and spasms excessive anger stiffness all over,Tic (movement) disorder
skin moles abnormal appearing skin skin growth acne or pimples itching of skin skin swelling change in skin mole size or color warts skin dryness,Skin polyp
skin moles abnormal appearing skin itching of skin skin swelling change in skin mole size or color warts skin dryness symptoms skin irritation,Skin polyp
skin moles abnormal appearing skin itching of skin skin swelling change in skin mole size or color warts skin dryness,Skin polyp
skin moles abnormal appearing skin skin growth acne or pimples itching of skin change in skin mole size or color warts skin dryness,Skin polyp
skin moles abnormal appearing skin itching of skin skin swelling change in skin mole size or color skin dryness symptoms skin irritation,Skin polyp
skin moles abnormal appearing skin itching of skin skin swelling change in skin mole size or color skin dryness,Skin polyp
neck pain arm pain loss of sensation back pain headache low back pain paresthesia hand or finger pain arm weakness elbow pain hand or finger weakness,Brachial neuritis
neck pain arm pain headache low back pain paresthesia hand or finger pain arm weakness elbow pain hand or finger weakness,Brachial neuritis
neck pain arm pain loss of sensation back pain headache low back pain paresthesia hand or finger pain arm weakness,Brachial neuritis
neck pain arm pain loss of sensation back pain headache paresthesia hand or finger pain arm weakness elbow pain hand or finger weakness,Brachial neuritis
neck pain arm pain headache low back pain paresthesia arm weakness elbow pain hand or finger weakness,Brachial neuritis
neck pain arm pain loss of sensation back pain headache paresthesia hand or finger pain arm weakness,Brachial neuritis
pelvic pain heavy menstrual flow unpredictable menstruation vaginal itching intermenstrual bleeding painful menstruation vulvar irritation difficulty eating jaundice mass on vulva swollen abdomen,Cervical cancer
pelvic pain heavy menstrual flow intermenstrual bleeding painful menstruation vulvar irritation difficulty eating jaundice mass on vulva swollen abdomen,Cervical cancer
pelvic pain heavy menstrual flow unpredictable menstruation vaginal itching intermenstrual bleeding painful menstruation vulvar irritation difficulty eating jaundice,Cervical cancer
pelvic pain heavy menstrual flow unpredictable menstruation vaginal itching intermenstrual bleeding vulvar irritation difficulty eating jaundice mass on vulva swollen abdomen,Cervical cancer
pelvic pain heavy menstrual flow intermenstrual bleeding painful menstruation vulvar irritation jaundice mass on vulva swollen abdomen,Cervical cancer
pelvic pain heavy menstrual flow unpredictable menstruation vaginal itching intermenstrual bleeding vulvar irritation difficulty eating jaundice,Cervical cancer
sharp abdominal pain anxiety and nervousness shortness of breath constipation ache all over back pain muscle swelling low back weakness elbow cramps or spasms back weakness pus in sputum,Adrenal adenoma
sharp abdominal pain anxiety and nervousness ache all over back pain muscle swelling low back weakness elbow cramps or spasms back weakness pus in sputum,Adrenal adenoma
sharp abdominal pain anxiety and nervousness shortness of breath constipation ache all over back pain muscle swelling low back weakness elbow cramps or spasms,Adrenal adenoma
sharp abdominal pain anxiety and nervousness shortness of breath constipation ache all over muscle swelling low back weakness elbow cramps or spasms back weakness pus in sputum,Adrenal adenoma
sharp abdominal pain anxiety and nervousness ache all over back pain muscle swelling elbow cramps or spasms back weakness pus in sputum,Adrenal adenoma
sharp abdominal pain anxiety and nervousness shortness of breath constipation ache all over muscle swelling low back weakness elbow cramps or spasms,Adrenal adenoma
sharp chest pain vomiting difficulty in swallowing nausea heartburn upper abdominal pain sore throat cough shortness of breath burning abdominal pain chest tightness,Esophagitis
sharp chest pain vomiting heartburn upper abdominal pain sore throat cough shortness of breath burning abdominal pain chest tightness,Esophagitis
sharp chest pain vomiting difficulty in swallowing nausea heartburn upper abdominal pain sore throat cough shortness of breath,Esophagitis
sharp chest pain vomiting difficulty in swallowing nausea heartburn sore throat cough shortness of breath burning abdominal pain chest tightness,Esophagitis
sharp chest pain vomiting heartburn upper abdominal pain sore throat shortness of breath burning abdominal pain chest tightness,Esophagitis
sharp chest pain vomiting difficulty in swallowing nausea heartburn sore throat cough shortness of breath,Esophagitis
sharp abdominal pain excessive anger ankle pain wrist pain pain during pregnancy facial pain joint stiffness or tightness pain or soreness of breast knee lump or mass pain in eye fatigue,Gas gangrene
sharp abdominal pain excessive anger pain during pregnancy facial pain joint stiffness or tightness pain or soreness of breast knee lump or mass pain in eye fatigue,Gas gangrene
sharp abdominal pain excessive anger ankle pain wrist pain pain during pregnancy facial pain joint stiffness or tightness pain or soreness of breast knee lump or mass,Gas gangrene
sharp abdominal pain excessive anger ankle pain wrist pain pain during pregnancy joint stiffness or tightness pain or soreness of breast knee lump or mass pain in eye fatigue,Gas gangrene
sharp abdominal pain excessive anger pain during pregnancy facial pain joint stiffness or tightness knee lump or mass pain in eye fatigue,Gas gangrene
sharp abdominal pain excessive anger ankle pain wrist pain pain during pregnancy joint stiffness or tightness pain or soreness of breast knee lump or mass,Gas gangrene
vaginal itching skin rash diaper rash sharp abdominal pain itching of skin suprapubic pain painful urination frequent urination problems during pregnancy pelvic pain vaginal pain,Yeast infection
vaginal itching skin rash itching of skin suprapubic pain painful urination frequent urination problems during pregnancy pelvic pain vaginal pain,Yeast infection
vaginal itching skin rash diaper rash sharp abdominal pain itching of skin suprapubic pain painful urination frequent urination problems during pregnancy,Yeast infection
vaginal itching skin rash diaper rash sharp abdominal pain itching of skin painful urination frequent urination problems during pregnancy pelvic pain vaginal pain,Yeast infection
vaginal itching skin rash itching of skin suprapubic pain painful urination problems during pregnancy pelvic pain vaginal pain,Yeast infection
vaginal itching skin rash diaper rash sharp abdominal pain itching of skin painful urination frequent urination problems during pregnancy,Yeast infection
back pain headache involuntary urination joint pain disturbance of memory drainage in throat eye moves abnormally feet turned in ringing in ear poor circulation leg weakness,Spina bifida
back pain headache disturbance of memory drainage in throat eye moves abnormally feet turned in ringing in ear poor circulation leg weakness,Spina bifida
back pain headache involuntary urination joint pain disturbance of memory drainage in throat eye moves abnormally feet turned in ringing in ear,Spina bifida
back pain headache involuntary urination joint pain disturbance of memory eye moves abnormally feet turned in ringing in ear poor circulation leg weakness,Spina bifida
back pain headache disturbance of memory drainage in throat eye moves abnormally ringing in ear poor circulation leg weakness,Spina bifida
back pain headache involuntary urination joint pain disturbance of memory eye moves abnormally feet turned in ringing in ear,Spina bifida
depressive or psychotic symptoms drug abuse fainting abusing alcohol sleepiness slurring words allergic reaction fluid retention delusions or hallucinations lip swelling stiffness all over,Drug poisoning due to medication
depressive or psychotic symptoms drug abuse sleepiness slurring words allergic reaction fluid retention delusions or hallucinations lip swelling stiffness all over,Drug poisoning due to medication
depressive or psychotic symptoms drug abuse fainting abusing alcohol sleepiness slurring words allergic reaction fluid retention delusions or hallucinations,Drug poisoning due to medication
depressive or psychotic symptoms drug abuse fainting abusing alcohol sleepiness allergic reaction fluid retention delusions or hallucinations lip swelling stiffness all over,Drug poisoning due to medication
depressive or psychotic symptoms drug abuse sleepiness slurring words allergic reaction delusions or hallucinations lip swelling stiffness all over,Drug poisoning due to medication
depressive or psychotic symptoms drug abuse fainting abusing alcohol sleepiness allergic reaction fluid retention delusions or hallucinations,Drug poisoning due to medication
sharp abdominal pain peripheral edema abdominal distention diarrhea abnormal involuntary movements vomiting blood blood in stool upper abdominal pain weight gain stomach bloating kidney mass,Alcoholic liver disease
sharp abdominal pain peripheral edema abnormal involuntary movements vomiting blood blood in stool upper abdominal pain weight gain stomach bloating kidney mass,Alcoholic liver disease
sharp abdominal pain peripheral edema abdominal distention diarrhea abnormal involuntary movements vomiting blood blood in stool upper abdominal pain weight gain,Alcoholic liver disease
sharp abdominal pain peripheral edema abdominal distention diarrhea abnormal involuntary movements blood in stool upper abdominal pain weight gain stomach bloating kidney mass,Alcoholic liver disease
sharp abdominal pain peripheral edema abnormal involuntary movements vomiting blood blood in stool weight gain stomach bloating kidney mass,Alcoholic liver disease
sharp abdominal pain peripheral edema abdominal distention diarrhea abnormal involuntary movements blood in stool upper abdominal pain weight gain,Alcoholic liver disease
sharp chest pain shortness of breath vomiting depressive or psychotic symptoms dizziness seizures loss of sensation peripheral edema insomnia focal weakness lower body pain,Malignant hypertension
sharp chest pain shortness of breath dizziness seizures loss of sensation peripheral edema insomnia focal weakness lower body pain,Malignant hypertension
sharp chest pain shortness of breath vomiting depressive or psychotic symptoms dizziness seizures loss of sensation peripheral edema insomnia,Malignant hypertension
sharp chest pain shortness of breath vomiting depressive or psychotic symptoms dizziness loss of sensation peripheral edema insomnia focal weakness lower body pain,Malignant hypertension
sharp chest pain shortness of breath dizziness seizures loss of sensation insomnia focal weakness lower body pain,Malignant hypertension
sharp chest pain shortness of breath vomiting depressive or psychotic symptoms dizziness loss of sensation peripheral edema insomnia,Malignant hypertension
sharp abdominal pain diarrhea nausea vomiting burning abdominal pain fever side pain blood in stool upper abdominal pain constipation chills,Diverticulitis
sharp abdominal pain diarrhea burning abdominal pain fever side pain blood in stool upper abdominal pain constipation chills,Diverticulitis
sharp abdominal pain diarrhea nausea vomiting burning abdominal pain fever side pain blood in stool upper abdominal pain,Diverticulitis
sharp abdominal pain diarrhea nausea vomiting burning abdominal pain side pain blood in stool upper abdominal pain constipation chills,Diverticulitis
sharp abdominal pain diarrhea burning abdominal pain fever side pain upper abdominal pain constipation chills,Diverticulitis
sharp abdominal pain diarrhea nausea vomiting burning abdominal pain side pain blood in stool upper abdominal pain,Diverticulitis
blindness depressive or psychotic symptoms loss of sensation seizures itchy eyelid wrist weakness excessive growth elbow cramps or spasms elbow weakness nailbiting hip stiffness or tightness,Moyamoya disease
blindness depressive or psychotic symptoms itchy eyelid wrist weakness excessive growth elbow cramps or spasms elbow weakness nailbiting hip stiffness or tightness,Moyamoya disease
blindness depressive or psychotic symptoms loss of sensation seizures itchy eyelid wrist weakness excessive growth elbow cramps or spasms elbow weakness,Moyamoya disease
blindness depressive or psychotic symptoms loss of sensation seizures itchy eyelid excessive growth elbow cramps or spasms elbow weakness nailbiting hip stiffness or tightness,Moyamoya disease
blindness depressive or psychotic symptoms itchy eyelid wrist weakness excessive growth elbow weakness nailbiting hip stiffness or tightness,Moyamoya disease
blindness depressive or psychotic symptoms loss of sensation seizures itchy eyelid excessive growth elbow cramps or spasms elbow weakness,Moyamoya disease
dizziness headache fainting vomiting nausea sharp chest pain fluid retention shortness of breath leg cramps or spasms feeling hot sweating,Heat exhaustion
dizziness headache nausea sharp chest pain fluid retention shortness of breath leg cramps or spasms feeling hot sweating,Heat exhaustion
dizziness headache fainting vomiting nausea sharp chest pain fluid retention shortness of breath leg cramps or spasms,Heat exhaustion
dizziness headache fainting vomiting nausea fluid retention shortness of breath leg cramps or spasms feeling hot sweating,Heat exhaustion
dizziness headache nausea sharp chest pain fluid retention leg cramps or spasms feeling hot sweating,Heat exhaustion
dizziness headache fainting vomiting nausea fluid retention shortness of breath leg cramps or spasms,Heat exhaustion
depressive or psychotic symptoms delusions or hallucinations anxiety and nervousness hostile behavior excessive anger insomnia drug abuse fears and phobias abusing alcohol temper problems hysterical behavior,Psychotic disorder
depressive or psychotic symptoms delusions or hallucinations excessive anger insomnia drug abuse fears and phobias abusing alcohol temper problems hysterical behavior,Psychotic disorder
depressive or psychotic symptoms delusions or hallucinations anxiety and nervousness hostile behavior excessive anger insomnia drug abuse fears and phobias abusing alcohol,Psychotic disorder
depressive or psychotic symptoms delusions or hallucinations anxiety and nervousness hostile behavior excessive anger drug abuse fears and phobias abusing alcohol temper problems hysterical behavior,Psychotic disorder
depressive or psychotic symptoms delusions or hallucinations excessive anger insomnia drug abuse abusing alcohol temper problems hysterical behavior,Psychotic disorder
depressive or psychotic symptoms delusions or hallucinations anxiety and nervousness hostile behavior excessive anger drug abuse fears and phobias abusing alcohol,Psychotic disorder
loss of sensation ache all over hand or finger swelling sharp chest pain fainting back pain elbow cramps or spasms nailbiting low back weakness feeling hot and cold elbow weakness,Frostbite
loss of sensation ache all over fainting back pain elbow cramps or spasms nailbiting low back weakness feeling hot and cold elbow weakness,Frostbite
loss of sensation ache all over hand or finger swelling sharp chest pain fainting back pain elbow cramps or spasms nailbiting low back weakness,Frostbite
loss of sensation ache all over hand or finger swelling sharp chest pain fainting elbow cramps or spasms nailbiting low back weakness feeling hot and cold elbow weakness,Frostbite
loss of sensation ache all over fainting back pain elbow cramps or spasms low back weakness feeling hot and cold elbow weakness,Frostbite
loss of sensation ache all over hand or finger swelling sharp chest pain fainting elbow cramps or spasms nailbiting low back weakness,Frostbite
penis pain abnormal appearing skin skin growth impotence fever temper problems congestion in chest penis redness frequent urination penile discharge groin pain,Atrophy of the corpus cavernosum
penis pain abnormal appearing skin fever temper problems congestion in chest penis redness frequent urination penile discharge groin pain,Atrophy of the corpus cavernosum
penis pain abnormal appearing skin skin growth impotence fever temper problems congestion in chest penis redness frequent urination,Atrophy of the corpus cavernosum
penis pain abnormal appearing skin skin growth impotence fever congestion in chest penis redness frequent urination penile discharge groin pain,Atrophy of the corpus cavernosum
penis pain abnormal appearing skin fever temper problems congestion in chest frequent urination penile discharge groin pain,Atrophy of the corpus cavernosum
penis pain abnormal appearing skin skin growth impotence fever congestion in chest penis redness frequent urination,Atrophy of the corpus cavernosum
smoking problems sharp chest pain shortness of breath headache drug abuse abusing alcohol coughing up sputum hurts to breath excessive anger sinus congestion hemoptysis,Smoking or tobacco addiction
smoking problems sharp chest pain drug abuse abusing alcohol coughing up sputum hurts to breath excessive anger sinus congestion hemoptysis,Smoking or tobacco addiction
smoking problems sharp chest pain shortness of breath headache drug abuse abusing alcohol coughing up sputum hurts to breath excessive anger,Smoking or tobacco addiction
smoking problems sharp chest pain shortness of breath headache drug abuse coughing up sputum hurts to breath excessive anger sinus congestion hemoptysis,Smoking or tobacco addiction
smoking problems sharp chest pain drug abuse abusing alcohol coughing up sputum excessive anger sinus congestion hemoptysis,Smoking or tobacco addiction
smoking problems sharp chest pain shortness of breath headache drug abuse coughing up sputum hurts to breath excessive anger,Smoking or tobacco addiction
back pain ankle pain knee pain low back pain shoulder pain leg pain foot or toe pain headache wrist pain hand or finger pain arm pain,Sprain or strain
back pain ankle pain shoulder pain leg pain foot or toe pain headache wrist pain hand or finger pain arm pain,Sprain or strain
back pain ankle pain knee pain low back pain shoulder pain leg pain foot or toe pain headache wrist pain,Sprain or strain
back pain ankle pain knee pain low back pain shoulder pain foot or toe pain headache wrist pain hand or finger pain arm pain,Sprain or strain
back pain ankle pain shoulder pain leg pain foot or toe pain wrist pain hand or finger pain arm pain,Sprain or strain
back pain ankle pain knee pain low back pain shoulder pain foot or toe pain headache wrist pain,Sprain or strain
abnormal involuntary movements headache dizziness seizures loss of sensation disturbance of memory muscle pain painful sinuses arm stiffness or tightness hoarse voice fears and phobias,Essential tremor
abnormal involuntary movements headache loss of sensation disturbance of memory muscle pain painful sinuses arm stiffness or tightness hoarse voice fears and phobias,Essential tremor
abnormal involuntary movements headache dizziness seizures loss of sensation disturbance of memory muscle pain painful sinuses arm stiffness or tightness,Essential tremor
abnormal involuntary movements headache dizziness seizures loss of sensation muscle pain painful sinuses arm stiffness or tightness hoarse voice fears and phobias,Essential tremor
abnormal involuntary movements headache loss of sensation disturbance of memory muscle pain arm stiffness or tightness hoarse voice fears and phobias,Essential tremor
abnormal involuntary movements headache dizziness seizures loss of sensation muscle pain painful sinuses arm stiffness or tightness,Essential tremor
ear pain fluid in ear facial pain disturbance of memory symptoms of eye dry lips plugged feeling in ear ringing in ear,Open wound of the ear
ear pain fluid in ear symptoms of eye dry lips plugged feeling in ear ringing in ear,Open wound of the ear
ear pain fluid in ear facial pain disturbance of memory symptoms of eye plugged feeling in ear ringing in ear,Open wound of the ear
ear pain fluid in ear symptoms of eye dry lips plugged feeling in ear,Open wound of the ear
nasal congestion nosebleed regurgitation redness in or around nose,Foreign body in the nose
nasal congestion nosebleed,Foreign body in the nose
painful menstruation pelvic pain heavy menstrual flow lower abdominal pain cramps and spasms long menstrual periods unpredictable menstruation blood clots during menstrual periods absence of menstruation vaginal discharge vaginal itching,Idiopathic painful menstruation
painful menstruation pelvic pain cramps and spasms long menstrual periods unpredictable menstruation blood clots during menstrual periods absence of menstruation vaginal discharge vaginal itching,Idiopathic painful menstruation
painful menstruation pelvic pain heavy menstrual flow lower abdominal pain cramps and spasms long menstrual periods unpredictable menstruation blood clots during menstrual periods absence of menstruation,Idiopathic painful menstruation
painful menstruation pelvic pain heavy menstrual flow lower abdominal pain cramps and spasms unpredictable menstruation blood clots during menstrual periods absence of menstruation vaginal discharge vaginal itching,Idiopathic painful menstruation
painful menstruation pelvic pain cramps and spasms long menstrual periods unpredictable menstruation absence of menstruation vaginal discharge vaginal itching,Idiopathic painful menstruation
painful menstruation pelvic pain heavy menstrual flow lower abdominal pain cramps and spasms unpredictable menstruation blood clots during menstrual periods absence of menstruation,Idiopathic painful menstruation
fever cough seizures decreased appetite lack of growth temper problems fluid in ear apnea difficulty speaking difficulty in swallowing infant feeding problem,Down syndrome
fever cough lack of growth temper problems fluid in ear apnea difficulty speaking difficulty in swallowing infant feeding problem,Down syndrome
fever cough seizures decreased appetite lack of growth temper problems fluid in ear apnea difficulty speaking,Down syndrome
fever cough seizures decreased appetite lack of growth fluid in ear apnea difficulty speaking difficulty in swallowing infant feeding problem,Down syndrome
fever cough lack of growth temper problems fluid in ear difficulty speaking difficulty in swallowing infant feeding problem,Down syndrome
fever cough seizures decreased appetite lack of growth fluid in ear apnea difficulty speaking,Down syndrome
unpredictable menstruation vaginal discharge sharp abdominal pain scanty menstrual flow nausea infrequent menstruation infertility absence of menstruation pain or soreness of breast frequent urination retention of urine,Idiopathic infrequent menstruation
unpredictable menstruation vaginal discharge nausea infrequent menstruation infertility absence of menstruation pain or soreness of breast frequent urination retention of urine,Idiopathic infrequent menstruation
unpredictable menstruation vaginal discharge sharp abdominal pain scanty menstrual flow nausea infrequent menstruation infertility absence of menstruation pain or soreness of breast,Idiopathic infrequent menstruation
unpredictable menstruation vaginal discharge sharp abdominal pain scanty menstrual flow nausea infertility absence of menstruation pain or soreness of breast frequent urination retention of urine,Idiopathic infrequent menstruation
unpredictable menstruation vaginal discharge nausea infrequent menstruation infertility pain or soreness of breast frequent urination retention of urine,Idiopathic infrequent menstruation
unpredictable menstruation vaginal discharge sharp abdominal pain scanty menstrual flow nausea infertility absence of menstruation pain or soreness of breast,Idiopathic infrequent menstruation
sharp chest pain shoulder pain difficulty breathing rib pain back pain cough side pain coughing up sputum drainage in throat drug abuse hurts to breath,Pneumothorax
sharp chest pain shoulder pain back pain cough side pain coughing up sputum drainage in throat drug abuse hurts to breath,Pneumothorax
sharp chest pain shoulder pain difficulty breathing rib pain back pain cough side pain coughing up sputum drainage in throat,Pneumothorax
sharp chest pain shoulder pain difficulty breathing rib pain back pain side pain coughing up sputum drainage in throat drug abuse hurts to breath,Pneumothorax
sharp chest pain shoulder pain back pain cough side pain drainage in throat drug abuse hurts to breath,Pneumothorax
sharp chest pain shoulder pain difficulty breathing rib pain back pain side pain coughing up sputum drainage in throat,Pneumothorax
wrist pain shoulder pain wrist swelling arm pain hand or finger swelling peripheral edema wrist stiffness or tightness abnormal involuntary movements lower body pain,De Quervain disease
wrist pain shoulder pain hand or finger swelling peripheral edema wrist stiffness or tightness abnormal involuntary movements lower body pain,De Quervain disease
wrist pain shoulder pain wrist swelling arm pain hand or finger swelling wrist stiffness or tightness abnormal involuntary movements lower body pain,De Quervain disease
wrist pain shoulder pain hand or finger swelling peripheral edema wrist stiffness or tightness lower body pain,De Quervain disease
back pain neck pain hip pain bones are painful problems with movement pelvic pain leg stiffness or tightness arm weakness hand or finger stiffness or tightness hip weakness muscle stiffness or tightness,Fracture of the vertebra
back pain neck pain problems with movement pelvic pain leg stiffness or tightness arm weakness hand or finger stiffness or tightness hip weakness muscle stiffness or tightness,Fracture of the vertebra
back pain neck pain hip pain bones are painful problems with movement pelvic pain leg stiffness or tightness arm weakness hand or finger stiffness or tightness,Fracture of the vertebra
back pain neck pain hip pain bones are painful problems with movement leg stiffness or tightness arm weakness hand or finger stiffness or tightness hip weakness muscle stiffness or tightness,Fracture of the vertebra
back pain neck pain problems with movement pelvic pain leg stiffness or tightness hand or finger stiffness or tightness hip weakness muscle stiffness or tightness,Fracture of the vertebra
back pain neck pain hip pain bones are painful problems with movement leg stiffness or tightness arm weakness hand or finger stiffness or tightness,Fracture of the vertebra
drug abuse mouth pain nightmares,Human immunodeficiency virus infection (HIV)
drug abuse mouth pain,Human immunodeficiency virus infection (HIV)
jaw swelling neck swelling sore throat fever flu like syndrome swollen lymph nodes fluid retention nailbiting shoulder swelling eye strain hip stiffness or tightness,Mumps
jaw swelling neck swelling flu like syndrome swollen lymph nodes fluid retention nailbiting shoulder swelling eye strain hip stiffness or tightness,Mumps
jaw swelling neck swelling sore throat fever flu like syndrome swollen lymph nodes fluid retention nailbiting shoulder swelling,Mumps
jaw swelling neck swelling sore throat fever flu like syndrome fluid retention nailbiting shoulder swelling eye strain hip stiffness or tightness,Mumps
jaw swelling neck swelling flu like syndrome swollen lymph nodes fluid retention shoulder swelling eye strain hip stiffness or tightness,Mumps
jaw swelling neck swelling sore throat fever flu like syndrome fluid retention nailbiting shoulder swelling,Mumps
headache vomiting neck pain weakness fainting loss of sensation seizures symptoms of eye nosebleed bleeding from ear disturbance of memory,Subarachnoid hemorrhage
headache vomiting fainting loss of sensation seizures symptoms of eye nosebleed bleeding from ear disturbance of memory,Subarachnoid hemorrhage
headache vomiting neck pain weakness fainting loss of sensation seizures symptoms of eye nosebleed,Subarachnoid hemorrhage
headache vomiting neck pain weakness fainting seizures symptoms of eye nosebleed bleeding from ear disturbance of memory,Subarachnoid hemorrhage
headache vomiting fainting loss of sensation seizures nosebleed bleeding from ear disturbance of memory,Subarachnoid hemorrhage
headache vomiting neck pain weakness fainting seizures symptoms of eye nosebleed,Subarachnoid hemorrhage
pain during pregnancy itching of skin eye strain wrist weakness itchy eyelid nailbiting hip stiffness or tightness elbow weakness elbow cramps or spasms emotional symptoms cross eyed,Acute fatty liver of pregnancy (AFLP)
pain during pregnancy itching of skin itchy eyelid nailbiting hip stiffness or tightness elbow weakness elbow cramps or spasms emotional symptoms cross eyed,Acute fatty liver of pregnancy (AFLP)
pain during pregnancy itching of skin eye strain wrist weakness itchy eyelid nailbiting hip stiffness or tightness elbow weakness elbow cramps or spasms,Acute fatty liver of pregnancy (AFLP)
pain during pregnancy itching of skin eye strain wrist weakness itchy eyelid hip stiffness or tightness elbow weakness elbow cramps or spasms emotional symptoms cross eyed,Acute fatty liver of pregnancy (AFLP)
pain during pregnancy itching of skin itchy eyelid nailbiting hip stiffness or tightness elbow cramps or spasms emotional symptoms cross eyed,Acute fatty liver of pregnancy (AFLP)
pain during pregnancy itching of skin eye strain wrist weakness itchy eyelid hip stiffness or tightness elbow weakness elbow cramps or spasms,Acute fatty liver of pregnancy (AFLP)
lacrimation abnormal movement of eyelid symptoms of eye eye redness spots or clouds in vision eyelid lesion or rash foreign body sensation in eye swollen eye diminished vision white discharge from eye itchiness of eye,Ectropion
lacrimation abnormal movement of eyelid spots or clouds in vision eyelid lesion or rash foreign body sensation in eye swollen eye diminished vision white discharge from eye itchiness of eye,Ectropion
lacrimation abnormal movement of eyelid symptoms of eye eye redness spots or clouds in vision eyelid lesion or rash foreign body sensation in eye swollen eye diminished vision,Ectropion
lacrimation abnormal movement of eyelid symptoms of eye eye redness spots or clouds in vision foreign body sensation in eye swollen eye diminished vision white discharge from eye itchiness of eye,Ectropion
lacrimation abnormal movement of eyelid spots or clouds in vision eyelid lesion or rash foreign body sensation in eye diminished vision white discharge from eye itchiness of eye,Ectropion
lacrimation abnormal movement of eyelid symptoms of eye eye redness spots or clouds in vision foreign body sensation in eye swollen eye diminished vision,Ectropion
diarrhea headache sharp abdominal pain nasal congestion shortness of breath constipation muscle pain flatulence weight gain impotence cramps and spasms,Lactose intolerance
diarrhea headache shortness of breath constipation muscle pain flatulence weight gain impotence cramps and spasms,Lactose intolerance
diarrhea headache sharp abdominal pain nasal congestion shortness of breath constipation muscle pain flatulence weight gain,Lactose intolerance
diarrhea headache sharp abdominal pain nasal congestion shortness of breath muscle pain flatulence weight gain impotence cramps and spasms,Lactose intolerance
diarrhea headache shortness of breath constipation muscle pain weight gain impotence cramps and spasms,Lactose intolerance
diarrhea headache sharp abdominal pain nasal congestion shortness of breath muscle pain flatulence weight gain,Lactose intolerance
ear pain plugged feeling in ear redness in ear nasal congestion sore throat fluid in ear dizziness ringing in ear abnormal breathing sounds allergic reaction swollen or red tonsils,Eustachian tube dysfunction (ear disorder)
ear pain plugged feeling in ear sore throat fluid in ear dizziness ringing in ear abnormal breathing sounds allergic reaction swollen or red tonsils,Eustachian tube dysfunction (ear disorder)
ear pain plugged feeling in ear redness in ear nasal congestion sore throat fluid in ear dizziness ringing in ear abnormal breathing sounds,Eustachian tube dysfunction (ear disorder)
ear pain plugged feeling in ear redness in ear nasal congestion sore throat dizziness ringing in ear abnormal breathing sounds allergic reaction swollen or red tonsils,Eustachian tube dysfunction (ear disorder)
ear pain plugged feeling in ear sore throat fluid in ear dizziness abnormal breathing sounds allergic reaction swollen or red tonsils,Eustachian tube dysfunction (ear disorder)
ear pain plugged feeling in ear redness in ear nasal congestion sore throat dizziness ringing in ear abnormal breathing sounds,Eustachian tube dysfunction (ear disorder)
sharp abdominal pain vomiting nausea fever burning abdominal pain side pain diarrhea upper abdominal pain chills decreased appetite stomach bloating,Appendicitis
sharp abdominal pain vomiting burning abdominal pain side pain diarrhea upper abdominal pain chills decreased appetite stomach bloating,Appendicitis
sharp abdominal pain vomiting nausea fever burning abdominal pain side pain diarrhea upper abdominal pain chills,Appendicitis
sharp abdominal pain vomiting nausea fever burning abdominal pain diarrhea upper abdominal pain chills decreased appetite stomach bloating,Appendicitis
sharp abdominal pain vomiting burning abdominal pain side pain diarrhea chills decreased appetite stomach bloating,Appendicitis
sharp abdominal pain vomiting nausea fever burning abdominal pain diarrhea upper abdominal pain chills,Appendicitis
dizziness palpitations sweating abnormal involuntary movements weight gain leg cramps or spasms irregular heartbeat involuntary urination foot or toe swelling muscle cramps,Graves disease
dizziness palpitations weight gain leg cramps or spasms irregular heartbeat involuntary urination foot or toe swelling muscle cramps symptoms,Graves disease
dizziness palpitations sweating abnormal involuntary movements weight gain leg cramps or spasms irregular heartbeat involuntary urination foot or toe swelling,Graves disease
dizziness palpitations weight gain leg cramps or spasms irregular heartbeat involuntary urination foot or toe swelling muscle cramps,Graves disease
dizziness palpitations sweating abnormal involuntary movements weight gain irregular heartbeat involuntary urination foot or toe swelling muscle cramps,Graves disease
dizziness palpitations weight gain leg cramps or spasms irregular heartbeat foot or toe swelling muscle cramps symptoms,Graves disease
dizziness palpitations sweating abnormal involuntary movements weight gain irregular heartbeat involuntary urination foot or toe swelling,Graves disease
dizziness palpitations weight gain leg cramps or spasms irregular heartbeat foot or toe swelling muscle cramps,Graves disease
depressive or psychotic symptoms depression low self esteem excessive anger disturbance of memory delusions or hallucinations back weakness muscle swelling elbow cramps or spasms pus in urine low back weakness,Dissociative disorder
depressive or psychotic symptoms depression disturbance of memory delusions or hallucinations back weakness muscle swelling elbow cramps or spasms pus in urine low back weakness,Dissociative disorder
depressive or psychotic symptoms depression low self esteem excessive anger disturbance of memory delusions or hallucinations back weakness muscle swelling elbow cramps or spasms,Dissociative disorder
depressive or psychotic symptoms depression low self esteem excessive anger disturbance of memory back weakness muscle swelling elbow cramps or spasms pus in urine low back weakness,Dissociative disorder
depressive or psychotic symptoms depression disturbance of memory delusions or hallucinations back weakness elbow cramps or spasms pus in urine low back weakness,Dissociative disorder
depressive or psychotic symptoms depression low self esteem excessive anger disturbance of memory back weakness muscle swelling elbow cramps or spasms,Dissociative disorder
facial pain feeling hot jaw swelling symptoms of the kidneys wrist swelling neck swelling redness in or around nose eyelid swelling,Open wound of the face
facial pain feeling hot wrist swelling neck swelling redness in or around nose eyelid swelling,Open wound of the face
facial pain feeling hot jaw swelling symptoms of the kidneys wrist swelling redness in or around nose eyelid swelling,Open wound of the face
facial pain feeling hot wrist swelling neck swelling redness in or around nose,Open wound of the face
neck pain low back pain bones are painful hand or finger pain leg pain loss of sensation arm pain elbow weakness excessive growth feeling hot and cold wrist weakness,Dislocation of the vertebra
neck pain low back pain leg pain loss of sensation arm pain elbow weakness excessive growth feeling hot and cold wrist weakness,Dislocation of the vertebra
neck pain low back pain bones are painful hand or finger pain leg pain loss of sensation arm pain elbow weakness excessive growth,Dislocation of the vertebra
neck pain low back pain bones are painful hand or finger pain leg pain arm pain elbow weakness excessive growth feeling hot and cold wrist weakness,Dislocation of the vertebra
neck pain low back pain leg pain loss of sensation arm pain excessive growth feeling hot and cold wrist weakness,Dislocation of the vertebra
neck pain low back pain bones are painful hand or finger pain leg pain arm pain elbow weakness excessive growth,Dislocation of the vertebra
penis pain retention of urine painful urination blood in urine penile discharge bumps on penis thirst symptoms of the scrotum and testes impotence itchiness of eye,Phimosis
penis pain retention of urine penile discharge bumps on penis thirst symptoms of the scrotum and testes impotence itchiness of eye,Phimosis
penis pain retention of urine painful urination blood in urine penile discharge bumps on penis thirst symptoms of the scrotum and testes impotence,Phimosis
penis pain retention of urine painful urination blood in urine penile discharge thirst symptoms of the scrotum and testes impotence itchiness of eye,Phimosis
penis pain retention of urine penile discharge bumps on penis thirst impotence itchiness of eye,Phimosis
penis pain retention of urine painful urination blood in urine penile discharge thirst symptoms of the scrotum and testes impotence,Phimosis
vomiting problems during pregnancy sharp abdominal pain pain during pregnancy diarrhea burning abdominal pain dizziness headache weakness vomiting blood upper abdominal pain,Hyperemesis gravidarum
vomiting problems during pregnancy diarrhea burning abdominal pain dizziness headache weakness vomiting blood upper abdominal pain,Hyperemesis gravidarum
vomiting problems during pregnancy sharp abdominal pain pain during pregnancy diarrhea burning abdominal pain dizziness headache weakness,Hyperemesis gravidarum
vomiting problems during pregnancy sharp abdominal pain pain during pregnancy diarrhea dizziness headache weakness vomiting blood upper abdominal pain,Hyperemesis gravidarum
vomiting problems during pregnancy diarrhea burning abdominal pain dizziness weakness vomiting blood upper abdominal pain,Hyperemesis gravidarum
vomiting problems during pregnancy sharp abdominal pain pain during pregnancy diarrhea dizziness headache weakness,Hyperemesis gravidarum
uterine contractions problems during pregnancy spotting or bleeding during pregnancy cramps and spasms pelvic pressure,Pregnancy
uterine contractions problems during pregnancy pelvic pressure,Pregnancy
congestion in chest fatigue regurgitation coryza knee swelling diminished vision pain in testicles arm pain muscle swelling low back weakness elbow weakness,Thalassemia
congestion in chest fatigue knee swelling diminished vision pain in testicles arm pain muscle swelling low back weakness elbow weakness,Thalassemia
congestion in chest fatigue regurgitation coryza knee swelling diminished vision pain in testicles arm pain muscle swelling,Thalassemia
congestion in chest fatigue regurgitation coryza knee swelling pain in testicles arm pain muscle swelling low back weakness elbow weakness,Thalassemia
congestion in chest fatigue knee swelling diminished vision pain in testicles muscle swelling low back weakness elbow weakness,Thalassemia
congestion in chest fatigue regurgitation coryza knee swelling pain in testicles arm pain muscle swelling,Thalassemia
spotting or bleeding during pregnancy cramps and spasms uterine contractions delusions or hallucinations problems during pregnancy involuntary urination vaginal discharge,Placenta previa
spotting or bleeding during pregnancy cramps and spasms problems during pregnancy involuntary urination vaginal discharge,Placenta previa
spotting or bleeding during pregnancy cramps and spasms uterine contractions delusions or hallucinations problems during pregnancy vaginal discharge,Placenta previa
back pain side pain dizziness leg pain diminished hearing elbow weakness excessive growth low back weakness feeling hot and cold wrist weakness emotional symptoms,Epidural hemorrhage
back pain side pain diminished hearing elbow weakness excessive growth low back weakness feeling hot and cold wrist weakness emotional symptoms,Epidural hemorrhage
back pain side pain dizziness leg pain diminished hearing elbow weakness excessive growth low back weakness feeling hot and cold,Epidural hemorrhage
back pain side pain dizziness leg pain diminished hearing excessive growth low back weakness feeling hot and cold wrist weakness emotional symptoms,Epidural hemorrhage
back pain side pain diminished hearing elbow weakness excessive growth feeling hot and cold wrist weakness emotional symptoms,Epidural hemorrhage
back pain side pain dizziness leg pain diminished hearing excessive growth low back weakness feeling hot and cold,Epidural hemorrhage
knee pain fever leg pain problems with movement hand or finger pain elbow pain feeling ill skin on arm or hand looks infected hip pain abnormal appearing skin elbow swelling,Septic arthritis
knee pain fever hand or finger pain elbow pain feeling ill skin on arm or hand looks infected hip pain abnormal appearing skin elbow swelling,Septic arthritis
knee pain fever leg pain problems with movement hand or finger pain elbow pain feeling ill skin on arm or hand looks infected hip pain,Septic arthritis
knee pain fever leg pain problems with movement hand or finger pain feeling ill skin on arm or hand looks infected hip pain abnormal appearing skin elbow swelling,Septic arthritis
knee pain fever hand or finger pain elbow pain feeling ill hip pain abnormal appearing skin elbow swelling,Septic arthritis
knee pain fever leg pain problems with movement hand or finger pain feeling ill skin on arm or hand looks infected hip pain,Septic arthritis
sharp chest pain cough difficulty breathing hurts to breath back pain rib pain fever sharp abdominal pain drainage in throat weakness side pain,Pleural effusion
sharp chest pain cough back pain rib pain fever sharp abdominal pain drainage in throat weakness side pain,Pleural effusion
sharp chest pain cough difficulty breathing hurts to breath back pain rib pain fever sharp abdominal pain drainage in throat,Pleural effusion
sharp chest pain cough difficulty breathing hurts to breath back pain fever sharp abdominal pain drainage in throat weakness side pain,Pleural effusion
sharp chest pain cough back pain rib pain fever drainage in throat weakness side pain,Pleural effusion
sharp chest pain cough difficulty breathing hurts to breath back pain fever sharp abdominal pain drainage in throat,Pleural effusion
diminished vision pain in eye eye redness itchiness of eye spots or clouds in vision eye burns or stings mass on eyelid,Aphakia
diminished vision pain in eye spots or clouds in vision eye burns or stings mass on eyelid,Aphakia
diminished vision pain in eye eye redness itchiness of eye spots or clouds in vision mass on eyelid,Aphakia
peripheral edema swollen lymph nodes ear pain jaw swelling neck mass neck swelling sore throat neck pain cough difficulty in swallowing nasal congestion,Sialoadenitis
peripheral edema swollen lymph nodes neck mass neck swelling sore throat neck pain cough difficulty in swallowing nasal congestion,Sialoadenitis
peripheral edema swollen lymph nodes ear pain jaw swelling neck mass neck swelling sore throat neck pain cough,Sialoadenitis
peripheral edema swollen lymph nodes ear pain jaw swelling neck mass sore throat neck pain cough difficulty in swallowing nasal congestion,Sialoadenitis
peripheral edema swollen lymph nodes neck mass neck swelling sore throat cough difficulty in swallowing nasal congestion,Sialoadenitis
peripheral edema swollen lymph nodes ear pain jaw swelling neck mass sore throat neck pain cough,Sialoadenitis
problems with shape or size of breast back pain pain or soreness of breast neck pain weight gain skin swelling bones are painful irregular belly button,Gynecomastia
problems with shape or size of breast back pain weight gain skin swelling bones are painful irregular belly button,Gynecomastia
problems with shape or size of breast back pain pain or soreness of breast neck pain weight gain bones are painful irregular belly button,Gynecomastia
problems with shape or size of breast back pain weight gain skin swelling bones are painful,Gynecomastia
painful urination sharp abdominal pain frequent urination fever vomiting back pain nausea blood in urine side pain retention of urine lower abdominal pain,Urinary tract infection
painful urination sharp abdominal pain vomiting back pain nausea blood in urine side pain retention of urine lower abdominal pain,Urinary tract infection
painful urination sharp abdominal pain frequent urination fever vomiting back pain nausea blood in urine side pain,Urinary tract infection
painful urination sharp abdominal pain frequent urination fever vomiting nausea blood in urine side pain retention of urine lower abdominal pain,Urinary tract infection
painful urination sharp abdominal pain vomiting back pain nausea side pain retention of urine lower abdominal pain,Urinary tract infection
painful urination sharp abdominal pain frequent urination fever vomiting nausea blood in urine side pain,Urinary tract infection
lacrimation cough double vision eye redness decreased appetite diminished vision elbow cramps or spasms elbow weakness excessive growth low back weakness feeling hot and cold,Histoplasmosis
lacrimation cough decreased appetite diminished vision elbow cramps or spasms elbow weakness excessive growth low back weakness feeling hot and cold,Histoplasmosis
lacrimation cough double vision eye redness decreased appetite diminished vision elbow cramps or spasms elbow weakness excessive growth,Histoplasmosis
lacrimation cough double vision eye redness decreased appetite elbow cramps or spasms elbow weakness excessive growth low back weakness feeling hot and cold,Histoplasmosis
lacrimation cough decreased appetite diminished vision elbow cramps or spasms excessive growth low back weakness feeling hot and cold,Histoplasmosis
lacrimation cough double vision eye redness decreased appetite elbow cramps or spasms elbow weakness excessive growth,Histoplasmosis
skin rash itching of skin coryza skin lesion vomiting mouth ulcer skin pain pain in eye fluid retention allergic reaction difficulty in swallowing,Erythema multiforme
skin rash itching of skin vomiting mouth ulcer skin pain pain in eye fluid retention allergic reaction difficulty in swallowing,Erythema multiforme
skin rash itching of skin coryza skin lesion vomiting mouth ulcer skin pain pain in eye fluid retention,Erythema multiforme
skin rash itching of skin coryza skin lesion vomiting skin pain pain in eye fluid retention allergic reaction difficulty in swallowing,Erythema multiforme
skin rash itching of skin vomiting mouth ulcer skin pain fluid retention allergic reaction difficulty in swallowing,Erythema multiforme
skin rash itching of skin coryza skin lesion vomiting skin pain pain in eye fluid retention,Erythema multiforme
back pain leg pain problems with movement lower body pain leg weakness knee swelling unusual color or odor to urine knee stiffness or tightness foot or toe stiffness or tightness muscle cramps,Scoliosis
back pain leg pain leg weakness knee swelling unusual color or odor to urine knee stiffness or tightness foot or toe stiffness or tightness muscle cramps symptoms,Scoliosis
back pain leg pain problems with movement lower body pain leg weakness knee swelling unusual color or odor to urine knee stiffness or tightness foot or toe stiffness or tightness,Scoliosis
back pain leg pain leg weakness knee swelling unusual color or odor to urine knee stiffness or tightness foot or toe stiffness or tightness muscle cramps,Scoliosis
back pain leg pain problems with movement lower body pain leg weakness unusual color or odor to urine knee stiffness or tightness foot or toe stiffness or tightness muscle cramps,Scoliosis
back pain leg pain leg weakness knee swelling unusual color or odor to urine foot or toe stiffness or tightness muscle cramps symptoms,Scoliosis
back pain leg pain problems with movement lower body pain leg weakness unusual color or odor to urine knee stiffness or tightness foot or toe stiffness or tightness,Scoliosis
back pain leg pain leg weakness knee swelling unusual color or odor to urine foot or toe stiffness or tightness muscle cramps,Scoliosis
foot or toe pain knee pain problems with movement skin on leg or foot looks infected skin moles leg swelling stiffness all over skin growth pain or soreness of breast skin irritation foot or toe swelling,Bunion
foot or toe pain knee pain skin moles leg swelling stiffness all over skin growth pain or soreness of breast skin irritation foot or toe swelling,Bunion
foot or toe pain knee pain problems with movement skin on leg or foot looks infected skin moles leg swelling stiffness all over skin growth pain or soreness of breast,Bunion
foot or toe pain knee pain problems with movement skin on leg or foot looks infected skin moles stiffness all over skin growth pain or soreness of breast skin irritation foot or toe swelling,Bunion
foot or toe pain knee pain skin moles leg swelling stiffness all over pain or soreness of breast skin irritation foot or toe swelling,Bunion
foot or toe pain knee pain problems with movement skin on leg or foot looks infected skin moles stiffness all over skin growth pain or soreness of breast,Bunion
palpitations dizziness irregular heartbeat increased heart rate shortness of breath difficulty breathing fainting weakness chest tightness fatigue leg cramps or spasms,Arrhythmia
palpitations dizziness shortness of breath difficulty breathing fainting weakness chest tightness fatigue leg cramps or spasms,Arrhythmia
palpitations dizziness irregular heartbeat increased heart rate shortness of breath difficulty breathing fainting weakness chest tightness,Arrhythmia
palpitations dizziness irregular heartbeat increased heart rate shortness of breath fainting weakness chest tightness fatigue leg cramps or spasms,Arrhythmia
palpitations dizziness shortness of breath difficulty breathing fainting chest tightness fatigue leg cramps or spasms,Arrhythmia
palpitations dizziness irregular heartbeat increased heart rate shortness of breath fainting weakness chest tightness,Arrhythmia
abnormal breathing sounds apnea low back pain frequent urination sleepiness abnormal appearing skin ache all over ringing in ear delusions or hallucinations elbow cramps or spasms nailbiting,Paget disease
abnormal breathing sounds apnea sleepiness abnormal appearing skin ache all over ringing in ear delusions or hallucinations elbow cramps or spasms nailbiting,Paget disease
abnormal breathing sounds apnea low back pain frequent urination sleepiness abnormal appearing skin ache all over ringing in ear delusions or hallucinations,Paget disease
abnormal breathing sounds apnea low back pain frequent urination sleepiness ache all over ringing in ear delusions or hallucinations elbow cramps or spasms nailbiting,Paget disease
abnormal breathing sounds apnea sleepiness abnormal appearing skin ache all over delusions or hallucinations elbow cramps or spasms nailbiting,Paget disease
abnormal breathing sounds apnea low back pain frequent urination sleepiness ache all over ringing in ear delusions or hallucinations,Paget disease
facial pain dizziness loss of sensation symptoms of the face ache all over pain in eye toothache paresthesia abnormal involuntary movements swollen eye tongue pain,Trigeminal neuralgia
facial pain dizziness ache all over pain in eye toothache paresthesia abnormal involuntary movements swollen eye tongue pain,Trigeminal neuralgia
facial pain dizziness loss of sensation symptoms of the face ache all over pain in eye toothache paresthesia abnormal involuntary movements,Trigeminal neuralgia
facial pain dizziness loss of sensation symptoms of the face ache all over toothache paresthesia abnormal involuntary movements swollen eye tongue pain,Trigeminal neuralgia
facial pain dizziness ache all over pain in eye toothache abnormal involuntary movements swollen eye tongue pain,Trigeminal neuralgia
facial pain dizziness loss of sensation symptoms of the face ache all over toothache paresthesia abnormal involuntary movements,Trigeminal neuralgia
back pain hip pain leg pain knee pain ache all over elbow pain lower body pain joint pain paresthesia rib pain stiffness all over,Ankylosing spondylitis
back pain hip pain ache all over elbow pain lower body pain joint pain paresthesia rib pain stiffness all over,Ankylosing spondylitis
back pain hip pain leg pain knee pain ache all over elbow pain lower body pain joint pain paresthesia,Ankylosing spondylitis
back pain hip pain leg pain knee pain ache all over lower body pain joint pain paresthesia rib pain stiffness all over,Ankylosing spondylitis
back pain hip pain ache all over elbow pain lower body pain paresthesia rib pain stiffness all over,Ankylosing spondylitis
back pain hip pain leg pain knee pain ache all over lower body pain joint pain paresthesia,Ankylosing spondylitis
loss of sensation paresthesia foot or toe pain dizziness back pain problems with movement arm pain abnormal involuntary movements leg weakness disturbance of memory arm weakness,Peripheral nerve disorder
loss of sensation paresthesia back pain problems with movement arm pain abnormal involuntary movements leg weakness disturbance of memory arm weakness,Peripheral nerve disorder
loss of sensation paresthesia foot or toe pain dizziness back pain problems with movement arm pain abnormal involuntary movements leg weakness,Peripheral nerve disorder
loss of sensation paresthesia foot or toe pain dizziness back pain arm pain abnormal involuntary movements leg weakness disturbance of memory arm weakness,Peripheral nerve disorder
loss of sensation paresthesia back pain problems with movement arm pain leg weakness disturbance of memory arm weakness,Peripheral nerve disorder
loss of sensation paresthesia foot or toe pain dizziness back pain arm pain abnormal involuntary movements leg weakness,Peripheral nerve disorder
skin growth skin lesion abnormal appearing skin neck mass back mass or lump acne or pimples arm lump or mass lump or mass of breast skin moles irregular appearing scalp hand or finger lump or mass,Sebaceous cyst
skin growth skin lesion back mass or lump acne or pimples arm lump or mass lump or mass of breast skin moles irregular appearing scalp hand or finger lump or mass,Sebaceous cyst
skin growth skin lesion abnormal appearing skin neck mass back mass or lump acne or pimples arm lump or mass lump or mass of breast skin moles,Sebaceous cyst
skin growth skin lesion abnormal appearing skin neck mass back mass or lump arm lump or mass lump or mass of breast skin moles irregular appearing scalp hand or finger lump or mass,Sebaceous cyst
skin growth skin lesion back mass or lump acne or pimples arm lump or mass skin moles irregular appearing scalp hand or finger lump or mass,Sebaceous cyst
skin growth skin lesion abnormal appearing skin neck mass back mass or lump arm lump or mass lump or mass of breast skin moles,Sebaceous cyst
anxiety and nervousness depression delusions or hallucinations sleepiness dizziness tongue lesions sharp chest pain difficulty speaking fainting insomnia chest tightness,Poisoning due to antipsychotics
anxiety and nervousness depression dizziness tongue lesions sharp chest pain difficulty speaking fainting insomnia chest tightness,Poisoning due to antipsychotics
anxiety and nervousness depression delusions or hallucinations sleepiness dizziness tongue lesions sharp chest pain difficulty speaking fainting,Poisoning due to antipsychotics
anxiety and nervousness depression delusions or hallucinations sleepiness dizziness sharp chest pain difficulty speaking fainting insomnia chest tightness,Poisoning due to antipsychotics
anxiety and nervousness depression dizziness tongue lesions sharp chest pain fainting insomnia chest tightness,Poisoning due to antipsychotics
anxiety and nervousness depression delusions or hallucinations sleepiness dizziness sharp chest pain difficulty speaking fainting,Poisoning due to antipsychotics
vomiting sharp abdominal pain diarrhea depression anxiety and nervousness diminished vision mouth ulcer cough neck pain blindness shortness of breath,Behcet disease
vomiting sharp abdominal pain anxiety and nervousness diminished vision mouth ulcer cough neck pain blindness shortness of breath,Behcet disease
vomiting sharp abdominal pain diarrhea depression anxiety and nervousness diminished vision mouth ulcer cough neck pain,Behcet disease
vomiting sharp abdominal pain diarrhea depression anxiety and nervousness mouth ulcer cough neck pain blindness shortness of breath,Behcet disease
vomiting sharp abdominal pain anxiety and nervousness diminished vision mouth ulcer neck pain blindness shortness of breath,Behcet disease
vomiting sharp abdominal pain diarrhea depression anxiety and nervousness mouth ulcer cough neck pain,Behcet disease
depressive or psychotic symptoms anxiety and nervousness hostile behavior delusions or hallucinations headache excessive anger insomnia drug abuse obsessions and compulsions temper problems smoking problems,Neurosis
depressive or psychotic symptoms anxiety and nervousness headache excessive anger insomnia drug abuse obsessions and compulsions temper problems smoking problems,Neurosis
depressive or psychotic symptoms anxiety and nervousness hostile behavior delusions or hallucinations headache excessive anger insomnia drug abuse obsessions and compulsions,Neurosis
depressive or psychotic symptoms anxiety and nervousness hostile behavior delusions or hallucinations headache insomnia drug abuse obsessions and compulsions temper problems smoking problems,Neurosis
depressive or psychotic symptoms anxiety and nervousness headache excessive anger insomnia obsessions and compulsions temper problems smoking problems,Neurosis
depressive or psychotic symptoms anxiety and nervousness hostile behavior delusions or hallucinations headache insomnia drug abuse obsessions and compulsions,Neurosis
retention of urine symptoms of prostate frequent urination involuntary urination impotence excessive urination at night flushing symptoms of bladder pain during intercourse,Prostate cancer
retention of urine symptoms of prostate impotence excessive urination at night flushing symptoms of bladder pain during intercourse,Prostate cancer
retention of urine symptoms of prostate frequent urination involuntary urination impotence flushing symptoms of bladder pain during intercourse,Prostate cancer
retention of urine symptoms of prostate impotence excessive urination at night flushing pain during intercourse,Prostate cancer
headache focal weakness diminished vision vomiting difficulty speaking loss of sensation nausea problems with movement dizziness muscle stiffness or tightness arm pain,Cerebral edema
headache focal weakness difficulty speaking loss of sensation nausea problems with movement dizziness muscle stiffness or tightness arm pain,Cerebral edema
headache focal weakness diminished vision vomiting difficulty speaking loss of sensation nausea problems with movement dizziness,Cerebral edema
headache focal weakness diminished vision vomiting difficulty speaking nausea problems with movement dizziness muscle stiffness or tightness arm pain,Cerebral edema
headache focal weakness difficulty speaking loss of sensation nausea dizziness muscle stiffness or tightness arm pain,Cerebral edema
headache focal weakness diminished vision vomiting difficulty speaking nausea problems with movement dizziness,Cerebral edema
hand or finger pain hand or finger stiffness or tightness wrist pain difficulty speaking joint pain hysterical behavior,Dislocation of the finger
hand or finger pain hand or finger stiffness or tightness joint pain hysterical behavior,Dislocation of the finger
hand or finger pain hand or finger stiffness or tightness wrist pain difficulty speaking joint pain,Dislocation of the finger
arm stiffness or tightness lack of growth depressive or psychotic symptoms nasal congestion difficulty speaking pus in sputum emotional symptoms itching of scrotum muscle swelling elbow cramps or spasms low back weakness,Birth trauma
arm stiffness or tightness lack of growth difficulty speaking pus in sputum emotional symptoms itching of scrotum muscle swelling elbow cramps or spasms low back weakness,Birth trauma
arm stiffness or tightness lack of growth depressive or psychotic symptoms nasal congestion difficulty speaking pus in sputum emotional symptoms itching of scrotum muscle swelling,Birth trauma
arm stiffness or tightness lack of growth depressive or psychotic symptoms nasal congestion difficulty speaking emotional symptoms itching of scrotum muscle swelling elbow cramps or spasms low back weakness,Birth trauma
arm stiffness or tightness lack of growth difficulty speaking pus in sputum emotional symptoms muscle swelling elbow cramps or spasms low back weakness,Birth trauma
arm stiffness or tightness lack of growth depressive or psychotic symptoms nasal congestion difficulty speaking emotional symptoms itching of scrotum muscle swelling,Birth trauma
sharp abdominal pain nausea ache all over burning abdominal pain diarrhea back pain upper abdominal pain abusing alcohol regurgitation leg weakness skin growth,Chronic pancreatitis
sharp abdominal pain nausea diarrhea back pain upper abdominal pain abusing alcohol regurgitation leg weakness skin growth,Chronic pancreatitis
sharp abdominal pain nausea ache all over burning abdominal pain diarrhea back pain upper abdominal pain abusing alcohol regurgitation,Chronic pancreatitis
sharp abdominal pain nausea ache all over burning abdominal pain diarrhea upper abdominal pain abusing alcohol regurgitation leg weakness skin growth,Chronic pancreatitis
sharp abdominal pain nausea diarrhea back pain upper abdominal pain regurgitation leg weakness skin growth,Chronic pancreatitis
sharp abdominal pain nausea ache all over burning abdominal pain diarrhea upper abdominal pain abusing alcohol regurgitation,Chronic pancreatitis
sharp abdominal pain groin pain peripheral edema lump or mass of breast abnormal appearing skin arm swelling fluid retention swelling of scrotum lymphedema abdominal distention skin swelling,Hematoma
sharp abdominal pain groin pain abnormal appearing skin arm swelling fluid retention swelling of scrotum lymphedema abdominal distention skin swelling,Hematoma
sharp abdominal pain groin pain peripheral edema lump or mass of breast abnormal appearing skin arm swelling fluid retention swelling of scrotum lymphedema,Hematoma
sharp abdominal pain groin pain peripheral edema lump or mass of breast abnormal appearing skin fluid retention swelling of scrotum lymphedema abdominal distention skin swelling,Hematoma
sharp abdominal pain groin pain abnormal appearing skin arm swelling fluid retention lymphedema abdominal distention skin swelling,Hematoma
sharp abdominal pain groin pain peripheral edema lump or mass of breast abnormal appearing skin fluid retention swelling of scrotum lymphedema,Hematoma
involuntary urination neck cramps or spasms excessive growth vulvar sore loss of sex drive eye strain shoulder swelling nailbiting wrist weakness joint stiffness or tightness itchy eyelid,Carcinoid syndrome
involuntary urination neck cramps or spasms loss of sex drive eye strain shoulder swelling nailbiting wrist weakness joint stiffness or tightness itchy eyelid,Carcinoid syndrome
involuntary urination neck cramps or spasms excessive growth vulvar sore loss of sex drive eye strain shoulder swelling nailbiting wrist weakness,Carcinoid syndrome
involuntary urination neck cramps or spasms excessive growth vulvar sore loss of sex drive shoulder swelling nailbiting wrist weakness joint stiffness or tightness itchy eyelid,Carcinoid syndrome
involuntary urination neck cramps or spasms loss of sex drive eye strain shoulder swelling wrist weakness joint stiffness or tightness itchy eyelid,Carcinoid syndrome
involuntary urination neck cramps or spasms excessive growth vulvar sore loss of sex drive shoulder swelling nailbiting wrist weakness,Carcinoid syndrome
knee pain hand or finger pain wrist pain elbow pain bleeding from ear skin irritation penis redness wrist swelling,Burn
knee pain hand or finger pain bleeding from ear skin irritation penis redness wrist swelling,Burn
knee pain hand or finger pain wrist pain elbow pain bleeding from ear penis redness wrist swelling,Burn
knee pain hand or finger pain bleeding from ear skin irritation penis redness,Burn
spotting or bleeding during pregnancy pain during pregnancy cramps and spasms lower abdominal pain pelvic pain problems during pregnancy burning abdominal pain uterine contractions intermenstrual bleeding blood clots during menstrual periods heavy menstrual flow,Spontaneous abortion
spotting or bleeding during pregnancy pain during pregnancy pelvic pain problems during pregnancy burning abdominal pain uterine contractions intermenstrual bleeding blood clots during menstrual periods heavy menstrual flow,Spontaneous abortion
spotting or bleeding during pregnancy pain during pregnancy cramps and spasms lower abdominal pain pelvic pain problems during pregnancy burning abdominal pain uterine contractions intermenstrual bleeding,Spontaneous abortion
spotting or bleeding during pregnancy pain during pregnancy cramps and spasms lower abdominal pain pelvic pain burning abdominal pain uterine contractions intermenstrual bleeding blood clots during menstrual periods heavy menstrual flow,Spontaneous abortion
spotting or bleeding during pregnancy pain during pregnancy pelvic pain problems during pregnancy burning abdominal pain intermenstrual bleeding blood clots during menstrual periods heavy menstrual flow,Spontaneous abortion
spotting or bleeding during pregnancy pain during pregnancy cramps and spasms lower abdominal pain pelvic pain burning abdominal pain uterine contractions intermenstrual bleeding,Spontaneous abortion
skin rash vaginal pain vaginal discharge pelvic pain skin lesion vaginal itching groin pain suprapubic pain itching of skin recent pregnancy skin pain,Genital herpes
skin rash vaginal pain skin lesion vaginal itching groin pain suprapubic pain itching of skin recent pregnancy skin pain,Genital herpes
skin rash vaginal pain vaginal discharge pelvic pain skin lesion vaginal itching groin pain suprapubic pain itching of skin,Genital herpes
skin rash vaginal pain vaginal discharge pelvic pain skin lesion groin pain suprapubic pain itching of skin recent pregnancy skin pain,Genital herpes
skin rash vaginal pain skin lesion vaginal itching groin pain itching of skin recent pregnancy skin pain,Genital herpes
skin rash vaginal pain vaginal discharge pelvic pain skin lesion groin pain suprapubic pain itching of skin,Genital herpes
depression anxiety and nervousness excessive anger hostile behavior insomnia low self esteem delusions or hallucinations temper problems fears and phobias restlessness nightmares,Adjustment reaction
depression anxiety and nervousness insomnia low self esteem delusions or hallucinations temper problems fears and phobias restlessness nightmares,Adjustment reaction
depression anxiety and nervousness excessive anger hostile behavior insomnia low self esteem delusions or hallucinations temper problems fears and phobias,Adjustment reaction
depression anxiety and nervousness excessive anger hostile behavior insomnia delusions or hallucinations temper problems fears and phobias restlessness nightmares,Adjustment reaction
depression anxiety and nervousness insomnia low self esteem delusions or hallucinations fears and phobias restlessness nightmares,Adjustment reaction
depression anxiety and nervousness excessive anger hostile behavior insomnia delusions or hallucinations temper problems fears and phobias,Adjustment reaction
sharp abdominal pain nausea vomiting back pain burning abdominal pain sharp chest pain side pain lower body pain heartburn sweating regurgitation,Gallstone
sharp abdominal pain nausea burning abdominal pain sharp chest pain side pain lower body pain heartburn sweating regurgitation,Gallstone
sharp abdominal pain nausea vomiting back pain burning abdominal pain sharp chest pain side pain lower body pain heartburn,Gallstone
sharp abdominal pain nausea vomiting back pain burning abdominal pain side pain lower body pain heartburn sweating regurgitation,Gallstone
sharp abdominal pain nausea burning abdominal pain sharp chest pain side pain heartburn sweating regurgitation,Gallstone
sharp abdominal pain nausea vomiting back pain burning abdominal pain side pain lower body pain heartburn,Gallstone
fatigue headache dizziness problems with movement weakness leg weakness paresthesia disturbance of memory abnormal involuntary movements leg stiffness or tightness focal weakness,Multiple sclerosis
fatigue headache weakness leg weakness paresthesia disturbance of memory abnormal involuntary movements leg stiffness or tightness focal weakness,Multiple sclerosis
fatigue headache dizziness problems with movement weakness leg weakness paresthesia disturbance of memory abnormal involuntary movements,Multiple sclerosis
fatigue headache dizziness problems with movement weakness paresthesia disturbance of memory abnormal involuntary movements leg stiffness or tightness focal weakness,Multiple sclerosis
fatigue headache weakness leg weakness paresthesia abnormal involuntary movements leg stiffness or tightness focal weakness,Multiple sclerosis
fatigue headache dizziness problems with movement weakness paresthesia disturbance of memory abnormal involuntary movements,Multiple sclerosis
difficulty in swallowing regurgitation low back pain sharp abdominal pain sore throat constipation elbow weakness low back weakness wrist weakness feeling hot and cold nailbiting,Zenker diverticulum
difficulty in swallowing regurgitation sore throat constipation elbow weakness low back weakness wrist weakness feeling hot and cold nailbiting,Zenker diverticulum
difficulty in swallowing regurgitation low back pain sharp abdominal pain sore throat constipation elbow weakness low back weakness wrist weakness,Zenker diverticulum
difficulty in swallowing regurgitation low back pain sharp abdominal pain sore throat elbow weakness low back weakness wrist weakness feeling hot and cold nailbiting,Zenker diverticulum
difficulty in swallowing regurgitation sore throat constipation elbow weakness wrist weakness feeling hot and cold nailbiting,Zenker diverticulum
difficulty in swallowing regurgitation low back pain sharp abdominal pain sore throat elbow weakness low back weakness wrist weakness,Zenker diverticulum
hip pain back pain leg pain ache all over side pain problems with movement knee pain delusions or hallucinations difficulty speaking bones are painful focal weakness,Fracture of the pelvis
hip pain back pain side pain problems with movement knee pain delusions or hallucinations difficulty speaking bones are painful focal weakness,Fracture of the pelvis
hip pain back pain leg pain ache all over side pain problems with movement knee pain delusions or hallucinations difficulty speaking,Fracture of the pelvis
hip pain back pain leg pain ache all over side pain knee pain delusions or hallucinations difficulty speaking bones are painful focal weakness,Fracture of the pelvis
hip pain back pain side pain problems with movement knee pain difficulty speaking bones are painful focal weakness,Fracture of the pelvis
hip pain back pain leg pain ache all over side pain knee pain delusions or hallucinations difficulty speaking,Fracture of the pelvis
cough shortness of breath fever insomnia nasal congestion vomiting sore throat difficulty breathing dizziness coughing up sputum chest tightness,Pneumoconiosis
cough shortness of breath nasal congestion vomiting sore throat difficulty breathing dizziness coughing up sputum chest tightness,Pneumoconiosis
cough shortness of breath fever insomnia nasal congestion vomiting sore throat difficulty breathing dizziness,Pneumoconiosis
cough shortness of breath fever insomnia nasal congestion sore throat difficulty breathing dizziness coughing up sputum chest tightness,Pneumoconiosis
cough shortness of breath nasal congestion vomiting sore throat dizziness coughing up sputum chest tightness,Pneumoconiosis
cough shortness of breath fever insomnia nasal congestion sore throat difficulty breathing dizziness,Pneumoconiosis
sharp chest pain lymphedema smoking problems leg cramps or spasms,Hyperlipidemia
sharp chest pain lymphedema,Hyperlipidemia
diarrhea blood in stool nausea vomiting burning abdominal pain rectal bleeding lower abdominal pain melena decreased appetite swollen lymph nodes discharge in stools,Ulcerative colitis
diarrhea blood in stool burning abdominal pain rectal bleeding lower abdominal pain melena decreased appetite swollen lymph nodes discharge in stools,Ulcerative colitis
diarrhea blood in stool nausea vomiting burning abdominal pain rectal bleeding lower abdominal pain melena decreased appetite,Ulcerative colitis
diarrhea blood in stool nausea vomiting burning abdominal pain lower abdominal pain melena decreased appetite swollen lymph nodes discharge in stools,Ulcerative colitis
diarrhea blood in stool burning abdominal pain rectal bleeding lower abdominal pain decreased appetite swollen lymph nodes discharge in stools,Ulcerative colitis
diarrhea blood in stool nausea vomiting burning abdominal pain lower abdominal pain melena decreased appetite,Ulcerative colitis
penis redness pain in testicles mass in scrotum skin growth abnormal appearing skin penis pain bumps on penis warts groin pain irritable infant swollen abdomen,Male genitalia infection
penis redness pain in testicles abnormal appearing skin penis pain bumps on penis warts groin pain irritable infant swollen abdomen,Male genitalia infection
penis redness pain in testicles mass in scrotum skin growth abnormal appearing skin penis pain bumps on penis warts groin pain,Male genitalia infection
penis redness pain in testicles mass in scrotum skin growth abnormal appearing skin bumps on penis warts groin pain irritable infant swollen abdomen,Male genitalia infection
penis redness pain in testicles abnormal appearing skin penis pain bumps on penis groin pain irritable infant swollen abdomen,Male genitalia infection
penis redness pain in testicles mass in scrotum skin growth abnormal appearing skin bumps on penis warts groin pain,Male genitalia infection
warts vaginal itching vaginal discharge joint pain hand or finger lump or mass mass or swelling around the anus lump or mass of breast involuntary urination eyelid lesion or rash unpredictable menstruation coughing up sputum,HPV
warts vaginal itching hand or finger lump or mass mass or swelling around the anus lump or mass of breast involuntary urination eyelid lesion or rash unpredictable menstruation coughing up sputum,HPV
warts vaginal itching vaginal discharge joint pain hand or finger lump or mass mass or swelling around the anus lump or mass of breast involuntary urination eyelid lesion or rash,HPV
warts vaginal itching vaginal discharge joint pain hand or finger lump or mass lump or mass of breast involuntary urination eyelid lesion or rash unpredictable menstruation coughing up sputum,HPV
warts vaginal itching hand or finger lump or mass mass or swelling around the anus lump or mass of breast eyelid lesion or rash unpredictable menstruation coughing up sputum,HPV
warts vaginal itching vaginal discharge joint pain hand or finger lump or mass lump or mass of breast involuntary urination eyelid lesion or rash,HPV
sharp chest pain chest tightness dizziness arm pain lower body pain palpitations sweating irregular heartbeat increased heart rate burning chest pain hot flashes,Angina
sharp chest pain chest tightness lower body pain palpitations sweating irregular heartbeat increased heart rate burning chest pain hot flashes,Angina
sharp chest pain chest tightness dizziness arm pain lower body pain palpitations sweating irregular heartbeat increased heart rate,Angina
sharp chest pain chest tightness dizziness arm pain lower body pain sweating irregular heartbeat increased heart rate burning chest pain hot flashes,Angina
sharp chest pain chest tightness lower body pain palpitations sweating increased heart rate burning chest pain hot flashes,Angina
sharp chest pain chest tightness dizziness arm pain lower body pain sweating irregular heartbeat increased heart rate,Angina
neck pain back pain shoulder pain headache throat irritation retention of urine foot or toe weakness arm pain arm weakness side pain drainage in throat,Injury to the spinal cord
neck pain back pain throat irritation retention of urine foot or toe weakness arm pain arm weakness side pain drainage in throat,Injury to the spinal cord
neck pain back pain shoulder pain headache throat irritation retention of urine foot or toe weakness arm pain arm weakness,Injury to the spinal cord
neck pain back pain shoulder pain headache throat irritation foot or toe weakness arm pain arm weakness side pain drainage in throat,Injury to the spinal cord
neck pain back pain throat irritation retention of urine foot or toe weakness arm weakness side pain drainage in throat,Injury to the spinal cord
neck pain back pain shoulder pain headache throat irritation foot or toe weakness arm pain arm weakness,Injury to the spinal cord
nasal congestion nosebleed painful sinuses cough difficulty breathing allergic reaction facial pain disturbance of smell or taste frontal headache hoarse voice redness in ear,Nasal polyp
nasal congestion nosebleed difficulty breathing allergic reaction facial pain disturbance of smell or taste frontal headache hoarse voice redness in ear,Nasal polyp
nasal congestion nosebleed painful sinuses cough difficulty breathing allergic reaction facial pain disturbance of smell or taste frontal headache,Nasal polyp
nasal congestion nosebleed painful sinuses cough difficulty breathing facial pain disturbance of smell or taste frontal headache hoarse voice redness in ear,Nasal polyp
nasal congestion nosebleed difficulty breathing allergic reaction facial pain frontal headache hoarse voice redness in ear,Nasal polyp
nasal congestion nosebleed painful sinuses cough difficulty breathing facial pain disturbance of smell or taste frontal headache,Nasal polyp
foreign body sensation in eye diminished vision symptoms of eye itchiness of eye pain in eye eye redness swollen eye emotional symptoms back weakness elbow cramps or spasms pus in sputum,Trichiasis
foreign body sensation in eye diminished vision pain in eye eye redness swollen eye emotional symptoms back weakness elbow cramps or spasms pus in sputum,Trichiasis
foreign body sensation in eye diminished vision symptoms of eye itchiness of eye pain in eye eye redness swollen eye emotional symptoms back weakness,Trichiasis
foreign body sensation in eye diminished vision symptoms of eye itchiness of eye pain in eye swollen eye emotional symptoms back weakness elbow cramps or spasms pus in sputum,Trichiasis
foreign body sensation in eye diminished vision pain in eye eye redness swollen eye back weakness elbow cramps or spasms pus in sputum,Trichiasis
foreign body sensation in eye diminished vision symptoms of eye itchiness of eye pain in eye swollen eye emotional symptoms back weakness,Trichiasis
skin rash swelling of scrotum skin lesion vomiting elbow weakness cross eyed excessive growth bowlegged or knock kneed feeling hot and cold wrist weakness emotional symptoms,Acariasis
skin rash swelling of scrotum elbow weakness cross eyed excessive growth bowlegged or knock kneed feeling hot and cold wrist weakness emotional symptoms,Acariasis
skin rash swelling of scrotum skin lesion vomiting elbow weakness cross eyed excessive growth bowlegged or knock kneed feeling hot and cold,Acariasis
skin rash swelling of scrotum skin lesion vomiting elbow weakness excessive growth bowlegged or knock kneed feeling hot and cold wrist weakness emotional symptoms,Acariasis
skin rash swelling of scrotum elbow weakness cross eyed excessive growth feeling hot and cold wrist weakness emotional symptoms,Acariasis
skin rash swelling of scrotum skin lesion vomiting elbow weakness excessive growth bowlegged or knock kneed feeling hot and cold,Acariasis
sharp abdominal pain blood in stool pain of the anus mass or swelling around the anus drainage in throat,Colorectal cancer
sharp abdominal pain blood in stool drainage in throat,Colorectal cancer
disturbance of memory depression loss of sensation paresthesia lip swelling itchy eyelid wrist weakness excessive growth elbow cramps or spasms elbow weakness nailbiting,Factitious disorder
disturbance of memory depression lip swelling itchy eyelid wrist weakness excessive growth elbow cramps or spasms elbow weakness nailbiting,Factitious disorder
disturbance of memory depression loss of sensation paresthesia lip swelling itchy eyelid wrist weakness excessive growth elbow cramps or spasms,Factitious disorder
disturbance of memory depression loss of sensation paresthesia lip swelling wrist weakness excessive growth elbow cramps or spasms elbow weakness nailbiting,Factitious disorder
disturbance of memory depression lip swelling itchy eyelid wrist weakness elbow cramps or spasms elbow weakness nailbiting,Factitious disorder
disturbance of memory depression loss of sensation paresthesia lip swelling wrist weakness excessive growth elbow cramps or spasms,Factitious disorder
sore throat fever chills ear pain vulvar sore pelvic pressure knee lump or mass shoulder swelling neck cramps or spasms excessive growth loss of sex drive,Lymphogranuloma venereum
sore throat fever vulvar sore pelvic pressure knee lump or mass shoulder swelling neck cramps or spasms excessive growth loss of sex drive,Lymphogranuloma venereum
sore throat fever chills ear pain vulvar sore pelvic pressure knee lump or mass shoulder swelling neck cramps or spasms,Lymphogranuloma venereum
sore throat fever chills ear pain vulvar sore knee lump or mass shoulder swelling neck cramps or spasms excessive growth loss of sex drive,Lymphogranuloma venereum
sore throat fever vulvar sore pelvic pressure knee lump or mass neck cramps or spasms excessive growth loss of sex drive,Lymphogranuloma venereum
sore throat fever chills ear pain vulvar sore knee lump or mass shoulder swelling neck cramps or spasms,Lymphogranuloma venereum
bleeding or discharge from nipple pelvic pain weight gain anxiety and nervousness back pain lump or mass of breast sharp chest pain burning abdominal pain cough low back weakness emotional symptoms,Galactorrhea of unknown cause
bleeding or discharge from nipple pelvic pain back pain lump or mass of breast sharp chest pain burning abdominal pain cough low back weakness emotional symptoms,Galactorrhea of unknown cause
bleeding or discharge from nipple pelvic pain weight gain anxiety and nervousness back pain lump or mass of breast sharp chest pain burning abdominal pain cough,Galactorrhea of unknown cause
bleeding or discharge from nipple pelvic pain weight gain anxiety and nervousness back pain sharp chest pain burning abdominal pain cough low back weakness emotional symptoms,Galactorrhea of unknown cause
bleeding or discharge from nipple pelvic pain back pain lump or mass of breast sharp chest pain cough low back weakness emotional symptoms,Galactorrhea of unknown cause
bleeding or discharge from nipple pelvic pain weight gain anxiety and nervousness back pain sharp chest pain burning abdominal pain cough,Galactorrhea of unknown cause
cough excessive growth wrist weakness elbow weakness elbow cramps or spasms feeling hot and cold emotional symptoms low back weakness underweight nailbiting muscle swelling,G6PD enzyme deficiency
cough excessive growth elbow cramps or spasms feeling hot and cold emotional symptoms low back weakness underweight nailbiting muscle swelling,G6PD enzyme deficiency
cough excessive growth wrist weakness elbow weakness elbow cramps or spasms feeling hot and cold emotional symptoms low back weakness underweight,G6PD enzyme deficiency
cough excessive growth wrist weakness elbow weakness elbow cramps or spasms emotional symptoms low back weakness underweight nailbiting muscle swelling,G6PD enzyme deficiency
cough excessive growth elbow cramps or spasms feeling hot and cold emotional symptoms underweight nailbiting muscle swelling,G6PD enzyme deficiency
cough excessive growth wrist weakness elbow weakness elbow cramps or spasms emotional symptoms low back weakness underweight,G6PD enzyme deficiency
shoulder pain neck pain arm pain shoulder stiffness or tightness problems with movement elbow pain shoulder weakness hand or finger stiffness or tightness vulvar irritation muscle pain bones are painful,Nerve impingement near the shoulder
shoulder pain neck pain problems with movement elbow pain shoulder weakness hand or finger stiffness or tightness vulvar irritation muscle pain bones are painful,Nerve impingement near the shoulder
shoulder pain neck pain arm pain shoulder stiffness or tightness problems with movement elbow pain shoulder weakness hand or finger stiffness or tightness vulvar irritation,Nerve impingement near the shoulder
shoulder pain neck pain arm pain shoulder stiffness or tightness problems with movement shoulder weakness hand or finger stiffness or tightness vulvar irritation muscle pain bones are painful,Nerve impingement near the shoulder
shoulder pain neck pain problems with movement elbow pain shoulder weakness vulvar irritation muscle pain bones are painful,Nerve impingement near the shoulder
shoulder pain neck pain arm pain shoulder stiffness or tightness problems with movement shoulder weakness hand or finger stiffness or tightness vulvar irritation,Nerve impingement near the shoulder
eye redness itchy scalp blindness irregular appearing scalp elbow weakness cross eyed excessive growth bowlegged or knock kneed feeling hot and cold wrist weakness emotional symptoms,Toxoplasmosis
eye redness itchy scalp elbow weakness cross eyed excessive growth bowlegged or knock kneed feeling hot and cold wrist weakness emotional symptoms,Toxoplasmosis
eye redness itchy scalp blindness irregular appearing scalp elbow weakness cross eyed excessive growth bowlegged or knock kneed feeling hot and cold,Toxoplasmosis
eye redness itchy scalp blindness irregular appearing scalp elbow weakness excessive growth bowlegged or knock kneed feeling hot and cold wrist weakness emotional symptoms,Toxoplasmosis
eye redness itchy scalp elbow weakness cross eyed excessive growth feeling hot and cold wrist weakness emotional symptoms,Toxoplasmosis
eye redness itchy scalp blindness irregular appearing scalp elbow weakness excessive growth bowlegged or knock kneed feeling hot and cold,Toxoplasmosis
lump or mass of breast bleeding or discharge from nipple arm lump or mass bones are painful problems with shape or size of breast hot flashes pain during intercourse back swelling throat irritation vaginal dryness,Fibroadenoma
lump or mass of breast bleeding or discharge from nipple problems with shape or size of breast hot flashes pain during intercourse back swelling throat irritation vaginal dryness,Fibroadenoma
lump or mass of breast bleeding or discharge from nipple arm lump or mass bones are painful problems with shape or size of breast hot flashes pain during intercourse back swelling throat irritation,Fibroadenoma
lump or mass of breast bleeding or discharge from nipple arm lump or mass bones are painful problems with shape or size of breast pain during intercourse back swelling throat irritation vaginal dryness,Fibroadenoma
lump or mass of breast bleeding or discharge from nipple problems with shape or size of breast hot flashes pain during intercourse throat irritation vaginal dryness,Fibroadenoma
lump or mass of breast bleeding or discharge from nipple arm lump or mass bones are painful problems with shape or size of breast pain during intercourse back swelling throat irritation,Fibroadenoma
hand or finger pain skin on arm or hand looks infected hand or finger stiffness or tightness,Open wound of the hand
hand or finger pain skin on arm or hand looks infected,Open wound of the hand
spotting or bleeding during pregnancy pain during pregnancy lower abdominal pain problems during pregnancy cramps and spasms intermenstrual bleeding blood clots during menstrual periods heavy menstrual flow blood in stool recent pregnancy infertility,Missed abortion
spotting or bleeding during pregnancy pain during pregnancy cramps and spasms intermenstrual bleeding blood clots during menstrual periods heavy menstrual flow blood in stool recent pregnancy infertility,Missed abortion
spotting or bleeding during pregnancy pain during pregnancy lower abdominal pain problems during pregnancy cramps and spasms intermenstrual bleeding blood clots during menstrual periods heavy menstrual flow blood in stool,Missed abortion
spotting or bleeding during pregnancy pain during pregnancy lower abdominal pain problems during pregnancy cramps and spasms blood clots during menstrual periods heavy menstrual flow blood in stool recent pregnancy infertility,Missed abortion
spotting or bleeding during pregnancy pain during pregnancy cramps and spasms intermenstrual bleeding blood clots during menstrual periods blood in stool recent pregnancy infertility,Missed abortion
spotting or bleeding during pregnancy pain during pregnancy lower abdominal pain problems during pregnancy cramps and spasms blood clots during menstrual periods heavy menstrual flow blood in stool,Missed abortion
vomiting weakness sharp abdominal pain sharp chest pain diarrhea depressive or psychotic symptoms decreased appetite thirst polyuria frequent urination fluid retention,Diabetic ketoacidosis
vomiting weakness diarrhea depressive or psychotic symptoms decreased appetite thirst polyuria frequent urination fluid retention,Diabetic ketoacidosis
vomiting weakness sharp abdominal pain sharp chest pain diarrhea depressive or psychotic symptoms decreased appetite thirst polyuria,Diabetic ketoacidosis
vomiting weakness sharp abdominal pain sharp chest pain diarrhea decreased appetite thirst polyuria frequent urination fluid retention,Diabetic ketoacidosis
vomiting weakness diarrhea depressive or psychotic symptoms decreased appetite polyuria frequent urination fluid retention,Diabetic ketoacidosis
vomiting weakness sharp abdominal pain sharp chest pain diarrhea decreased appetite thirst polyuria,Diabetic ketoacidosis
nausea groin pain vaginal pain vulvar sore loss of sex drive knee lump or mass nailbiting excessive growth wrist weakness shoulder swelling neck cramps or spasms,Granuloma inguinale
nausea groin pain loss of sex drive knee lump or mass nailbiting excessive growth wrist weakness shoulder swelling neck cramps or spasms,Granuloma inguinale
nausea groin pain vaginal pain vulvar sore loss of sex drive knee lump or mass nailbiting excessive growth wrist weakness,Granuloma inguinale
nausea groin pain vaginal pain vulvar sore loss of sex drive nailbiting excessive growth wrist weakness shoulder swelling neck cramps or spasms,Granuloma inguinale
nausea groin pain loss of sex drive knee lump or mass nailbiting wrist weakness shoulder swelling neck cramps or spasms,Granuloma inguinale
nausea groin pain vaginal pain vulvar sore loss of sex drive nailbiting excessive growth wrist weakness,Granuloma inguinale
pain in eye facial pain ankle pain wrist pain pain during pregnancy excessive anger joint stiffness or tightness pain or soreness of breast knee lump or mass fatigue excessive urination at night,Hemorrhagic fever
pain in eye facial pain pain during pregnancy excessive anger joint stiffness or tightness pain or soreness of breast knee lump or mass fatigue excessive urination at night,Hemorrhagic fever
pain in eye facial pain ankle pain wrist pain pain during pregnancy excessive anger joint stiffness or tightness pain or soreness of breast knee lump or mass,Hemorrhagic fever
pain in eye facial pain ankle pain wrist pain pain during pregnancy joint stiffness or tightness pain or soreness of breast knee lump or mass fatigue excessive urination at night,Hemorrhagic fever
pain in eye facial pain pain during pregnancy excessive anger joint stiffness or tightness knee lump or mass fatigue excessive urination at night,Hemorrhagic fever
pain in eye facial pain ankle pain wrist pain pain during pregnancy joint stiffness or tightness pain or soreness of breast knee lump or mass,Hemorrhagic fever
anxiety and nervousness depressive or psychotic symptoms obsessions and compulsions temper problems hostile behavior low self esteem excessive anger feeling ill fears and phobias hysterical behavior lack of growth,Obsessive compulsive disorder (OCD)
anxiety and nervousness depressive or psychotic symptoms hostile behavior low self esteem excessive anger feeling ill fears and phobias hysterical behavior lack of growth,Obsessive compulsive disorder (OCD)
anxiety and nervousness depressive or psychotic symptoms obsessions and compulsions temper problems hostile behavior low self esteem excessive anger feeling ill fears and phobias,Obsessive compulsive disorder (OCD)
anxiety and nervousness depressive or psychotic symptoms obsessions and compulsions temper problems hostile behavior excessive anger feeling ill fears and phobias hysterical behavior lack of growth,Obsessive compulsive disorder (OCD)
anxiety and nervousness depressive or psychotic symptoms hostile behavior low self esteem excessive anger fears and phobias hysterical behavior lack of growth,Obsessive compulsive disorder (OCD)
anxiety and nervousness depressive or psychotic symptoms obsessions and compulsions temper problems hostile behavior excessive anger feeling ill fears and phobias,Obsessive compulsive disorder (OCD)
ankle pain ankle swelling leg pain foot or toe swelling joint pain foot or toe weakness leg cramps or spasms ankle stiffness or tightness wrist swelling foot or toe lump or mass,Injury of the ankle
ankle pain ankle swelling joint pain foot or toe weakness leg cramps or spasms ankle stiffness or tightness wrist swelling foot or toe lump or mass,Injury of the ankle
ankle pain ankle swelling leg pain foot or toe swelling joint pain foot or toe weakness leg cramps or spasms ankle stiffness or tightness wrist swelling,Injury of the ankle
ankle pain ankle swelling leg pain foot or toe swelling joint pain leg cramps or spasms ankle stiffness or tightness wrist swelling foot or toe lump or mass,Injury of the ankle
ankle pain ankle swelling joint pain foot or toe weakness leg cramps or spasms wrist swelling foot or toe lump or mass,Injury of the ankle
ankle pain ankle swelling leg pain foot or toe swelling joint pain leg cramps or spasms ankle stiffness or tightness wrist swelling,Injury of the ankle
weakness nausea shortness of breath dizziness sharp abdominal pain sharp chest pain headache back pain fever fainting seizures,Hyponatremia
weakness nausea sharp abdominal pain sharp chest pain headache back pain fever fainting seizures,Hyponatremia
weakness nausea shortness of breath dizziness sharp abdominal pain sharp chest pain headache back pain fever,Hyponatremia
weakness nausea shortness of breath dizziness sharp abdominal pain headache back pain fever fainting seizures,Hyponatremia
weakness nausea sharp abdominal pain sharp chest pain headache fever fainting seizures,Hyponatremia
weakness nausea shortness of breath dizziness sharp abdominal pain headache back pain fever,Hyponatremia
difficulty in swallowing regurgitation lump in throat sharp chest pain nausea difficulty eating heartburn coughing up sputum stomach bloating problems with movement recent weight loss,Stricture of the esophagus
difficulty in swallowing regurgitation nausea difficulty eating heartburn coughing up sputum stomach bloating problems with movement recent weight loss,Stricture of the esophagus
difficulty in swallowing regurgitation lump in throat sharp chest pain nausea difficulty eating heartburn coughing up sputum stomach bloating,Stricture of the esophagus
difficulty in swallowing regurgitation lump in throat sharp chest pain nausea heartburn coughing up sputum stomach bloating problems with movement recent weight loss,Stricture of the esophagus
difficulty in swallowing regurgitation nausea difficulty eating heartburn stomach bloating problems with movement recent weight loss,Stricture of the esophagus
difficulty in swallowing regurgitation lump in throat sharp chest pain nausea heartburn coughing up sputum stomach bloating,Stricture of the esophagus
ankle pain leg pain foot or toe pain foot or toe swelling ankle weakness knee weakness,Fracture of the ankle
ankle pain leg pain ankle weakness knee weakness,Fracture of the ankle
ankle pain leg pain foot or toe pain foot or toe swelling ankle weakness,Fracture of the ankle
back pain leg pain shoulder pain bones are painful leg cramps or spasms leg weakness difficulty speaking hot flashes stiffness all over leg lump or mass muscle stiffness or tightness,Bone disorder
back pain leg pain leg cramps or spasms leg weakness difficulty speaking hot flashes stiffness all over leg lump or mass muscle stiffness or tightness,Bone disorder
back pain leg pain shoulder pain bones are painful leg cramps or spasms leg weakness difficulty speaking hot flashes stiffness all over,Bone disorder
back pain leg pain shoulder pain bones are painful leg cramps or spasms difficulty speaking hot flashes stiffness all over leg lump or mass muscle stiffness or tightness,Bone disorder
back pain leg pain leg cramps or spasms leg weakness difficulty speaking stiffness all over leg lump or mass muscle stiffness or tightness,Bone disorder
back pain leg pain shoulder pain bones are painful leg cramps or spasms difficulty speaking hot flashes stiffness all over,Bone disorder
seizures abnormal involuntary movements disturbance of memory difficulty speaking lack of growth stiffness all over eye moves abnormally muscle weakness,Epilepsy
seizures abnormal involuntary movements lack of growth stiffness all over eye moves abnormally muscle weakness,Epilepsy
seizures abnormal involuntary movements disturbance of memory difficulty speaking lack of growth eye moves abnormally muscle weakness,Epilepsy
seizures abnormal involuntary movements lack of growth stiffness all over eye moves abnormally,Epilepsy
depressive or psychotic symptoms anxiety and nervousness hostile behavior insomnia excessive anger low self esteem delusions or hallucinations drug abuse fears and phobias temper problems obsessions and compulsions,Personality disorder
depressive or psychotic symptoms anxiety and nervousness excessive anger low self esteem delusions or hallucinations drug abuse fears and phobias temper problems obsessions and compulsions,Personality disorder
depressive or psychotic symptoms anxiety and nervousness hostile behavior insomnia excessive anger low self esteem delusions or hallucinations drug abuse fears and phobias,Personality disorder
depressive or psychotic symptoms anxiety and nervousness hostile behavior insomnia excessive anger delusions or hallucinations drug abuse fears and phobias temper problems obsessions and compulsions,Personality disorder
depressive or psychotic symptoms anxiety and nervousness excessive anger low self esteem delusions or hallucinations fears and phobias temper problems obsessions and compulsions,Personality disorder
depressive or psychotic symptoms anxiety and nervousness hostile behavior insomnia excessive anger delusions or hallucinations drug abuse fears and phobias,Personality disorder
skin rash skin lesion itching of skin ache all over headache sharp abdominal pain side pain sharp chest pain abnormal appearing skin pain in eye facial pain,Shingles (herpes zoster)
skin rash skin lesion headache sharp abdominal pain side pain sharp chest pain abnormal appearing skin pain in eye facial pain,Shingles (herpes zoster)
skin rash skin lesion itching of skin ache all over headache sharp abdominal pain side pain sharp chest pain abnormal appearing skin,Shingles (herpes zoster)
skin rash skin lesion itching of skin ache all over headache side pain sharp chest pain abnormal appearing skin pain in eye facial pain,Shingles (herpes zoster)
skin rash skin lesion headache sharp abdominal pain side pain abnormal appearing skin pain in eye facial pain,Shingles (herpes zoster)
skin rash skin lesion itching of skin ache all over headache side pain sharp chest pain abnormal appearing skin,Shingles (herpes zoster)
abnormal involuntary movements headache allergic reaction drug abuse sleepiness abnormal movement of eyelid excessive anger delusions or hallucinations obsessions and compulsions temper problems warts,Tourette syndrome
abnormal involuntary movements headache sleepiness abnormal movement of eyelid excessive anger delusions or hallucinations obsessions and compulsions temper problems warts,Tourette syndrome
abnormal involuntary movements headache allergic reaction drug abuse sleepiness abnormal movement of eyelid excessive anger delusions or hallucinations obsessions and compulsions,Tourette syndrome
abnormal involuntary movements headache allergic reaction drug abuse sleepiness excessive anger delusions or hallucinations obsessions and compulsions temper problems warts,Tourette syndrome
abnormal involuntary movements headache sleepiness abnormal movement of eyelid excessive anger obsessions and compulsions temper problems warts,Tourette syndrome
abnormal involuntary movements headache allergic reaction drug abuse sleepiness excessive anger delusions or hallucinations obsessions and compulsions,Tourette syndrome
hip pain shoulder pain drug abuse bowlegged or knock kneed shoulder stiffness or tightness shoulder weakness,Avascular necrosis
hip pain shoulder pain shoulder stiffness or tightness shoulder weakness,Avascular necrosis
hip pain shoulder pain drug abuse bowlegged or knock kneed shoulder stiffness or tightness,Avascular necrosis
sore throat cough headache vomiting ear pain nasal congestion skin rash ache all over difficulty in swallowing chills decreased appetite,Strep throat
sore throat cough ear pain nasal congestion skin rash ache all over difficulty in swallowing chills decreased appetite,Strep throat
sore throat cough headache vomiting ear pain nasal congestion skin rash ache all over difficulty in swallowing,Strep throat
sore throat cough headache vomiting ear pain skin rash ache all over difficulty in swallowing chills decreased appetite,Strep throat
sore throat cough ear pain nasal congestion skin rash difficulty in swallowing chills decreased appetite,Strep throat
sore throat cough headache vomiting ear pain skin rash ache all over difficulty in swallowing,Strep throat
problems with movement abnormal involuntary movements skin rash fainting difficulty speaking headache blood in urine foot or toe pain cough anxiety and nervousness disturbance of memory,Spinocerebellar ataxia
problems with movement abnormal involuntary movements difficulty speaking headache blood in urine foot or toe pain cough anxiety and nervousness disturbance of memory,Spinocerebellar ataxia
problems with movement abnormal involuntary movements skin rash fainting difficulty speaking headache blood in urine foot or toe pain cough,Spinocerebellar ataxia
problems with movement abnormal involuntary movements skin rash fainting difficulty speaking blood in urine foot or toe pain cough anxiety and nervousness disturbance of memory,Spinocerebellar ataxia
problems with movement abnormal involuntary movements difficulty speaking headache blood in urine cough anxiety and nervousness disturbance of memory,Spinocerebellar ataxia
problems with movement abnormal involuntary movements skin rash fainting difficulty speaking blood in urine foot or toe pain cough,Spinocerebellar ataxia
skin lesion hand or finger pain hand or finger swelling difficulty speaking foot or toe swelling knee swelling bones are painful skin on arm or hand looks infected irregular appearing nails arm swelling lymphedema,Osteomyelitis
skin lesion hand or finger pain foot or toe swelling knee swelling bones are painful skin on arm or hand looks infected irregular appearing nails arm swelling lymphedema,Osteomyelitis
skin lesion hand or finger pain hand or finger swelling difficulty speaking foot or toe swelling knee swelling bones are painful skin on arm or hand looks infected irregular appearing nails,Osteomyelitis
skin lesion hand or finger pain hand or finger swelling difficulty speaking foot or toe swelling bones are painful skin on arm or hand looks infected irregular appearing nails arm swelling lymphedema,Osteomyelitis
skin lesion hand or finger pain foot or toe swelling knee swelling bones are painful irregular appearing nails arm swelling lymphedema,Osteomyelitis
skin lesion hand or finger pain hand or finger swelling difficulty speaking foot or toe swelling bones are painful skin on arm or hand looks infected irregular appearing nails,Osteomyelitis
symptoms of eye ache all over joint pain pain in eye peripheral edema mouth dryness spots or clouds in vision itchiness of eye difficulty in swallowing regurgitation groin pain,Sjogren syndrome
symptoms of eye ache all over peripheral edema mouth dryness spots or clouds in vision itchiness of eye difficulty in swallowing regurgitation groin pain,Sjogren syndrome
symptoms of eye ache all over joint pain pain in eye peripheral edema mouth dryness spots or clouds in vision itchiness of eye difficulty in swallowing,Sjogren syndrome
symptoms of eye ache all over joint pain pain in eye peripheral edema spots or clouds in vision itchiness of eye difficulty in swallowing regurgitation groin pain,Sjogren syndrome
symptoms of eye ache all over peripheral edema mouth dryness spots or clouds in vision difficulty in swallowing regurgitation groin pain,Sjogren syndrome
symptoms of eye ache all over joint pain pain in eye peripheral edema spots or clouds in vision itchiness of eye difficulty in swallowing,Sjogren syndrome
shoulder pain neck pain ache all over elbow pain arm pain skin on arm or hand looks infected shoulder swelling stiffness all over muscle pain ankle stiffness or tightness,Adhesive capsulitis of the shoulder
shoulder pain neck pain arm pain skin on arm or hand looks infected shoulder swelling stiffness all over muscle pain ankle stiffness or tightness,Adhesive capsulitis of the shoulder
shoulder pain neck pain ache all over elbow pain arm pain skin on arm or hand looks infected shoulder swelling stiffness all over muscle pain,Adhesive capsulitis of the shoulder
shoulder pain neck pain ache all over elbow pain arm pain shoulder swelling stiffness all over muscle pain ankle stiffness or tightness,Adhesive capsulitis of the shoulder
shoulder pain neck pain arm pain skin on arm or hand looks infected shoulder swelling muscle pain ankle stiffness or tightness,Adhesive capsulitis of the shoulder
shoulder pain neck pain ache all over elbow pain arm pain shoulder swelling stiffness all over muscle pain,Adhesive capsulitis of the shoulder
sharp abdominal pain drug abuse melena stomach bloating symptoms of the kidneys hand or finger stiffness or tightness low self esteem incontinence of stool,Viral hepatitis
sharp abdominal pain drug abuse symptoms of the kidneys hand or finger stiffness or tightness low self esteem incontinence of stool,Viral hepatitis
sharp abdominal pain drug abuse melena stomach bloating symptoms of the kidneys low self esteem incontinence of stool,Viral hepatitis
sharp abdominal pain drug abuse symptoms of the kidneys hand or finger stiffness or tightness low self esteem,Viral hepatitis
swollen or red tonsils sore throat nasal congestion apnea cough redness in ear hurts to breath fever drainage in throat allergic reaction difficulty in swallowing,Tonsillar hypertrophy
swollen or red tonsils sore throat cough redness in ear hurts to breath fever drainage in throat allergic reaction difficulty in swallowing,Tonsillar hypertrophy
swollen or red tonsils sore throat nasal congestion apnea cough redness in ear hurts to breath fever drainage in throat,Tonsillar hypertrophy
swollen or red tonsils sore throat nasal congestion apnea cough hurts to breath fever drainage in throat allergic reaction difficulty in swallowing,Tonsillar hypertrophy
swollen or red tonsils sore throat cough redness in ear hurts to breath drainage in throat allergic reaction difficulty in swallowing,Tonsillar hypertrophy
swollen or red tonsils sore throat nasal congestion apnea cough hurts to breath fever drainage in throat,Tonsillar hypertrophy
sharp abdominal pain nausea burning abdominal pain sharp chest pain upper abdominal pain diarrhea fever headache heartburn vomiting blood regurgitation,Gastritis
sharp abdominal pain nausea upper abdominal pain diarrhea fever headache heartburn vomiting blood regurgitation,Gastritis
sharp abdominal pain nausea burning abdominal pain sharp chest pain upper abdominal pain diarrhea fever headache heartburn,Gastritis
sharp abdominal pain nausea burning abdominal pain sharp chest pain upper abdominal pain fever headache heartburn vomiting blood regurgitation,Gastritis
sharp abdominal pain nausea upper abdominal pain diarrhea fever heartburn vomiting blood regurgitation,Gastritis
sharp abdominal pain nausea burning abdominal pain sharp chest pain upper abdominal pain fever headache heartburn,Gastritis
itchiness of eye bedwetting excessive growth pelvic pressure vulvar sore eye strain loss of sex drive neck cramps or spasms shoulder swelling joint stiffness or tightness nailbiting,Rheumatic fever
itchiness of eye bedwetting vulvar sore eye strain loss of sex drive neck cramps or spasms shoulder swelling joint stiffness or tightness nailbiting,Rheumatic fever
itchiness of eye bedwetting excessive growth pelvic pressure vulvar sore eye strain loss of sex drive neck cramps or spasms shoulder swelling,Rheumatic fever
itchiness of eye bedwetting excessive growth pelvic pressure vulvar sore loss of sex drive neck cramps or spasms shoulder swelling joint stiffness or tightness nailbiting,Rheumatic fever
itchiness of eye bedwetting vulvar sore eye strain loss of sex drive shoulder swelling joint stiffness or tightness nailbiting,Rheumatic fever
itchiness of eye bedwetting excessive growth pelvic pressure vulvar sore loss of sex drive neck cramps or spasms shoulder swelling,Rheumatic fever
mouth ulcer sore throat mouth pain tongue lesions toothache ache all over skin rash headache lip sore cough swollen tongue,Aphthous ulcer
mouth ulcer sore throat toothache ache all over skin rash headache lip sore cough swollen tongue,Aphthous ulcer
mouth ulcer sore throat mouth pain tongue lesions toothache ache all over skin rash headache lip sore,Aphthous ulcer
mouth ulcer sore throat mouth pain tongue lesions toothache skin rash headache lip sore cough swollen tongue,Aphthous ulcer
mouth ulcer sore throat toothache ache all over skin rash lip sore cough swollen tongue,Aphthous ulcer
mouth ulcer sore throat mouth pain tongue lesions toothache skin rash headache lip sore,Aphthous ulcer
sore throat abnormal breathing sounds nasal congestion throat feels tight redness in ear apnea diminished hearing drainage in throat allergic reaction lump in throat throat redness,Tonsillitis
sore throat abnormal breathing sounds redness in ear apnea diminished hearing drainage in throat allergic reaction lump in throat throat redness,Tonsillitis
sore throat abnormal breathing sounds nasal congestion throat feels tight redness in ear apnea diminished hearing drainage in throat allergic reaction,Tonsillitis
sore throat abnormal breathing sounds nasal congestion throat feels tight redness in ear diminished hearing drainage in throat allergic reaction lump in throat throat redness,Tonsillitis
sore throat abnormal breathing sounds redness in ear apnea diminished hearing allergic reaction lump in throat throat redness,Tonsillitis
sore throat abnormal breathing sounds nasal congestion throat feels tight redness in ear diminished hearing drainage in throat allergic reaction,Tonsillitis
sharp abdominal pain neck mass regurgitation foot or toe swelling changes in stool appearance lump or mass of breast decreased appetite throat feels tight jaundice mouth pain pain in testicles,Intestinal cancer
sharp abdominal pain neck mass changes in stool appearance lump or mass of breast decreased appetite throat feels tight jaundice mouth pain pain in testicles,Intestinal cancer
sharp abdominal pain neck mass regurgitation foot or toe swelling changes in stool appearance lump or mass of breast decreased appetite throat feels tight jaundice,Intestinal cancer
sharp abdominal pain neck mass regurgitation foot or toe swelling changes in stool appearance decreased appetite throat feels tight jaundice mouth pain pain in testicles,Intestinal cancer
sharp abdominal pain neck mass changes in stool appearance lump or mass of breast decreased appetite jaundice mouth pain pain in testicles,Intestinal cancer
sharp abdominal pain neck mass regurgitation foot or toe swelling changes in stool appearance decreased appetite throat feels tight jaundice,Intestinal cancer
headache excessive anger ankle pain wrist pain pain during pregnancy facial pain joint stiffness or tightness pain or soreness of breast knee lump or mass pain in eye fatigue,Rocky Mountain spotted fever
headache excessive anger pain during pregnancy facial pain joint stiffness or tightness pain or soreness of breast knee lump or mass pain in eye fatigue,Rocky Mountain spotted fever
headache excessive anger ankle pain wrist pain pain during pregnancy facial pain joint stiffness or tightness pain or soreness of breast knee lump or mass,Rocky Mountain spotted fever
headache excessive anger ankle pain wrist pain pain during pregnancy joint stiffness or tightness pain or soreness of breast knee lump or mass pain in eye fatigue,Rocky Mountain spotted fever
headache excessive anger pain during pregnancy facial pain joint stiffness or tightness knee lump or mass pain in eye fatigue,Rocky Mountain spotted fever
headache excessive anger ankle pain wrist pain pain during pregnancy joint stiffness or tightness pain or soreness of breast knee lump or mass,Rocky Mountain spotted fever
knee pain ankle pain ankle swelling elbow pain wrist pain elbow swelling leg swelling foot or toe swelling knee stiffness or tightness,Joint effusion
frequent urination excessive thirst fatigue weight loss blurred vision,Diabetes
frequent urination excessive thirst increased hunger fatigue tiredness,Diabetes
excessive thirst frequent urination weight loss nausea vomiting abdominal pain,Diabetes
fever cough shortness of breath body aches headache fatigue chills sore throat,Flu
fever cough sore throat runny nose headache fatigue weakness body aches,Flu
high fever cough body aches headache fatigue chills sweating,Flu
fever body aches sore throat cough fatigue headache runny nose chills,Flu
cough wheezing shortness of breath chest tightness difficulty breathing,Asthma
high fever chills sweating headache muscle pain nausea vomiting,Malaria
fever chills sweating headache nausea vomiting fatigue,Malaria
high fever headache muscle pain joint pain rash nausea vomiting,Dengue fever
fever severe headache muscle pain joint pain rash fatigue nausea,Dengue fever
fever rash joint pain headache muscle pain fatigue nausea,Dengue fever
fever cough sore_throat fatigue,Flu
fever headache body_pain fatigue,Flu
cough fever runny_nose sore_throat,Common Cold
sneezing runny_nose congestion cough,Common Cold
fever chills sweating headache,Malaria
fever chills nausea sweating,Malaria
fever rash joint_pain headache,Dengue
rash fever muscle_pain joint_pain,Dengue
headache nausea sensitivity_to_light,Migraine
severe_headache nausea vomiting,Migraine
frequent_urination thirst fatigue,Diabetes
increased_thirst weight_loss fatigue,Diabetes
shortness_of_breath wheezing chest_tightness,Asthma
breathing_difficulty wheezing coughing,Asthma
abdominal_pain diarrhea vomiting,Food Poisoning
stomach_cramps nausea diarrhea,Food Poisoning
chest_pain shortness_of_breath sweating,Heart Attack
chest_pain left_arm_pain dizziness,Heart Attack
fever cough breathing_difficulty,Pneumonia
cough fever chest_pain fatigue,Pneumonia
sore_throat fever swollen_lymph_nodes,Pharyngitis
throat_pain fever difficulty_swallowing,Pharyngitis
runny_nose sneezing itchy_eyes,Allergy
sneezing congestion itchy_nose,Allergy
back_pain stiffness limited_mobility,Muscle Strain
muscle_pain swelling stiffness,Muscle Strain
joint_pain swelling stiffness,Arthritis
joint_stiffness pain reduced_movement,Arthritis
weight_gain irregular_periods acne,PCOS
irregular_periods hair_growth acne,PCOS
fever night_sweats weight_loss cough,Tuberculosis
persistent_cough weight_loss fatigue,Tuberculosis
abdominal_pain bloating gas,Indigestion
stomach_discomfort nausea fullness,Indigestion
burning_chest_pain acid_reflux nausea,GERD
heartburn regurgitation chest_discomfort,GERD
dizziness headache blurred_vision,Hypertension
high_bp headache fatigue,Hypertension
fever sore_throat cough fatigue,Flu
fever cough headache sore_throat,Flu
cough runny_nose fatigue,Common Cold
fever cough cold headache runny nose,Common cold
knee pain leg swelling verivose veins,injury of knee
sneezing congestion headache,Common Cold
fever chills body_pain nausea,Malaria
fever rash headache nausea,Dengue
headache light_sensitivity nausea,Migraine
frequent_urination fatigue blurred_vision,Diabetes
shortness_of_breath chest_tightness cough,Asthma
abdominal_pain vomiting diarrhea,Food Poisoning
